InvoiceNo,StockCode,Description,Quantity,InvoiceDate,UnitPrice,CustomerID,Country
536001,21013,WHITE HANGING HEART T-LIGHT HOLDER,10,2011-02-09 00:00:00,5.93,12444,France
536001,21093,CHOCOLATE HOT WATER BOTTLE,3,2010-12-13 00:00:00,6.76,14831,United Kingdom
536002,21075,CHOCOLATE HOT WATER BOTTLE,1,2010-12-04 00:00:00,6.76,14800,United Kingdom
536003,21049,PARTY BUNTING,1,2011-01-11 00:00:00,9.18,16021,Spain
536004,21037,FAIRY CAKE FLANNEL ASSORTED COLOUR,5,2010-12-13 00:00:00,4.91,14301,Belgium
536004,21089,JUMBO BAG RED RETROSPOT,1,2011-02-08 00:00:00,11.11,18201,United Kingdom
536005,21009,FAIRY CAKE FLANNEL ASSORTED COLOUR,1,2011-03-06 00:00:00,4.91,17518,United Kingdom
536006,21099,RETROSPOT TEA SET CERAMIC 11 PC,3,2010-12-30 00:00:00,4.72,12954,Portugal
536007,21053,PARTY BUNTING,9,2011-01-15 00:00:00,9.18,12905,Belgium
536008,21076,LUNCH BAG RED RETROSPOT,5,2010-12-24 00:00:00,2.76,13086,United Kingdom
536009,21050,ASSORTED COLOUR BIRD ORNAMENT,1,2011-01-06 00:00:00,2.76,16416,United Kingdom
536010,21086,LUNCH BAG RED RETROSPOT,1,2010-12-27 00:00:00,2.76,15856,United Kingdom
536011,21061,HANGING METAL LANTERN,5,2010-12-15 00:00:00,12.57,12647,Spain
536012,21013,LOVE BUILDING BLOCK WORD,8,2010-12-04 00:00:00,10.77,14199,Switzerland
536013,21001,RETROSPOT TEA SET CERAMIC 11 PC,1,2010-12-04 00:00:00,4.72,13943,United Kingdom
536014,21058,FAIRY CAKE FLANNEL ASSORTED COLOUR,1,2010-12-23 00:00:00,4.91,15079,France
536014,21036,PINK VINTAGE PAISLEY PICNIC BAG,7,2010-12-23 00:00:00,3.14,15791,United Kingdom
536015,21001,JUMBO BAG PINK POLKADOT,1,2010-12-08 00:00:00,8.11,14781,United Kingdom
536016,21016,SET OF 3 MONOCHROME HEART MUGS,5,2011-02-13 00:00:00,3.16,16461,United Kingdom
536017,21060,HEART OF WICKER SMALL,1,2011-01-01 00:00:00,13.06,18215,United Kingdom
536018,21033,PARTY BUNTING,13,2011-01-05 00:00:00,9.18,15257,United Kingdom
536019,21082,SET OF 3 MONOCHROME HEART MUGS,1,2011-02-11 00:00:00,3.16,17399,Switzerland
536020,21005,REGENCY CAKESTAND 3 TIER,1,2011-02-01 00:00:00,14.29,16564,United Kingdom
536020,21063,JUMBO BAG PINK POLKADOT,14,2010-12-05 00:00:00,8.11,13564,France
536021,21001,FAIRY CAKE FLANNEL ASSORTED COLOUR,6,2010-12-19 00:00:00,4.91,15466,United Kingdom
536021,21023,FAIRY CAKE FLANNEL ASSORTED COLOUR,3,2011-01-11 00:00:00,4.91,13161,United Kingdom
536022,21001,LOVE BUILDING BLOCK WORD,2,2010-12-09 00:00:00,10.77,16109,Germany
536023,21072,WHITE HANGING HEART T-LIGHT HOLDER,4,2010-12-29 00:00:00,5.93,15928,United Kingdom
536023,21005,JUMBO BAG RED RETROSPOT,3,2011-01-27 00:00:00,11.11,14028,United Kingdom
536023,21085,FAIRY CAKE FLANNEL ASSORTED COLOUR,1,2010-12-01 00:00:00,4.91,14601,United Kingdom
536024,21098,STRAWBERRY CERAMIC TRINKET POT,1,2010-12-01 00:00:00,1.34,13841,United Kingdom
536025,21088,CHOCOLATE HOT WATER BOTTLE,8,2010-12-13 00:00:00,6.76,14646,Switzerland
536026,21074,FAIRY CAKE FLANNEL ASSORTED COLOUR,9,2010-12-05 00:00:00,4.91,13824,United Kingdom
536027,21043,LUNCH BAG RED RETROSPOT,12,2010-12-21 00:00:00,2.76,15740,Spain
536027,21004,SET OF 3 MONOCHROME HEART MUGS,1,2010-12-05 00:00:00,3.16,15296,United Kingdom
536028,21051,JUMBO BAG RED RETROSPOT,3,2011-03-19 00:00:00,11.11,12548,Italy
536028,21012,LOVE BUILDING BLOCK WORD,1,2010-12-03 00:00:00,10.77,13321,Belgium
536028,21047,BLUE KALMIA CERAMIC MUG,2,2010-12-12 00:00:00,3.58,12380,United Kingdom
536029,21001,CHILLI LIGHTS,8,2010-12-02 00:00:00,0.8,15989,United Kingdom
536029,21028,PINK VINTAGE PAISLEY PICNIC BAG,3,2011-02-16 00:00:00,3.14,12500,United Kingdom
536030,21003,HANGING METAL LANTERN,1,2010-12-05 00:00:00,12.57,14332,United Kingdom
536031,21028,ASSORTED COLOUR BIRD ORNAMENT,3,2010-12-09 00:00:00,2.76,13362,United Kingdom
536031,21013,STRAWBERRY CERAMIC TRINKET POT,1,2010-12-23 00:00:00,1.34,17654,United Kingdom
536032,21086,JUMBO BAG RED RETROSPOT,4,2010-12-20 00:00:00,11.11,16230,United Kingdom
536033,21052,FAIRY CAKE FLANNEL ASSORTED COLOUR,3,2010-12-15 00:00:00,4.91,12599,United Kingdom
C536034,21021,HANGING METAL LANTERN,2,2011-02-20 00:00:00,12.57,18105,United Kingdom
536034,21009,CHILLI LIGHTS,1,2011-01-19 00:00:00,0.8,17462,United Kingdom
536034,21084,HEART OF WICKER SMALL,4,2011-05-26 00:00:00,13.06,16069,United Kingdom
536035,21062,ASSORTED COLOUR BIRD ORNAMENT,12,2010-12-21 00:00:00,2.76,15093,Netherlands
536036,21026,HEART OF WICKER SMALL,2,2011-01-24 00:00:00,13.06,14646,Germany
536037,21014,WHITE HANGING HEART T-LIGHT HOLDER,4,2010-12-23 00:00:00,5.93,15580,Belgium
536037,21010,PARTY BUNTING,2,2010-12-28 00:00:00,9.18,15081,United Kingdom
536038,21073,REGENCY CAKESTAND 3 TIER,2,2011-01-19 00:00:00,14.29,14384,United Kingdom
536039,21062,ASSORTED COLOUR BIRD ORNAMENT,2,2010-12-13 00:00:00,2.76,14487,United Kingdom
536040,21040,CHILLI LIGHTS,9,2010-12-06 00:00:00,0.8,17561,Netherlands
536041,21035,HEART OF WICKER SMALL,6,2011-01-11 00:00:00,13.06,13422,France
536041,21089,BLUE KALMIA CERAMIC MUG,3,2010-12-14 00:00:00,3.58,13321,Belgium
536042,21023,HEART OF WICKER SMALL,2,2010-12-19 00:00:00,13.06,16622,United Kingdom
536043,21051,FAIRY CAKE FLANNEL ASSORTED COLOUR,7,2010-12-15 00:00:00,4.91,15162,United Kingdom
536044,21015,JUMBO BAG RED RETROSPOT,3,2010-12-13 00:00:00,11.11,16842,United Kingdom
536045,21027,STRAWBERRY CERAMIC TRINKET POT,3,2011-06-01 00:00:00,1.34,13564,Portugal
536046,21038,REGENCY CAKESTAND 3 TIER,5,2011-02-01 00:00:00,14.29,15537,France
536047,21005,HANGING METAL LANTERN,1,2010-12-16 00:00:00,12.57,18241,Sweden
536048,21036,HANGING METAL LANTERN,4,2010-12-31 00:00:00,12.57,13406,Germany
536049,21072,RETROSPOT TEA SET CERAMIC 11 PC,1,2011-02-10 00:00:00,4.72,13646,Germany
536050,21089,CHILLI LIGHTS,1,2010-12-27 00:00:00,0.8,17788,United Kingdom
536050,21037,CHILLI LIGHTS,9,2010-12-25 00:00:00,0.8,13216,United Kingdom
536051,21086,HOME BUILDING BLOCK WORD,2,2011-01-10 00:00:00,9.22,12552,Switzerland
536052,21057,LUNCH BAG RED RETROSPOT,13,2011-01-24 00:00:00,2.76,17069,United Kingdom
536053,21009,CHOCOLATE HOT WATER BOTTLE,3,2010-12-16 00:00:00,6.76,16929,United Kingdom
536053,21038,HOME BUILDING BLOCK WORD,1,2010-12-17 00:00:00,9.22,16988,United Kingdom
536054,21051,REGENCY CAKESTAND 3 TIER,8,2010-12-27 00:00:00,14.29,15743,Switzerland
536054,21063,RETROSPOT TEA SET CERAMIC 11 PC,2,2011-02-12 00:00:00,4.72,14387,Germany
536054,21049,JUMBO BAG PINK POLKADOT,4,2010-12-06 00:00:00,8.11,16759,United Kingdom
536055,21087,HEART OF WICKER SMALL,3,2010-12-28 00:00:00,13.06,14411,Switzerland
536056,21018,FAIRY CAKE FLANNEL ASSORTED COLOUR,1,2010-12-20 00:00:00,4.91,15689,Belgium
536056,21038,JUMBO BAG PINK POLKADOT,3,2010-12-18 00:00:00,8.11,15296,United Kingdom
536057,21074,HEART OF WICKER SMALL,6,2011-02-26 00:00:00,13.06,15973,United Kingdom
536058,21067,JUMBO BAG PINK POLKADOT,7,2010-12-16 00:00:00,8.11,18073,Italy
536058,21008,PINK VINTAGE PAISLEY PICNIC BAG,3,2011-02-04 00:00:00,3.14,17145,Germany
536058,21037,BLUE KALMIA CERAMIC MUG,3,2011-01-19 00:00:00,3.58,13916,Spain
536058,21085,SET OF 3 MONOCHROME HEART MUGS,1,2010-12-31 00:00:00,3.16,14837,Portugal
536058,21069,PARTY BUNTING,4,2011-01-06 00:00:00,9.18,17557,United Kingdom
536059,21038,JUMBO BAG RED RETROSPOT,3,2010-12-10 00:00:00,11.11,18076,United Kingdom
536060,21081,HEART SHAPED DOUGHNUT,1,2011-03-21 00:00:00,14.56,14061,Italy
536061,21081,BLUE KALMIA CERAMIC MUG,2,2010-12-07 00:00:00,3.58,14068,United Kingdom
536061,21004,HANGING METAL LANTERN,2,2010-12-08 00:00:00,12.57,13367,France
536061,21041,LUNCH BAG RED RETROSPOT,1,2011-02-12 00:00:00,2.76,17832,Italy
C536061,21085,ASSORTED COLOUR BIRD ORNAMENT,6,2010-12-07 00:00:00,2.76,12992,United Kingdom
536061,21010,HEART OF WICKER SMALL,1,2010-12-31 00:00:00,13.06,17857,United Kingdom
536062,21051,BLUE KALMIA CERAMIC MUG,1,2010-12-06 00:00:00,3.58,16710,Belgium
536062,21039,CHILLI LIGHTS,2,2010-12-14 00:00:00,0.8,15296,United Kingdom
536063,21036,PINK VINTAGE PAISLEY PICNIC BAG,10,2010-12-05 00:00:00,3.14,15413,Italy
536064,21098,RETROSPOT TEA SET CERAMIC 11 PC,1,2010-12-21 00:00:00,4.72,14825,Sweden
536065,21042,HOME BUILDING BLOCK WORD,2,2010-12-16 00:00:00,9.22,15852,Germany
536066,21098,JUMBO BAG PINK POLKADOT,5,2011-01-05 00:00:00,8.11,17081,United Kingdom
536066,21047,FAIRY CAKE FLANNEL ASSORTED COLOUR,1,2011-03-01 00:00:00,4.91,13374,United Kingdom
536066,21080,CHOCOLATE HOT WATER BOTTLE,4,2011-01-19 00:00:00,6.76,16860,Spain
536067,21047,HEART SHAPED DOUGHNUT,1,2011-04-11 00:00:00,14.56,14387,Belgium
536067,21014,FAIRY CAKE FLANNEL ASSORTED COLOUR,1,2010-12-26 00:00:00,4.91,16236,Germany
536067,21082,CHOCOLATE HOT WATER BOTTLE,8,2011-03-17 00:00:00,6.76,12535,United Kingdom
536068,21031,JUMBO BAG RED RETROSPOT,2,2011-01-22 00:00:00,11.11,16477,United Kingdom
536069,21055,HANGING METAL LANTERN,1,2011-01-05 00:00:00,12.57,13830,United Kingdom
536070,21033,FAIRY CAKE FLANNEL ASSORTED COLOUR,3,2011-01-02 00:00:00,4.91,15419,United Kingdom
536071,21013,JUMBO BAG RED RETROSPOT,7,2010-12-01 00:00:00,11.11,13496,France
536072,21062,STRAWBERRY CERAMIC TRINKET POT,1,2010-12-02 00:00:00,1.34,13916,Sweden
536073,21084,HEART SHAPED DOUGHNUT,13,2011-01-13 00:00:00,14.56,18103,United Kingdom
536074,21018,JUMBO BAG RED RETROSPOT,2,2010-12-11 00:00:00,11.11,16076,United Kingdom
536074,21088,WHITE HANGING HEART T-LIGHT HOLDER,8,2010-12-02 00:00:00,5.93,17090,United Kingdom
536074,21046,LUNCH BAG RED RETROSPOT,1,2010-12-17 00:00:00,2.76,17518,United Kingdom
536075,21020,REGENCY CAKESTAND 3 TIER,1,2011-04-21 00:00:00,14.29,16339,Netherlands
536076,21003,CHILLI LIGHTS,1,2010-12-08 00:00:00,0.8,15413,Germany
536077,21061,PINK VINTAGE PAISLEY PICNIC BAG,1,2010-12-22 00:00:00,3.14,13321,United Kingdom
536077,21013,JUMBO BAG PINK POLKADOT,4,2010-12-06 00:00:00,8.11,18252,United Kingdom
536077,21056,HOME BUILDING BLOCK WORD,7,2011-01-29 00:00:00,9.22,16092,Spain
536077,21079,HOME BUILDING BLOCK WORD,1,2011-01-27 00:00:00,9.22,15195,United Kingdom
536078,21005,REGENCY CAKESTAND 3 TIER,2,2010-12-14 00:00:00,14.29,13791,United Kingdom
536078,21081,LUNCH BAG RED RETROSPOT,1,2011-01-04 00:00:00,2.76,15397,Germany
536078,21091,CHOCOLATE HOT WATER BOTTLE,6,2010-12-13 00:00:00,6.76,12908,Italy
536079,21048,CHOCOLATE HOT WATER BOTTLE,7,2010-12-09 00:00:00,6.76,13564,United Kingdom
536080,21005,LOVE BUILDING BLOCK WORD,1,2011-01-06 00:00:00,10.77,18147,United Kingdom
536081,21031,LOVE BUILDING BLOCK WORD,1,2010-12-13 00:00:00,10.77,17657,United Kingdom
536081,21046,HANGING METAL LANTERN,3,2010-12-01 00:00:00,12.57,17028,Netherlands
536082,21035,HEART OF WICKER SMALL,1,2010-12-31 00:00:00,13.06,15715,United Kingdom
536082,21060,STRAWBERRY CERAMIC TRINKET POT,3,2011-03-09 00:00:00,1.34,14825,United Kingdom
536082,21064,PARTY BUNTING,1,2011-01-14 00:00:00,9.18,13931,Portugal
536083,21082,LOVE BUILDING BLOCK WORD,2,2010-12-02 00:00:00,10.77,17215,United Kingdom
536084,21007,HEART SHAPED DOUGHNUT,5,2010-12-05 00:00:00,14.56,17881,United Kingdom
536084,21026,PINK VINTAGE PAISLEY PICNIC BAG,3,2011-01-14 00:00:00,3.14,16360,United Kingdom
536084,21029,PARTY BUNTING,2,2010-12-19 00:00:00,9.18,18105,United Kingdom
536085,21067,REGENCY CAKESTAND 3 TIER,5,2010-12-08 00:00:00,14.29,16477,United Kingdom
536086,21057,PINK VINTAGE PAISLEY PICNIC BAG,2,2010-12-31 00:00:00,3.14,18229,United Kingdom
536087,21025,ASSORTED COLOUR BIRD ORNAMENT,1,2010-12-08 00:00:00,2.76,17069,United Kingdom
536088,21017,HEART SHAPED DOUGHNUT,2,2011-03-14 00:00:00,14.56,15215,United Kingdom
536088,21044,BLUE KALMIA CERAMIC MUG,3,2010-12-01 00:00:00,3.58,15080,Netherlands
536088,21017,RETROSPOT TEA SET CERAMIC 11 PC,5,2010-12-20 00:00:00,4.72,12362,United Kingdom
536089,21002,HOME BUILDING BLOCK WORD,1,2010-12-21 00:00:00,9.22,15740,Sweden
536090,21082,HANGING METAL LANTERN,1,2010-12-19 00:00:00,12.57,17279,France
536091,21008,CHILLI LIGHTS,4,2011-01-29 00:00:00,0.8,15119,United Kingdom
536092,21080,HOME BUILDING BLOCK WORD,1,2011-04-09 00:00:00,9.22,16443,Spain
536093,21002,WHITE HANGING HEART T-LIGHT HOLDER,3,2010-12-01 00:00:00,5.93,18193,United Kingdom
536094,21038,WHITE HANGING HEART T-LIGHT HOLDER,6,2010-12-14 00:00:00,5.93,15715,Netherlands
536095,21061,REGENCY CAKESTAND 3 TIER,1,2011-01-03 00:00:00,14.29,16042,United Kingdom
536096,21076,ASSORTED COLOUR BIRD ORNAMENT,3,2010-12-29 00:00:00,2.76,12920,United Kingdom
536097,21084,RETROSPOT TEA SET CERAMIC 11 PC,2,2011-01-20 00:00:00,4.72,14506,Switzerland
536098,21082,JUMBO BAG RED RETROSPOT,1,2010-12-06 00:00:00,11.11,12920,United Kingdom
536098,21045,HANGING METAL LANTERN,2,2010-12-29 00:00:00,12.57,17221,United Kingdom
536098,21037,CHOCOLATE HOT WATER BOTTLE,1,2010-12-01 00:00:00,6.76,17625,United Kingdom
536099,21054,JUMBO BAG RED RETROSPOT,1,2010-12-16 00:00:00,11.11,16687,United Kingdom
536099,21024,HEART SHAPED DOUGHNUT,1,2011-03-08 00:00:00,14.56,14032,United Kingdom
536100,21051,HEART SHAPED DOUGHNUT,5,2010-12-22 00:00:00,14.56,15093,Switzerland
536101,21042,PARTY BUNTING,7,2011-02-08 00:00:00,9.18,16021,Italy
536102,21099,JUMBO BAG RED RETROSPOT,3,2010-12-30 00:00:00,11.11,17595,United Kingdom
536103,21069,LOVE BUILDING BLOCK WORD,1,2011-03-17 00:00:00,10.77,16186,Portugal
536103,21070,PINK VINTAGE PAISLEY PICNIC BAG,3,2010-12-26 00:00:00,3.14,15807,France
536104,21076,REGENCY CAKESTAND 3 TIER,6,2010-12-01 00:00:00,14.29,12915,United Kingdom
536104,21080,PINK VINTAGE PAISLEY PICNIC BAG,1,2011-02-03 00:00:00,3.14,12908,United Kingdom
536105,21001,HOME BUILDING BLOCK WORD,2,2010-12-09 00:00:00,9.22,14903,Germany
536105,21044,CHILLI LIGHTS,4,2011-01-02 00:00:00,0.8,16461,Belgium
536106,21002,ASSORTED COLOUR BIRD ORNAMENT,1,2010-12-04 00:00:00,2.76,17362,Netherlands
536106,21069,WHITE HANGING HEART T-LIGHT HOLDER,1,2010-12-19 00:00:00,5.93,15081,United Kingdom
536106,21043,HEART SHAPED DOUGHNUT,1,2011-04-09 00:00:00,14.56,16443,Netherlands
536106,21044,STRAWBERRY CERAMIC TRINKET POT,2,2010-12-22 00:00:00,1.34,17976,United Kingdom
536107,21085,RETROSPOT TEA SET CERAMIC 11 PC,4,2010-12-07 00:00:00,4.72,17921,United Kingdom
536107,21055,ASSORTED COLOUR BIRD ORNAMENT,7,2010-12-06 00:00:00,2.76,12599,United Kingdom
536108,21076,JUMBO BAG PINK POLKADOT,1,2011-01-23 00:00:00,8.11,14277,Germany
536108,21053,PARTY BUNTING,4,2010-12-08 00:00:00,9.18,12915,United Kingdom
536109,21041,REGENCY CAKESTAND 3 TIER,23,2010-12-02 00:00:00,14.29,16687,Switzerland
536110,21004,HANGING METAL LANTERN,2,2010-12-04 00:00:00,12.57,14546,Germany
536111,21001,JUMBO BAG PINK POLKADOT,7,2010-12-12 00:00:00,8.11,16391,Italy
536111,21019,PINK VINTAGE PAISLEY PICNIC BAG,3,2010-12-29 00:00:00,3.14,15413,Germany
C536112,21011,FAIRY CAKE FLANNEL ASSORTED COLOUR,3,2010-12-18 00:00:00,4.91,14416,United Kingdom
536113,21072,LOVE BUILDING BLOCK WORD,5,2010-12-21 00:00:00,10.77,15136,Netherlands
536114,21015,HEART SHAPED DOUGHNUT,1,2010-12-23 00:00:00,14.56,16391,United Kingdom
C536115,21023,BLUE KALMIA CERAMIC MUG,4,2011-03-04 00:00:00,3.58,14162,Germany
536116,21021,PINK VINTAGE PAISLEY PICNIC BAG,1,2011-02-17 00:00:00,3.14,13326,United Kingdom
536117,21027,BLUE KALMIA CERAMIC MUG,2,2010-12-09 00:00:00,3.58,15580,United Kingdom
536118,21049,HEART OF WICKER SMALL,2,2010-12-29 00:00:00,13.06,17699,United Kingdom
536119,21031,CHILLI LIGHTS,1,2011-01-28 00:00:00,0.8,14800,Spain
536120,21054,LOVE BUILDING BLOCK WORD,8,2010-12-17 00:00:00,10.77,17100,United Kingdom
536121,21021,LOVE BUILDING BLOCK WORD,1,2010-12-01 00:00:00,10.77,16193,United Kingdom
536122,21042,HOME BUILDING BLOCK WORD,4,2010-12-06 00:00:00,9.22,14061,United Kingdom
536123,21039,LUNCH BAG RED RETROSPOT,2,2011-01-09 00:00:00,2.76,13493,United Kingdom
536124,21049,PARTY BUNTING,1,2010-12-17 00:00:00,9.18,15021,United Kingdom
536125,21071,FAIRY CAKE FLANNEL ASSORTED COLOUR,1,2010-12-12 00:00:00,4.91,18105,United Kingdom
536126,21064,BLUE KALMIA CERAMIC MUG,3,2010-12-02 00:00:00,3.58,14384,Germany
536126,21075,JUMBO BAG RED RETROSPOT,2,2010-12-18 00:00:00,11.11,15445,United Kingdom
536127,21036,CHOCOLATE HOT WATER BOTTLE,3,2010-12-13 00:00:00,6.76,14053,United Kingdom
536127,21068,JUMBO BAG RED RETROSPOT,2,2010-12-14 00:00:00,11.11,14032,United Kingdom
536128,21072,LUNCH BAG RED RETROSPOT,1,2010-12-31 00:00:00,2.76,12362,United Kingdom
536129,21081,JUMBO BAG RED RETROSPOT,1,2010-12-02 00:00:00,11.11,15782,United Kingdom
536130,21077,RETROSPOT TEA SET CERAMIC 11 PC,1,2010-12-25 00:00:00,4.72,14103,United Kingdom
536131,21012,SET OF 3 MONOCHROME HEART MUGS,2,2010-12-17 00:00:00,3.16,18241,United Kingdom
536132,21005,RETROSPOT TEA SET CERAMIC 11 PC,2,2010-12-15 00:00:00,4.72,16200,United Kingdom
536133,21033,RETROSPOT TEA SET CERAMIC 11 PC,3,2010-12-03 00:00:00,4.72,14402,France
536134,21066,RETROSPOT TEA SET CERAMIC 11 PC,4,2010-12-02 00:00:00,4.72,18215,United Kingdom
536135,21026,HOME BUILDING BLOCK WORD,3,2011-01-22 00:00:00,9.22,17028,Switzerland
536136,21012,JUMBO BAG RED RETROSPOT,5,2010-12-26 00:00:00,11.11,13161,United Kingdom
536137,21078,JUMBO BAG PINK POLKADOT,3,2011-01-03 00:00:00,8.11,14959,United Kingdom
536138,21091,RETROSPOT TEA SET CERAMIC 11 PC,6,2010-12-12 00:00:00,4.72,13326,United Kingdom
536139,21054,RETROSPOT TEA SET CERAMIC 11 PC,3,2011-02-19 00:00:00,4.72,14611,Netherlands
536140,21003,WHITE HANGING HEART T-LIGHT HOLDER,3,2011-01-13 00:00:00,5.93,15119,United Kingdom
536141,21025,HANGING METAL LANTERN,2,2010-12-03 00:00:00,12.57,12920,United Kingdom
536141,21078,HEART SHAPED DOUGHNUT,11,2010-12-17 00:00:00,14.56,13982,United Kingdom
536142,21023,ASSORTED COLOUR BIRD ORNAMENT,1,2010-12-01 00:00:00,2.76,15597,United Kingdom
536142,21050,CHOCOLATE HOT WATER BOTTLE,1,2010-12-08 00:00:00,6.76,17398,United Kingdom
536142,21028,HOME BUILDING BLOCK WORD,2,2010-12-06 00:00:00,9.22,13621,Netherlands
536143,21040,SET OF 3 MONOCHROME HEART MUGS,4,2010-12-29 00:00:00,3.16,15296,United Kingdom
536144,21063,RETROSPOT TEA SET CERAMIC 11 PC,4,2011-01-26 00:00:00,4.72,13130,United Kingdom
536145,21055,BLUE KALMIA CERAMIC MUG,1,2010-12-15 00:00:00,3.58,13694,United Kingdom
536146,21039,ASSORTED COLOUR BIRD ORNAMENT,1,2011-01-12 00:00:00,2.76,15565,United Kingdom
536147,21032,JUMBO BAG PINK POLKADOT,3,2010-12-07 00:00:00,8.11,13874,Belgium
536148,21026,CHILLI LIGHTS,2,2011-01-25 00:00:00,0.8,13694,United Kingdom
536148,21052,SET OF 3 MONOCHROME HEART MUGS,5,2010-12-20 00:00:00,3.16,12380,United Kingdom
536149,21009,LOVE BUILDING BLOCK WORD,7,2011-03-04 00:00:00,10.77,14959,United Kingdom
536150,21060,SET OF 3 MONOCHROME HEART MUGS,1,2011-01-25 00:00:00,3.16,17493,United Kingdom
536151,21017,REGENCY CAKESTAND 3 TIER,2,2010-12-18 00:00:00,14.29,17257,Germany
536151,21008,CHOCOLATE HOT WATER BOTTLE,1,2011-04-13 00:00:00,6.76,18200,United Kingdom
C536151,21005,WHITE HANGING HEART T-LIGHT HOLDER,1,2010-12-03 00:00:00,5.93,17221,United Kingdom
536152,21028,BLUE KALMIA CERAMIC MUG,15,2011-03-16 00:00:00,3.58,16407,United Kingdom
536153,21038,LUNCH BAG RED RETROSPOT,4,2011-01-13 00:00:00,2.76,16416,United Kingdom
536153,21066,FAIRY CAKE FLANNEL ASSORTED COLOUR,2,2011-01-13 00:00:00,4.91,14801,Switzerland
536154,21062,PARTY BUNTING,3,2011-01-14 00:00:00,9.18,17438,United Kingdom
536155,21053,PARTY BUNTING,2,2011-03-28 00:00:00,9.18,14903,United Kingdom
536156,21055,REGENCY CAKESTAND 3 TIER,1,2010-12-13 00:00:00,14.29,15470,United Kingdom
536156,21030,BLUE KALMIA CERAMIC MUG,2,2010-12-29 00:00:00,3.58,18224,United Kingdom
536157,21032,CHOCOLATE HOT WATER BOTTLE,7,2011-01-01 00:00:00,6.76,15803,United Kingdom
536158,21008,HOME BUILDING BLOCK WORD,3,2010-12-31 00:00:00,9.22,15419,United Kingdom
536159,21089,HEART SHAPED DOUGHNUT,1,2010-12-12 00:00:00,14.56,13362,United Kingdom
536160,21050,JUMBO BAG PINK POLKADOT,1,2011-01-04 00:00:00,8.11,16333,United Kingdom
536160,21056,HEART SHAPED DOUGHNUT,4,2010-12-24 00:00:00,14.56,17398,United Kingdom
536161,21008,STRAWBERRY CERAMIC TRINKET POT,3,2011-02-01 00:00:00,1.34,13405,United Kingdom
536162,21099,WHITE HANGING HEART T-LIGHT HOLDER,5,2011-02-02 00:00:00,5.93,13652,Germany
536163,21091,CHILLI LIGHTS,2,2011-01-10 00:00:00,0.8,17942,Italy
536163,21054,HOME BUILDING BLOCK WORD,3,2010-12-01 00:00:00,9.22,15184,United Kingdom
536164,21095,REGENCY CAKESTAND 3 TIER,5,2011-01-04 00:00:00,14.29,15405,United Kingdom
536165,21010,LUNCH BAG RED RETROSPOT,1,2010-12-15 00:00:00,2.76,17100,Belgium
536166,21074,LUNCH BAG RED RETROSPOT,4,2010-12-01 00:00:00,2.76,14731,United Kingdom
536167,21014,HANGING METAL LANTERN,1,2010-12-27 00:00:00,12.57,17885,United Kingdom
536168,21082,RETROSPOT TEA SET CERAMIC 11 PC,3,2010-12-28 00:00:00,4.72,17082,Netherlands
536169,21076,CHOCOLATE HOT WATER BOTTLE,3,2010-12-03 00:00:00,6.76,14053,United Kingdom
536170,21055,PARTY BUNTING,3,2010-12-18 00:00:00,9.18,15185,United Kingdom
536171,21057,RETROSPOT TEA SET CERAMIC 11 PC,1,2011-01-18 00:00:00,4.72,15162,United Kingdom
536172,21015,FAIRY CAKE FLANNEL ASSORTED COLOUR,4,2010-12-21 00:00:00,4.91,12908,United Kingdom
536173,21061,STRAWBERRY CERAMIC TRINKET POT,3,2010-12-27 00:00:00,1.34,12737,Germany
536174,21081,CHILLI LIGHTS,1,2011-01-23 00:00:00,0.8,13994,Netherlands
536175,21064,LOVE BUILDING BLOCK WORD,6,2010-12-08 00:00:00,10.77,13341,United Kingdom
536175,21039,LOVE BUILDING BLOCK WORD,9,2011-01-06 00:00:00,10.77,16643,United Kingdom
536176,21060,PARTY BUNTING,5,2010-12-06 00:00:00,9.18,17237,United Kingdom
536177,21086,PARTY BUNTING,1,2010-12-10 00:00:00,9.18,14624,United Kingdom
536177,21089,BLUE KALMIA CERAMIC MUG,1,2010-12-10 00:00:00,3.58,13841,United Kingdom
536178,21057,HANGING METAL LANTERN,6,2010-12-02 00:00:00,12.57,16189,Germany
536179,21075,STRAWBERRY CERAMIC TRINKET POT,1,2010-12-09 00:00:00,1.34,14506,United Kingdom
536180,21014,STRAWBERRY CERAMIC TRINKET POT,2,2011-01-22 00:00:00,1.34,17842,United Kingdom
536181,21049,JUMBO BAG PINK POLKADOT,1,2011-01-08 00:00:00,8.11,17657,United Kingdom
536182,21068,HEART SHAPED DOUGHNUT,2,2010-12-04 00:00:00,14.56,12915,Belgium
536183,21058,WHITE HANGING HEART T-LIGHT HOLDER,3,2010-12-04 00:00:00,5.93,12647,Spain
536184,21065,FAIRY CAKE FLANNEL ASSORTED COLOUR,3,2010-12-03 00:00:00,4.91,13086,Spain
536185,21051,SET OF 3 MONOCHROME HEART MUGS,1,2010-12-04 00:00:00,3.16,13321,United Kingdom
536186,21064,PINK VINTAGE PAISLEY PICNIC BAG,3,2011-01-19 00:00:00,3.14,12546,Germany
536187,21086,STRAWBERRY CERAMIC TRINKET POT,7,2010-12-24 00:00:00,1.34,16643,France
536187,21040,PINK VINTAGE PAISLEY PICNIC BAG,7,2011-01-31 00:00:00,3.14,16407,Belgium
536188,21097,REGENCY CAKESTAND 3 TIER,1,2010-12-19 00:00:00,14.29,15170,France
536189,21019,STRAWBERRY CERAMIC TRINKET POT,4,2011-01-21 00:00:00,1.34,14731,United Kingdom
536190,21085,LOVE BUILDING BLOCK WORD,1,2010-12-14 00:00:00,10.77,17938,United Kingdom
536191,21084,PINK VINTAGE PAISLEY PICNIC BAG,8,2010-12-23 00:00:00,3.14,14061,United Kingdom
536192,21040,SET OF 3 MONOCHROME HEART MUGS,6,2011-02-09 00:00:00,3.16,13199,United Kingdom
536193,21004,HEART OF WICKER SMALL,7,2011-01-01 00:00:00,13.06,15257,United Kingdom
536194,21063,HOME BUILDING BLOCK WORD,5,2010-12-22 00:00:00,9.22,14187,United Kingdom
536195,21059,HANGING METAL LANTERN,2,2011-05-25 00:00:00,12.57,12946,United Kingdom
536195,21005,JUMBO BAG RED RETROSPOT,3,2011-01-08 00:00:00,11.11,13646,Germany
536196,21044,HOME BUILDING BLOCK WORD,6,2010-12-24 00:00:00,9.22,15195,Portugal
536197,21003,HEART SHAPED DOUGHNUT,2,2010-12-14 00:00:00,14.56,15852,United Kingdom
536198,21085,SET OF 3 MONOCHROME HEART MUGS,4,2011-01-22 00:00:00,3.16,13873,Switzerland
536199,21048,CHOCOLATE HOT WATER BOTTLE,2,2011-01-11 00:00:00,6.76,12380,United Kingdom
536200,21084,HEART SHAPED DOUGHNUT,2,2011-03-27 00:00:00,14.56,16123,Germany
536201,21073,JUMBO BAG RED RETROSPOT,4,2010-12-03 00:00:00,11.11,13176,France
536202,21063,JUMBO BAG RED RETROSPOT,4,2010-12-22 00:00:00,11.11,13428,Germany
536202,21009,BLUE KALMIA CERAMIC MUG,5,2011-02-09 00:00:00,3.58,16988,United Kingdom
C536203,21059,JUMBO BAG PINK POLKADOT,4,2011-02-01 00:00:00,8.11,13485,Netherlands
536203,21019,ASSORTED COLOUR BIRD ORNAMENT,1,2010-12-15 00:00:00,2.76,16193,United Kingdom
536204,21087,FAIRY CAKE FLANNEL ASSORTED COLOUR,1,2011-01-10 00:00:00,4.91,12536,Belgium
C536204,21071,JUMBO BAG RED RETROSPOT,5,2011-01-19 00:00:00,11.11,15907,United Kingdom
536205,21036,PINK VINTAGE PAISLEY PICNIC BAG,2,2010-12-08 00:00:00,3.14,14373,United Kingdom
536205,21099,WHITE HANGING HEART T-LIGHT HOLDER,2,2010-12-11 00:00:00,5.93,13873,United Kingdom
536205,21086,HOME BUILDING BLOCK WORD,1,2011-02-08 00:00:00,9.22,12536,Portugal
536206,21035,SET OF 3 MONOCHROME HEART MUGS,1,2011-01-17 00:00:00,3.16,15406,United Kingdom
536206,21073,LUNCH BAG RED RETROSPOT,1,2010-12-08 00:00:00,2.76,14277,United Kingdom
536207,21087,FAIRY CAKE FLANNEL ASSORTED COLOUR,1,2011-03-04 00:00:00,4.91,13406,United Kingdom
536208,21052,HEART SHAPED DOUGHNUT,2,2010-12-05 00:00:00,14.56,17434,United Kingdom
536209,21055,CHOCOLATE HOT WATER BOTTLE,2,2011-01-16 00:00:00,6.76,16407,United Kingdom
536210,21034,HEART SHAPED DOUGHNUT,3,2011-01-01 00:00:00,14.56,13709,United Kingdom
536211,21017,HEART OF WICKER SMALL,4,2010-12-03 00:00:00,13.06,16687,United Kingdom
536211,21099,HEART OF WICKER SMALL,1,2010-12-20 00:00:00,13.06,16545,Switzerland
536211,21049,HANGING METAL LANTERN,2,2010-12-27 00:00:00,12.57,17081,United Kingdom
536211,21049,CHILLI LIGHTS,6,2010-12-11 00:00:00,0.8,18137,United Kingdom
536211,21088,HOME BUILDING BLOCK WORD,2,2010-12-03 00:00:00,9.22,12552,United Kingdom
536212,21011,HOME BUILDING BLOCK WORD,1,2011-01-03 00:00:00,9.22,13224,United Kingdom
536212,21061,WHITE HANGING HEART T-LIGHT HOLDER,2,2011-01-09 00:00:00,5.93,17144,United Kingdom
536213,21069,SET OF 3 MONOCHROME HEART MUGS,2,2011-01-08 00:00:00,3.16,12444,France
536213,21018,HANGING METAL LANTERN,6,2010-12-02 00:00:00,12.57,14241,United Kingdom
536213,21084,PARTY BUNTING,2,2010-12-04 00:00:00,9.18,16076,United Kingdom
536214,21066,HOME BUILDING BLOCK WORD,9,2011-01-03 00:00:00,9.22,17434,United Kingdom
536215,21028,BLUE KALMIA CERAMIC MUG,4,2011-02-12 00:00:00,3.58,17399,United Kingdom
536215,21002,REGENCY CAKESTAND 3 TIER,3,2011-01-22 00:00:00,14.29,16391,United Kingdom
536215,21085,CHILLI LIGHTS,2,2010-12-26 00:00:00,0.8,12444,United Kingdom
536216,21099,ASSORTED COLOUR BIRD ORNAMENT,6,2011-01-05 00:00:00,2.76,15406,Portugal
536216,21067,ASSORTED COLOUR BIRD ORNAMENT,5,2010-12-18 00:00:00,2.76,14373,United Kingdom
536217,21057,HOME BUILDING BLOCK WORD,2,2010-12-12 00:00:00,9.22,15803,Netherlands
536217,21037,STRAWBERRY CERAMIC TRINKET POT,3,2010-12-06 00:00:00,1.34,13512,United Kingdom
536218,21035,RETROSPOT TEA SET CERAMIC 11 PC,2,2010-12-22 00:00:00,4.72,17277,United Kingdom
536219,21034,CHILLI LIGHTS,2,2011-01-03 00:00:00,0.8,14835,Switzerland
536220,21069,ASSORTED COLOUR BIRD ORNAMENT,2,2011-01-04 00:00:00,2.76,15689,Germany
536220,21064,JUMBO BAG RED RETROSPOT,10,2010-12-15 00:00:00,11.11,18200,United Kingdom
536221,21037,ASSORTED COLOUR BIRD ORNAMENT,5,2010-12-19 00:00:00,2.76,13341,United Kingdom
536222,21077,ASSORTED COLOUR BIRD ORNAMENT,3,2011-01-22 00:00:00,2.76,13755,United Kingdom
536223,21049,HANGING METAL LANTERN,11,2011-01-14 00:00:00,12.57,13943,United Kingdom
536224,21085,CHOCOLATE HOT WATER BOTTLE,2,2011-01-22 00:00:00,6.76,12883,Spain
536225,21063,HEART SHAPED DOUGHNUT,6,2010-12-24 00:00:00,14.56,13197,United Kingdom
536225,21099,PINK VINTAGE PAISLEY PICNIC BAG,6,2010-12-07 00:00:00,3.14,13694,United Kingdom
536226,21017,CHOCOLATE HOT WATER BOTTLE,1,2010-12-16 00:00:00,6.76,13216,Spain
536227,21021,REGENCY CAKESTAND 3 TIER,4,2010-12-23 00:00:00,14.29,16461,United Kingdom
536228,21012,LUNCH BAG RED RETROSPOT,5,2010-12-10 00:00:00,2.76,12681,Switzerland
536229,21055,SET OF 3 MONOCHROME HEART MUGS,1,2011-01-12 00:00:00,3.16,15296,United Kingdom
536230,21064,WHITE HANGING HEART T-LIGHT HOLDER,3,2010-12-18 00:00:00,5.93,12848,Germany
536231,21047,CHOCOLATE HOT WATER BOTTLE,7,2010-12-19 00:00:00,6.76,17769,Netherlands
536232,21045,HANGING METAL LANTERN,2,2011-05-16 00:00:00,12.57,17885,United Kingdom
536233,21013,HEART OF WICKER SMALL,1,2011-02-03 00:00:00,13.06,12870,Italy
536234,21067,SET OF 3 MONOCHROME HEART MUGS,5,2011-02-18 00:00:00,3.16,15123,United Kingdom
536235,21030,SET OF 3 MONOCHROME HEART MUGS,6,2010-12-13 00:00:00,3.16,13391,France
536236,21030,CHOCOLATE HOT WATER BOTTLE,1,2011-05-06 00:00:00,6.76,18241,United Kingdom
536236,21005,LUNCH BAG RED RETROSPOT,5,2010-12-05 00:00:00,2.76,12838,United Kingdom
536237,21034,PARTY BUNTING,4,2010-12-04 00:00:00,9.18,14673,United Kingdom
536237,21077,ASSORTED COLOUR BIRD ORNAMENT,2,2010-12-24 00:00:00,2.76,15120,United Kingdom
536238,21034,CHOCOLATE HOT WATER BOTTLE,3,2010-12-11 00:00:00,6.76,16842,United Kingdom
536239,21034,REGENCY CAKESTAND 3 TIER,1,2010-12-16 00:00:00,14.29,13652,United Kingdom
536239,21053,BLUE KALMIA CERAMIC MUG,1,2010-12-10 00:00:00,3.58,13494,Spain
536240,21086,HANGING METAL LANTERN,3,2010-12-14 00:00:00,12.57,18037,United Kingdom
536240,21032,LOVE BUILDING BLOCK WORD,3,2010-12-30 00:00:00,10.77,18201,United Kingdom
536241,21063,BLUE KALMIA CERAMIC MUG,6,2011-01-18 00:00:00,3.58,14506,United Kingdom
536241,21082,HEART OF WICKER SMALL,1,2010-12-21 00:00:00,13.06,13224,Spain
C536242,21093,HOME BUILDING BLOCK WORD,5,2010-12-12 00:00:00,9.22,15406,Germany
536242,21006,ASSORTED COLOUR BIRD ORNAMENT,7,2010-12-27 00:00:00,2.76,13916,Spain
536242,21034,CHILLI LIGHTS,6,2010-12-05 00:00:00,0.8,16841,France
536243,21056,PINK VINTAGE PAISLEY PICNIC BAG,9,2010-12-17 00:00:00,3.14,16186,Belgium
536244,21047,WHITE HANGING HEART T-LIGHT HOLDER,8,2011-01-25 00:00:00,5.93,17523,United Kingdom
536244,21047,LUNCH BAG RED RETROSPOT,11,2011-01-12 00:00:00,2.76,17661,United Kingdom
536245,21048,RETROSPOT TEA SET CERAMIC 11 PC,5,2010-12-31 00:00:00,4.72,14673,United Kingdom
536246,21071,PINK VINTAGE PAISLEY PICNIC BAG,1,2010-12-31 00:00:00,3.14,15807,Sweden
536247,21075,PARTY BUNTING,6,2010-12-08 00:00:00,9.18,15743,United Kingdom
536248,21088,PARTY BUNTING,4,2010-12-29 00:00:00,9.18,17754,Italy
536249,21054,JUMBO BAG RED RETROSPOT,2,2011-01-01 00:00:00,11.11,15450,United Kingdom
536249,21010,CHILLI LIGHTS,2,2010-12-02 00:00:00,0.8,14883,United Kingdom
536250,21086,LOVE BUILDING BLOCK WORD,1,2010-12-15 00:00:00,10.77,18241,United Kingdom
536251,21054,JUMBO BAG RED RETROSPOT,3,2010-12-16 00:00:00,11.11,14837,United Kingdom
536251,21028,PARTY BUNTING,1,2010-12-16 00:00:00,9.18,17832,United Kingdom
536251,21094,HEART SHAPED DOUGHNUT,1,2010-12-01 00:00:00,14.56,15305,Switzerland
536252,21058,STRAWBERRY CERAMIC TRINKET POT,1,2010-12-11 00:00:00,1.34,17523,United Kingdom
536252,21051,SET OF 3 MONOCHROME HEART MUGS,3,2011-01-02 00:00:00,3.16,16988,United Kingdom
536252,21059,WHITE HANGING HEART T-LIGHT HOLDER,3,2010-12-11 00:00:00,5.93,13045,United Kingdom
536253,21087,HOME BUILDING BLOCK WORD,9,2010-12-28 00:00:00,9.22,12548,United Kingdom
536254,21050,HEART OF WICKER SMALL,9,2011-01-16 00:00:00,13.06,15093,Switzerland
536255,21057,HOME BUILDING BLOCK WORD,1,2011-01-08 00:00:00,9.22,17600,United Kingdom
536256,21095,CHOCOLATE HOT WATER BOTTLE,1,2011-01-19 00:00:00,6.76,17123,United Kingdom
536257,21057,FAIRY CAKE FLANNEL ASSORTED COLOUR,9,2010-12-13 00:00:00,4.91,15892,France
536258,21075,JUMBO BAG PINK POLKADOT,4,2011-02-19 00:00:00,8.11,16938,United Kingdom
536258,21021,ASSORTED COLOUR BIRD ORNAMENT,3,2010-12-09 00:00:00,2.76,16089,United Kingdom
536259,21003,JUMBO BAG PINK POLKADOT,3,2010-12-06 00:00:00,8.11,12920,United Kingdom
536259,21075,HEART SHAPED DOUGHNUT,7,2011-01-03 00:00:00,14.56,13150,United Kingdom
536260,21048,HEART SHAPED DOUGHNUT,10,2010-12-07 00:00:00,14.56,14245,Portugal
536261,21055,HEART SHAPED DOUGHNUT,1,2010-12-18 00:00:00,14.56,17518,Switzerland
536261,21098,ASSORTED COLOUR BIRD ORNAMENT,1,2011-01-17 00:00:00,2.76,14611,United Kingdom
536262,21094,REGENCY CAKESTAND 3 TIER,11,2010-12-15 00:00:00,14.29,14039,Netherlands
536263,21086,WHITE HANGING HEART T-LIGHT HOLDER,2,2011-01-15 00:00:00,5.93,16092,Portugal
536264,21042,LUNCH BAG RED RETROSPOT,1,2010-12-14 00:00:00,2.76,16189,United Kingdom
536265,21091,LOVE BUILDING BLOCK WORD,2,2011-01-26 00:00:00,10.77,13981,Spain
536265,21054,JUMBO BAG RED RETROSPOT,7,2010-12-01 00:00:00,11.11,16094,Portugal
536266,21067,CHOCOLATE HOT WATER BOTTLE,3,2010-12-22 00:00:00,6.76,16094,United Kingdom
536267,21017,JUMBO BAG RED RETROSPOT,1,2010-12-18 00:00:00,11.11,16982,Portugal
536268,21001,RETROSPOT TEA SET CERAMIC 11 PC,3,2010-12-17 00:00:00,4.72,15588,Portugal
536268,21005,RETROSPOT TEA SET CERAMIC 11 PC,1,2011-01-24 00:00:00,4.72,12883,United Kingdom
536268,21011,REGENCY CAKESTAND 3 TIER,4,2010-12-08 00:00:00,14.29,18037,United Kingdom
536269,21047,HEART SHAPED DOUGHNUT,5,2010-12-10 00:00:00,14.56,13628,Sweden
536270,21015,LUNCH BAG RED RETROSPOT,2,2011-01-15 00:00:00,2.76,16759,United Kingdom
536271,21028,HEART OF WICKER SMALL,1,2010-12-13 00:00:00,13.06,13209,Portugal
536272,21027,PINK VINTAGE PAISLEY PICNIC BAG,7,2010-12-19 00:00:00,3.14,18223,France
536273,21034,REGENCY CAKESTAND 3 TIER,5,2010-12-14 00:00:00,14.29,15123,United Kingdom
536274,21062,RETROSPOT TEA SET CERAMIC 11 PC,2,2010-12-02 00:00:00,4.72,14103,United Kingdom
536275,21038,ASSORTED COLOUR BIRD ORNAMENT,1,2011-03-19 00:00:00,2.76,15516,United Kingdom
536275,21036,CHOCOLATE HOT WATER BOTTLE,1,2010-12-07 00:00:00,6.76,14140,United Kingdom
536276,21051,JUMBO BAG PINK POLKADOT,7,2011-01-21 00:00:00,8.11,15702,United Kingdom
536276,21021,PARTY BUNTING,13,2011-01-12 00:00:00,9.18,17275,United Kingdom
536276,21009,LOVE BUILDING BLOCK WORD,4,2010-12-06 00:00:00,10.77,16779,United Kingdom
536276,21021,FAIRY CAKE FLANNEL ASSORTED COLOUR,3,2010-12-11 00:00:00,4.91,13977,United Kingdom
536277,21015,CHOCOLATE HOT WATER BOTTLE,2,2011-02-20 00:00:00,6.76,14395,France
536278,21057,WHITE HANGING HEART T-LIGHT HOLDER,1,2010-12-05 00:00:00,5.93,13317,Germany
536278,21003,HOME BUILDING BLOCK WORD,2,2010-12-13 00:00:00,9.22,14601,United Kingdom
536278,21067,SET OF 3 MONOCHROME HEART MUGS,3,2011-02-27 00:00:00,3.16,16643,Germany
536279,21078,PARTY BUNTING,2,2010-12-01 00:00:00,9.18,16186,United Kingdom
536280,21097,PARTY BUNTING,3,2010-12-21 00:00:00,9.18,15307,United Kingdom
536281,21064,LUNCH BAG RED RETROSPOT,4,2011-01-29 00:00:00,2.76,15673,France
536282,21068,SET OF 3 MONOCHROME HEART MUGS,1,2011-01-30 00:00:00,3.16,17414,Germany
536283,21067,CHOCOLATE HOT WATER BOTTLE,3,2010-12-03 00:00:00,6.76,14904,United Kingdom
536284,21012,JUMBO BAG PINK POLKADOT,1,2010-12-06 00:00:00,8.11,15907,United Kingdom
536284,21078,HEART SHAPED DOUGHNUT,3,2010-12-13 00:00:00,14.56,13045,United Kingdom
536285,21069,WHITE HANGING HEART T-LIGHT HOLDER,2,2010-12-18 00:00:00,5.93,16193,United Kingdom
536285,21079,STRAWBERRY CERAMIC TRINKET POT,9,2010-12-31 00:00:00,1.34,16076,United Kingdom
536285,21057,RETROSPOT TEA SET CERAMIC 11 PC,1,2010-12-10 00:00:00,4.72,13715,United Kingdom
536285,21062,LOVE BUILDING BLOCK WORD,1,2011-03-16 00:00:00,10.77,16339,United Kingdom
536286,21003,RETROSPOT TEA SET CERAMIC 11 PC,2,2010-12-13 00:00:00,4.72,18238,Switzerland
536286,21026,SET OF 3 MONOCHROME HEART MUGS,3,2010-12-24 00:00:00,3.16,12915,United Kingdom
536287,21019,PINK VINTAGE PAISLEY PICNIC BAG,10,2010-12-11 00:00:00,3.14,13300,Switzerland
536288,21073,REGENCY CAKESTAND 3 TIER,4,2010-12-15 00:00:00,14.29,17362,France
C536289,21068,HOME BUILDING BLOCK WORD,3,2010-12-09 00:00:00,9.22,12507,Germany
536290,21021,LOVE BUILDING BLOCK WORD,3,2010-12-08 00:00:00,10.77,16759,Spain
536290,21045,REGENCY CAKESTAND 3 TIER,2,2010-12-02 00:00:00,14.29,18146,Sweden
536291,21046,PARTY BUNTING,9,2010-12-08 00:00:00,9.18,12571,United Kingdom
536291,21050,SET OF 3 MONOCHROME HEART MUGS,4,2010-12-21 00:00:00,3.16,17600,United Kingdom
536291,21026,PINK VINTAGE PAISLEY PICNIC BAG,1,2010-12-18 00:00:00,3.14,12473,United Kingdom
536292,21040,CHILLI LIGHTS,4,2010-12-09 00:00:00,0.8,15079,United Kingdom
536293,21069,PINK VINTAGE PAISLEY PICNIC BAG,5,2010-12-01 00:00:00,3.14,15454,United Kingdom
536293,21075,CHILLI LIGHTS,2,2011-01-09 00:00:00,0.8,16842,United Kingdom
536294,21063,LOVE BUILDING BLOCK WORD,7,2010-12-15 00:00:00,10.77,15077,United Kingdom
536295,21008,LOVE BUILDING BLOCK WORD,3,2010-12-09 00:00:00,10.77,16042,United Kingdom
536295,21060,HOME BUILDING BLOCK WORD,1,2011-01-18 00:00:00,9.22,13241,Netherlands
536296,21058,HOME BUILDING BLOCK WORD,1,2011-01-16 00:00:00,9.22,13200,United Kingdom
536296,21018,PARTY BUNTING,3,2010-12-05 00:00:00,9.18,14053,United Kingdom
536297,21054,HANGING METAL LANTERN,2,2010-12-21 00:00:00,12.57,13055,United Kingdom
536297,21001,WHITE HANGING HEART T-LIGHT HOLDER,5,2010-12-16 00:00:00,5.93,15195,Netherlands
536298,21067,LUNCH BAG RED RETROSPOT,5,2011-02-24 00:00:00,2.76,12473,United Kingdom
536299,21027,JUMBO BAG RED RETROSPOT,5,2010-12-01 00:00:00,11.11,14624,Belgium
536300,21055,RETROSPOT TEA SET CERAMIC 11 PC,7,2011-01-22 00:00:00,4.72,14407,United Kingdom
536301,21061,LOVE BUILDING BLOCK WORD,1,2010-12-08 00:00:00,10.77,14301,United Kingdom
536302,21081,STRAWBERRY CERAMIC TRINKET POT,1,2011-01-28 00:00:00,1.34,17398,United Kingdom
536303,21046,HOME BUILDING BLOCK WORD,1,2011-01-03 00:00:00,9.22,17669,France
536304,21006,HANGING METAL LANTERN,1,2010-12-01 00:00:00,12.57,17462,United Kingdom
536305,21078,WHITE HANGING HEART T-LIGHT HOLDER,2,2010-12-17 00:00:00,5.93,15077,United Kingdom
536305,21047,REGENCY CAKESTAND 3 TIER,3,2010-12-29 00:00:00,14.29,16092,United Kingdom
536306,21097,HEART OF WICKER SMALL,13,2010-12-17 00:00:00,13.06,17414,United Kingdom
536307,21013,PINK VINTAGE PAISLEY PICNIC BAG,5,2010-12-07 00:00:00,3.14,15516,United Kingdom
536308,21061,SET OF 3 MONOCHROME HEART MUGS,9,2011-01-05 00:00:00,3.16,13176,Portugal
536309,21007,FAIRY CAKE FLANNEL ASSORTED COLOUR,1,2010-12-15 00:00:00,4.91,15039,Spain
536310,21003,WHITE HANGING HEART T-LIGHT HOLDER,1,2011-01-17 00:00:00,5.93,16839,United Kingdom
536311,21065,SET OF 3 MONOCHROME HEART MUGS,1,2011-01-08 00:00:00,3.16,16982,United Kingdom
536312,21078,HOME BUILDING BLOCK WORD,2,2010-12-13 00:00:00,9.22,12546,Netherlands
536313,21030,HOME BUILDING BLOCK WORD,7,2010-12-19 00:00:00,9.22,17414,France
536314,21057,SET OF 3 MONOCHROME HEART MUGS,1,2010-12-02 00:00:00,3.16,15021,United Kingdom
536315,21045,RETROSPOT TEA SET CERAMIC 11 PC,4,2010-12-03 00:00:00,4.72,14646,Switzerland
536316,21064,LOVE BUILDING BLOCK WORD,2,2010-12-08 00:00:00,10.77,14781,France
536317,21096,PARTY BUNTING,2,2011-01-08 00:00:00,9.18,17338,France
536317,21079,FAIRY CAKE FLANNEL ASSORTED COLOUR,2,2010-12-30 00:00:00,4.91,12608,United Kingdom
536317,21039,HOME BUILDING BLOCK WORD,3,2011-01-15 00:00:00,9.22,16021,United Kingdom
536318,21071,JUMBO BAG RED RETROSPOT,4,2010-12-30 00:00:00,11.11,15084,Netherlands
536319,21003,ASSORTED COLOUR BIRD ORNAMENT,5,2011-02-10 00:00:00,2.76,18265,Switzerland
536320,21042,LOVE BUILDING BLOCK WORD,3,2010-12-31 00:00:00,10.77,17788,United Kingdom
536321,21059,SET OF 3 MONOCHROME HEART MUGS,1,2010-12-12 00:00:00,3.16,17938,United Kingdom
536322,21002,LOVE BUILDING BLOCK WORD,3,2010-12-07 00:00:00,10.77,14189,Germany
536322,21067,JUMBO BAG PINK POLKADOT,10,2010-12-17 00:00:00,8.11,15296,Switzerland
536323,21013,WHITE HANGING HEART T-LIGHT HOLDER,3,2011-01-22 00:00:00,5.93,14189,France
536324,21023,LOVE BUILDING BLOCK WORD,4,2011-01-20 00:00:00,10.77,15607,United Kingdom
536325,21037,LUNCH BAG RED RETROSPOT,5,2010-12-05 00:00:00,2.76,16798,Belgium
536325,21048,JUMBO BAG RED RETROSPOT,6,2010-12-30 00:00:00,11.11,14914,United Kingdom
536326,21018,HEART OF WICKER SMALL,4,2010-12-18 00:00:00,13.06,13621,United Kingdom
536327,21031,ASSORTED COLOUR BIRD ORNAMENT,1,2011-06-23 00:00:00,2.76,13045,Italy
536328,21013,JUMBO BAG RED RETROSPOT,19,2010-12-09 00:00:00,11.11,17233,Germany
536328,21035,CHOCOLATE HOT WATER BOTTLE,2,2010-12-01 00:00:00,6.76,15084,Germany
536328,21058,JUMBO BAG PINK POLKADOT,4,2010-12-12 00:00:00,8.11,14028,Netherlands
536329,21019,LOVE BUILDING BLOCK WORD,2,2010-12-03 00:00:00,10.77,13493,Germany
536330,21011,CHILLI LIGHTS,3,2010-12-26 00:00:00,0.8,15041,France
536331,21050,LUNCH BAG RED RETROSPOT,4,2010-12-20 00:00:00,2.76,18201,United Kingdom
536332,21061,RETROSPOT TEA SET CERAMIC 11 PC,9,2010-12-22 00:00:00,4.72,16537,United Kingdom
536333,21087,JUMBO BAG PINK POLKADOT,1,2011-02-16 00:00:00,8.11,16144,United Kingdom
536334,21065,LOVE BUILDING BLOCK WORD,3,2011-01-11 00:00:00,10.77,12915,United Kingdom
536334,21020,JUMBO BAG PINK POLKADOT,4,2011-01-24 00:00:00,8.11,18215,United Kingdom
536335,21038,CHILLI LIGHTS,2,2010-12-19 00:00:00,0.8,12465,United Kingdom
536336,21036,HANGING METAL LANTERN,1,2010-12-26 00:00:00,12.57,15820,Switzerland
536336,21040,HEART SHAPED DOUGHNUT,2,2010-12-02 00:00:00,14.56,13841,Germany
536336,21080,RETROSPOT TEA SET CERAMIC 11 PC,1,2011-01-05 00:00:00,4.72,16628,Belgium
536337,21073,SET OF 3 MONOCHROME HEART MUGS,2,2011-01-18 00:00:00,3.16,15989,United Kingdom
536338,21079,LOVE BUILDING BLOCK WORD,4,2010-12-28 00:00:00,10.77,14140,United Kingdom
536339,21042,STRAWBERRY CERAMIC TRINKET POT,2,2010-12-16 00:00:00,1.34,14189,United Kingdom
536340,21020,REGENCY CAKESTAND 3 TIER,1,2010-12-08 00:00:00,14.29,12350,United Kingdom
536340,21040,RETROSPOT TEA SET CERAMIC 11 PC,2,2010-12-23 00:00:00,4.72,14332,United Kingdom
536340,21056,HEART OF WICKER SMALL,1,2010-12-30 00:00:00,13.06,18229,United Kingdom
536340,21026,FAIRY CAKE FLANNEL ASSORTED COLOUR,2,2010-12-11 00:00:00,4.91,15419,United Kingdom
536341,21002,ASSORTED COLOUR BIRD ORNAMENT,6,2010-12-06 00:00:00,2.76,12834,Belgium
536342,21040,BLUE KALMIA CERAMIC MUG,5,2010-12-05 00:00:00,3.58,14245,Switzerland
536343,21095,HEART SHAPED DOUGHNUT,1,2010-12-21 00:00:00,14.56,13337,Sweden
536344,21089,LOVE BUILDING BLOCK WORD,1,2010-12-14 00:00:00,10.77,16988,United Kingdom
536345,21039,HEART OF WICKER SMALL,4,2010-12-07 00:00:00,13.06,15296,Germany
536346,21080,HEART OF WICKER SMALL,2,2010-12-07 00:00:00,13.06,13121,United Kingdom
536347,21018,ASSORTED COLOUR BIRD ORNAMENT,6,2010-12-14 00:00:00,2.76,17434,United Kingdom
536347,21083,HEART OF WICKER SMALL,1,2011-03-01 00:00:00,13.06,13300,France
536348,21025,BLUE KALMIA CERAMIC MUG,4,2010-12-08 00:00:00,3.58,14053,Switzerland
536349,21003,ASSORTED COLOUR BIRD ORNAMENT,6,2010-12-06 00:00:00,2.76,17518,France
536349,21078,ASSORTED COLOUR BIRD ORNAMENT,11,2010-12-26 00:00:00,2.76,18105,Netherlands
536349,21062,HEART SHAPED DOUGHNUT,3,2011-01-25 00:00:00,14.56,17123,United Kingdom
C536350,21042,RETROSPOT TEA SET CERAMIC 11 PC,1,2010-12-10 00:00:00,4.72,15406,United Kingdom
536351,21017,FAIRY CAKE FLANNEL ASSORTED COLOUR,1,2010-12-19 00:00:00,4.91,16137,Netherlands
536351,21059,HANGING METAL LANTERN,9,2010-12-29 00:00:00,12.57,16622,Switzerland
536352,21030,SET OF 3 MONOCHROME HEART MUGS,3,2011-01-12 00:00:00,3.16,17082,United Kingdom
536353,21021,BLUE KALMIA CERAMIC MUG,6,2010-12-06 00:00:00,3.58,13916,Portugal
536353,21095,CHOCOLATE HOT WATER BOTTLE,3,2011-02-11 00:00:00,6.76,15321,United Kingdom
536353,21044,WHITE HANGING HEART T-LIGHT HOLDER,6,2011-02-18 00:00:00,5.93,15120,United Kingdom
536353,21057,HOME BUILDING BLOCK WORD,2,2010-12-19 00:00:00,9.22,17927,Netherlands
536353,21011,HEART SHAPED DOUGHNUT,2,2011-01-18 00:00:00,14.56,16094,France
536354,21023,WHITE HANGING HEART T-LIGHT HOLDER,1,2011-01-03 00:00:00,5.93,16360,United Kingdom
536355,21049,ASSORTED COLOUR BIRD ORNAMENT,1,2011-01-22 00:00:00,2.76,14411,United Kingdom
536355,21028,FAIRY CAKE FLANNEL ASSORTED COLOUR,2,2010-12-11 00:00:00,4.91,17938,Spain
536356,21068,ASSORTED COLOUR BIRD ORNAMENT,2,2010-12-29 00:00:00,2.76,14152,United Kingdom
536357,21060,PARTY BUNTING,10,2010-12-01 00:00:00,9.18,13044,United Kingdom
536358,21082,BLUE KALMIA CERAMIC MUG,1,2010-12-18 00:00:00,3.58,17595,Sweden
536359,21027,HEART SHAPED DOUGHNUT,1,2010-12-14 00:00:00,14.56,17402,France
536359,21034,HEART SHAPED DOUGHNUT,1,2010-12-13 00:00:00,14.56,15470,United Kingdom
536359,21005,RETROSPOT TEA SET CERAMIC 11 PC,5,2010-12-26 00:00:00,4.72,13337,Germany
536359,21026,FAIRY CAKE FLANNEL ASSORTED COLOUR,1,2010-12-08 00:00:00,4.91,13646,Netherlands
536360,21055,JUMBO BAG PINK POLKADOT,7,2011-02-10 00:00:00,8.11,14103,Portugal
536360,21049,REGENCY CAKESTAND 3 TIER,1,2010-12-13 00:00:00,14.29,17625,Spain
536361,21052,WHITE HANGING HEART T-LIGHT HOLDER,1,2011-01-04 00:00:00,5.93,13981,France
536362,21087,LUNCH BAG RED RETROSPOT,2,2010-12-02 00:00:00,2.76,14387,United Kingdom
536363,21010,JUMBO BAG RED RETROSPOT,3,2011-01-02 00:00:00,11.11,15234,United Kingdom
536364,21055,CHILLI LIGHTS,5,2010-12-04 00:00:00,0.8,13914,Germany
536365,21060,LUNCH BAG RED RETROSPOT,1,2010-12-28 00:00:00,2.76,17145,Portugal
536366,21063,HEART SHAPED DOUGHNUT,1,2010-12-06 00:00:00,14.56,17938,Switzerland
536367,21034,HOME BUILDING BLOCK WORD,1,2011-01-15 00:00:00,9.22,17557,United Kingdom
536367,21001,HEART SHAPED DOUGHNUT,3,2010-12-08 00:00:00,14.56,17257,Spain
536367,21080,LOVE BUILDING BLOCK WORD,6,2011-01-21 00:00:00,10.77,14079,United Kingdom
536368,21078,FAIRY CAKE FLANNEL ASSORTED COLOUR,3,2010-12-06 00:00:00,4.91,15345,United Kingdom
536369,21013,PINK VINTAGE PAISLEY PICNIC BAG,1,2010-12-26 00:00:00,3.14,13841,United Kingdom
536370,21034,ASSORTED COLOUR BIRD ORNAMENT,4,2010-12-03 00:00:00,2.76,15454,United Kingdom
536370,21004,RETROSPOT TEA SET CERAMIC 11 PC,1,2011-01-01 00:00:00,4.72,13321,Switzerland
536371,21063,HANGING METAL LANTERN,1,2010-12-09 00:00:00,12.57,15548,Netherlands
536372,21048,FAIRY CAKE FLANNEL ASSORTED COLOUR,4,2010-12-08 00:00:00,4.91,13197,United Kingdom
536372,21036,FAIRY CAKE FLANNEL ASSORTED COLOUR,7,2011-03-09 00:00:00,4.91,13337,France
536373,21059,LUNCH BAG RED RETROSPOT,1,2010-12-16 00:00:00,2.76,17657,United Kingdom
536373,21031,PARTY BUNTING,2,2010-12-06 00:00:00,9.18,15470,France
536373,21008,PINK VINTAGE PAISLEY PICNIC BAG,4,2011-03-06 00:00:00,3.14,14009,United Kingdom
536373,21069,SET OF 3 MONOCHROME HEART MUGS,2,2011-01-11 00:00:00,3.16,15152,United Kingdom
536374,21006,REGENCY CAKESTAND 3 TIER,6,2010-12-05 00:00:00,14.29,13086,United Kingdom
536375,21096,ASSORTED COLOUR BIRD ORNAMENT,1,2011-01-25 00:00:00,2.76,14277,United Kingdom
536375,21011,ASSORTED COLOUR BIRD ORNAMENT,2,2010-12-02 00:00:00,2.76,15277,Belgium
536376,21070,PARTY BUNTING,1,2010-12-08 00:00:00,9.18,13916,United Kingdom
536377,21009,SET OF 3 MONOCHROME HEART MUGS,3,2010-12-19 00:00:00,3.16,17277,Belgium
536378,21074,WHITE HANGING HEART T-LIGHT HOLDER,2,2010-12-11 00:00:00,5.93,17221,United Kingdom
536379,21098,PINK VINTAGE PAISLEY PICNIC BAG,3,2011-02-13 00:00:00,3.14,15345,Germany
536379,21041,LOVE BUILDING BLOCK WORD,7,2010-12-03 00:00:00,10.77,14801,United Kingdom
536379,21086,REGENCY CAKESTAND 3 TIER,1,2010-12-09 00:00:00,14.29,12500,United Kingdom
536380,21075,REGENCY CAKESTAND 3 TIER,8,2010-12-17 00:00:00,14.29,16628,France
C536381,21047,JUMBO BAG RED RETROSPOT,1,2010-12-27 00:00:00,11.11,16069,United Kingdom
536381,21027,HANGING METAL LANTERN,3,2010-12-01 00:00:00,12.57,13391,Germany
536382,21013,PINK VINTAGE PAISLEY PICNIC BAG,3,2010-12-07 00:00:00,3.14,17594,United Kingdom
536383,21080,FAIRY CAKE FLANNEL ASSORTED COLOUR,1,2011-01-20 00:00:00,4.91,12992,France
536383,21074,PINK VINTAGE PAISLEY PICNIC BAG,7,2010-12-03 00:00:00,3.14,13405,Portugal
536384,21077,JUMBO BAG RED RETROSPOT,2,2011-01-05 00:00:00,11.11,17083,United Kingdom
536385,21002,RETROSPOT TEA SET CERAMIC 11 PC,3,2011-01-09 00:00:00,4.72,12725,United Kingdom
536386,21034,LUNCH BAG RED RETROSPOT,6,2010-12-27 00:00:00,2.76,16779,United Kingdom
536386,21019,PARTY BUNTING,7,2011-02-06 00:00:00,9.18,14551,Portugal
536387,21020,RETROSPOT TEA SET CERAMIC 11 PC,4,2011-01-22 00:00:00,4.72,15588,Netherlands
536388,21095,PARTY BUNTING,1,2010-12-03 00:00:00,9.18,13841,United Kingdom
536389,21053,JUMBO BAG RED RETROSPOT,3,2011-01-30 00:00:00,11.11,17414,Portugal
536390,21016,REGENCY CAKESTAND 3 TIER,3,2011-01-02 00:00:00,14.29,17518,United Kingdom
536390,21071,CHILLI LIGHTS,1,2010-12-05 00:00:00,0.8,15454,United Kingdom
536390,21092,FAIRY CAKE FLANNEL ASSORTED COLOUR,7,2011-04-24 00:00:00,4.91,17239,United Kingdom
536391,21040,LOVE BUILDING BLOCK WORD,7,2010-12-04 00:00:00,10.77,13112,United Kingdom
536391,21049,HEART SHAPED DOUGHNUT,1,2011-02-05 00:00:00,14.56,13045,France
536392,21060,RETROSPOT TEA SET CERAMIC 11 PC,1,2011-01-13 00:00:00,4.72,12362,United Kingdom
536393,21022,HOME BUILDING BLOCK WORD,4,2010-12-09 00:00:00,9.22,14305,Netherlands
536393,21012,HOME BUILDING BLOCK WORD,18,2010-12-07 00:00:00,9.22,17769,United Kingdom
536394,21039,HOME BUILDING BLOCK WORD,3,2011-01-19 00:00:00,9.22,17604,Switzerland
536395,21078,PARTY BUNTING,1,2010-12-11 00:00:00,9.18,15790,United Kingdom
536396,21010,LUNCH BAG RED RETROSPOT,3,2010-12-25 00:00:00,2.76,15902,United Kingdom
536397,21070,BLUE KALMIA CERAMIC MUG,5,2011-01-29 00:00:00,3.58,13755,United Kingdom
536398,21096,BLUE KALMIA CERAMIC MUG,5,2011-05-05 00:00:00,3.58,16021,United Kingdom
536399,21016,JUMBO BAG PINK POLKADOT,3,2010-12-09 00:00:00,8.11,15650,United Kingdom
536399,21012,HEART OF WICKER SMALL,1,2010-12-18 00:00:00,13.06,15090,United Kingdom
536400,21017,BLUE KALMIA CERAMIC MUG,1,2010-12-05 00:00:00,3.58,14033,Spain
536401,21078,REGENCY CAKESTAND 3 TIER,2,2011-02-06 00:00:00,14.29,16092,United Kingdom
C536401,21087,JUMBO BAG RED RETROSPOT,2,2010-12-09 00:00:00,11.11,14032,United Kingdom
536402,21095,JUMBO BAG RED RETROSPOT,7,2010-12-25 00:00:00,11.11,17519,Belgium
536403,21075,HEART OF WICKER SMALL,1,2010-12-12 00:00:00,13.06,14010,Germany
536404,21046,CHILLI LIGHTS,3,2011-02-01 00:00:00,0.8,16897,Spain
536405,21008,PINK VINTAGE PAISLEY PICNIC BAG,2,2010-12-21 00:00:00,3.14,18265,United Kingdom
536406,21084,JUMBO BAG RED RETROSPOT,5,2011-01-02 00:00:00,11.11,17583,United Kingdom
536407,21043,PARTY BUNTING,2,2011-05-07 00:00:00,9.18,14373,United Kingdom
536407,21072,RETROSPOT TEA SET CERAMIC 11 PC,3,2011-01-17 00:00:00,4.72,14053,United Kingdom
536407,21009,SET OF 3 MONOCHROME HEART MUGS,1,2010-12-11 00:00:00,3.16,13391,Switzerland
536407,21026,CHOCOLATE HOT WATER BOTTLE,3,2010-12-24 00:00:00,6.76,14857,United Kingdom
536407,21042,REGENCY CAKESTAND 3 TIER,3,2011-01-05 00:00:00,14.29,14245,United Kingdom
536407,21061,RETROSPOT TEA SET CERAMIC 11 PC,4,2010-12-14 00:00:00,4.72,12500,Germany
536408,21046,ASSORTED COLOUR BIRD ORNAMENT,3,2010-12-14 00:00:00,2.76,16200,United Kingdom
536409,21011,RETROSPOT TEA SET CERAMIC 11 PC,4,2010-12-16 00:00:00,4.72,13493,United Kingdom
536410,21026,HANGING METAL LANTERN,1,2010-12-27 00:00:00,12.57,16938,Spain
536411,21017,WHITE HANGING HEART T-LIGHT HOLDER,3,2010-12-06 00:00:00,5.93,17832,Belgium
536411,21051,RETROSPOT TEA SET CERAMIC 11 PC,2,2010-12-04 00:00:00,4.72,13362,United Kingdom
536411,21007,RETROSPOT TEA SET CERAMIC 11 PC,2,2010-12-19 00:00:00,4.72,18021,United Kingdom
536412,21091,LOVE BUILDING BLOCK WORD,2,2010-12-28 00:00:00,10.77,15743,United Kingdom
536413,21004,REGENCY CAKESTAND 3 TIER,1,2010-12-30 00:00:00,14.29,13428,United Kingdom
536414,21036,HOME BUILDING BLOCK WORD,1,2010-12-04 00:00:00,9.22,16076,United Kingdom
536415,21099,BLUE KALMIA CERAMIC MUG,1,2010-12-06 00:00:00,3.58,18261,United Kingdom
536415,21048,PARTY BUNTING,3,2010-12-23 00:00:00,9.18,17518,United Kingdom
536416,21090,CHILLI LIGHTS,5,2011-02-13 00:00:00,0.8,15973,United Kingdom
536416,21019,HANGING METAL LANTERN,2,2010-12-28 00:00:00,12.57,13589,United Kingdom
536417,21027,LOVE BUILDING BLOCK WORD,2,2011-01-19 00:00:00,10.77,15119,United Kingdom
536418,21015,HEART SHAPED DOUGHNUT,6,2010-12-10 00:00:00,14.56,17625,United Kingdom
536419,21037,JUMBO BAG PINK POLKADOT,3,2011-02-08 00:00:00,8.11,12681,United Kingdom
536420,21093,CHILLI LIGHTS,6,2010-12-27 00:00:00,0.8,15152,United Kingdom
C536420,21016,ASSORTED COLOUR BIRD ORNAMENT,2,2010-12-18 00:00:00,2.76,15852,United Kingdom
536421,21032,CHOCOLATE HOT WATER BOTTLE,3,2010-12-26 00:00:00,6.76,14199,United Kingdom
536422,21003,LOVE BUILDING BLOCK WORD,3,2010-12-15 00:00:00,10.77,16564,United Kingdom
536422,21093,PINK VINTAGE PAISLEY PICNIC BAG,3,2010-12-15 00:00:00,3.14,15079,United Kingdom
536423,21008,RETROSPOT TEA SET CERAMIC 11 PC,2,2010-12-01 00:00:00,4.72,13494,United Kingdom
536424,21071,SET OF 3 MONOCHROME HEART MUGS,1,2010-12-09 00:00:00,3.16,13485,France
536424,21010,HOME BUILDING BLOCK WORD,7,2010-12-23 00:00:00,9.22,12848,Italy
536425,21026,FAIRY CAKE FLANNEL ASSORTED COLOUR,1,2010-12-06 00:00:00,4.91,15136,Germany
536426,21043,PARTY BUNTING,2,2011-04-16 00:00:00,9.18,12536,United Kingdom
C536426,21057,CHILLI LIGHTS,3,2010-12-03 00:00:00,0.8,18137,United Kingdom
536426,21068,PINK VINTAGE PAISLEY PICNIC BAG,2,2011-01-01 00:00:00,3.14,13621,United Kingdom
536426,21045,HEART OF WICKER SMALL,3,2011-03-10 00:00:00,13.06,13361,France
536426,21047,JUMBO BAG PINK POLKADOT,5,2011-01-03 00:00:00,8.11,14387,United Kingdom
536427,21053,JUMBO BAG PINK POLKADOT,3,2011-01-01 00:00:00,8.11,16092,Netherlands
536428,21086,HEART SHAPED DOUGHNUT,3,2010-12-30 00:00:00,14.56,15548,United Kingdom
536428,21019,HEART SHAPED DOUGHNUT,4,2010-12-17 00:00:00,14.56,15580,Belgium
536429,21080,LUNCH BAG RED RETROSPOT,4,2010-12-05 00:00:00,2.76,17083,United Kingdom
536430,21072,SET OF 3 MONOCHROME HEART MUGS,4,2011-01-13 00:00:00,3.16,13943,Spain
536430,21064,HEART OF WICKER SMALL,1,2010-12-16 00:00:00,13.06,15157,Belgium
536431,21057,HANGING METAL LANTERN,3,2010-12-26 00:00:00,12.57,18147,United Kingdom
536431,21042,HEART SHAPED DOUGHNUT,1,2011-01-10 00:00:00,14.56,14241,United Kingdom
536432,21021,ASSORTED COLOUR BIRD ORNAMENT,2,2011-01-10 00:00:00,2.76,12858,Belgium
536433,21092,HANGING METAL LANTERN,2,2010-12-12 00:00:00,12.57,17462,United Kingdom
536434,21006,JUMBO BAG PINK POLKADOT,2,2011-02-10 00:00:00,8.11,15184,France
536434,21019,HEART OF WICKER SMALL,1,2010-12-26 00:00:00,13.06,17850,France
536435,21049,HANGING METAL LANTERN,1,2010-12-31 00:00:00,12.57,14395,Spain
536436,21016,SET OF 3 MONOCHROME HEART MUGS,3,2011-01-19 00:00:00,3.16,15892,Italy
536436,21055,LOVE BUILDING BLOCK WORD,1,2010-12-10 00:00:00,10.77,12952,United Kingdom
536437,21039,ASSORTED COLOUR BIRD ORNAMENT,3,2010-12-03 00:00:00,2.76,12915,United Kingdom
536438,21095,RETROSPOT TEA SET CERAMIC 11 PC,3,2010-12-01 00:00:00,4.72,17004,United Kingdom
536438,21015,HOME BUILDING BLOCK WORD,2,2010-12-11 00:00:00,9.22,14079,United Kingdom
536438,21013,LUNCH BAG RED RETROSPOT,3,2011-01-02 00:00:00,2.76,17946,Germany
536438,21009,HOME BUILDING BLOCK WORD,7,2010-12-02 00:00:00,9.22,13209,Germany
536438,21012,LUNCH BAG RED RETROSPOT,1,2011-01-28 00:00:00,2.76,17938,Sweden
536439,21040,STRAWBERRY CERAMIC TRINKET POT,2,2010-12-16 00:00:00,1.34,14373,United Kingdom
536440,21031,BLUE KALMIA CERAMIC MUG,2,2011-02-04 00:00:00,3.58,12473,United Kingdom
536441,21092,FAIRY CAKE FLANNEL ASSORTED COLOUR,1,2011-03-11 00:00:00,4.91,18229,United Kingdom
536441,21083,JUMBO BAG RED RETROSPOT,2,2011-01-01 00:00:00,11.11,14914,France
536442,21015,PINK VINTAGE PAISLEY PICNIC BAG,8,2011-01-20 00:00:00,3.14,13816,Belgium
536443,21083,BLUE KALMIA CERAMIC MUG,1,2011-03-04 00:00:00,3.58,17338,United Kingdom
536444,21017,HEART OF WICKER SMALL,1,2010-12-28 00:00:00,13.06,13652,United Kingdom
536445,21087,LOVE BUILDING BLOCK WORD,5,2010-12-05 00:00:00,10.77,17399,United Kingdom
536446,21098,FAIRY CAKE FLANNEL ASSORTED COLOUR,4,2010-12-08 00:00:00,4.91,13943,United Kingdom
536446,21094,BLUE KALMIA CERAMIC MUG,2,2010-12-03 00:00:00,3.58,13841,United Kingdom
536447,21001,SET OF 3 MONOCHROME HEART MUGS,2,2011-01-28 00:00:00,3.16,16443,United Kingdom
536448,21007,PARTY BUNTING,3,2010-12-31 00:00:00,9.18,16735,United Kingdom
536449,21042,ASSORTED COLOUR BIRD ORNAMENT,1,2010-12-07 00:00:00,2.76,15565,Netherlands
536450,21048,PARTY BUNTING,3,2010-12-12 00:00:00,9.18,14506,France
536451,21061,RETROSPOT TEA SET CERAMIC 11 PC,9,2010-12-16 00:00:00,4.72,15322,United Kingdom
536452,21079,RETROSPOT TEA SET CERAMIC 11 PC,1,2010-12-16 00:00:00,4.72,16123,United Kingdom
536452,21047,JUMBO BAG PINK POLKADOT,3,2010-12-10 00:00:00,8.11,14958,United Kingdom
C536453,21013,HEART OF WICKER SMALL,2,2010-12-05 00:00:00,13.06,15355,Spain
536454,21071,HEART SHAPED DOUGHNUT,3,2010-12-06 00:00:00,14.56,14640,Netherlands
536455,21078,ASSORTED COLOUR BIRD ORNAMENT,1,2010-12-16 00:00:00,2.76,14028,France
536456,21016,RETROSPOT TEA SET CERAMIC 11 PC,2,2011-01-16 00:00:00,4.72,15077,Portugal
536457,21039,FAIRY CAKE FLANNEL ASSORTED COLOUR,1,2010-12-02 00:00:00,4.91,15039,United Kingdom
C536458,21051,STRAWBERRY CERAMIC TRINKET POT,6,2010-12-10 00:00:00,1.34,12920,Netherlands
536458,21086,LUNCH BAG RED RETROSPOT,6,2010-12-04 00:00:00,2.76,18224,Germany
536459,21097,ASSORTED COLOUR BIRD ORNAMENT,4,2011-02-01 00:00:00,2.76,18146,United Kingdom
536460,21055,JUMBO BAG PINK POLKADOT,1,2011-01-10 00:00:00,8.11,15973,United Kingdom
536460,21013,SET OF 3 MONOCHROME HEART MUGS,1,2011-01-11 00:00:00,3.16,14914,France
536460,21079,FAIRY CAKE FLANNEL ASSORTED COLOUR,2,2011-01-03 00:00:00,4.91,13200,Netherlands
536461,21007,REGENCY CAKESTAND 3 TIER,2,2011-04-14 00:00:00,14.29,13200,United Kingdom
536462,21021,PARTY BUNTING,15,2011-01-28 00:00:00,9.18,17754,France
C536463,21020,HEART SHAPED DOUGHNUT,10,2010-12-04 00:00:00,14.56,15351,United Kingdom
536464,21071,WHITE HANGING HEART T-LIGHT HOLDER,10,2010-12-05 00:00:00,5.93,13715,Germany
536464,21029,JUMBO BAG RED RETROSPOT,2,2010-12-18 00:00:00,11.11,14870,United Kingdom
536465,21017,WHITE HANGING HEART T-LIGHT HOLDER,10,2010-12-02 00:00:00,5.93,14959,Italy
536466,21019,PINK VINTAGE PAISLEY PICNIC BAG,5,2010-12-04 00:00:00,3.14,14103,Spain
536467,21037,JUMBO BAG PINK POLKADOT,1,2011-01-21 00:00:00,8.11,13361,United Kingdom
C536467,21080,SET OF 3 MONOCHROME HEART MUGS,1,2011-01-27 00:00:00,3.16,14328,Switzerland
536467,21053,CHILLI LIGHTS,1,2011-01-18 00:00:00,0.8,16186,Germany
536467,21096,BLUE KALMIA CERAMIC MUG,10,2011-01-12 00:00:00,3.58,14646,United Kingdom
536468,21084,FAIRY CAKE FLANNEL ASSORTED COLOUR,3,2011-01-17 00:00:00,4.91,17004,United Kingdom
536469,21023,ASSORTED COLOUR BIRD ORNAMENT,5,2010-12-08 00:00:00,2.76,15989,United Kingdom
536469,21055,HEART SHAPED DOUGHNUT,11,2011-01-09 00:00:00,14.56,15607,Netherlands
536470,21080,REGENCY CAKESTAND 3 TIER,5,2010-12-04 00:00:00,14.29,18103,Germany
536471,21041,PINK VINTAGE PAISLEY PICNIC BAG,3,2010-12-31 00:00:00,3.14,16759,United Kingdom
536472,21052,JUMBO BAG PINK POLKADOT,8,2011-01-21 00:00:00,8.11,14393,United Kingdom
536473,21060,STRAWBERRY CERAMIC TRINKET POT,6,2011-01-05 00:00:00,1.34,16839,United Kingdom
536473,21041,PINK VINTAGE PAISLEY PICNIC BAG,2,2010-12-31 00:00:00,3.14,15041,France
536474,21036,FAIRY CAKE FLANNEL ASSORTED COLOUR,1,2010-12-20 00:00:00,4.91,16339,United Kingdom
536475,21038,WHITE HANGING HEART T-LIGHT HOLDER,6,2011-01-08 00:00:00,5.93,13874,United Kingdom
536475,21002,BLUE KALMIA CERAMIC MUG,2,2010-12-03 00:00:00,3.58,18200,United Kingdom
536476,21094,HOME BUILDING BLOCK WORD,2,2010-12-04 00:00:00,9.22,14551,Spain
536476,21018,JUMBO BAG PINK POLKADOT,7,2010-12-25 00:00:00,8.11,12543,Belgium
536477,21004,JUMBO BAG PINK POLKADOT,1,2011-02-05 00:00:00,8.11,14140,United Kingdom
536478,21092,CHILLI LIGHTS,1,2010-12-12 00:00:00,0.8,17568,United Kingdom
536478,21049,RETROSPOT TEA SET CERAMIC 11 PC,3,2011-01-05 00:00:00,4.72,17739,Switzerland
536479,21076,REGENCY CAKESTAND 3 TIER,8,2010-12-25 00:00:00,14.29,18031,United Kingdom
536480,21007,CHILLI LIGHTS,5,2011-01-23 00:00:00,0.8,14870,United Kingdom
536481,21058,WHITE HANGING HEART T-LIGHT HOLDER,1,2010-12-16 00:00:00,5.93,14883,United Kingdom
536482,21043,ASSORTED COLOUR BIRD ORNAMENT,4,2010-12-07 00:00:00,2.76,12681,Switzerland
536482,21052,WHITE HANGING HEART T-LIGHT HOLDER,5,2010-12-20 00:00:00,5.93,12536,Germany
536483,21044,REGENCY CAKESTAND 3 TIER,2,2010-12-20 00:00:00,14.29,16710,Germany
536484,21040,REGENCY CAKESTAND 3 TIER,4,2010-12-22 00:00:00,14.29,12737,Spain
536484,21002,PINK VINTAGE PAISLEY PICNIC BAG,2,2010-12-15 00:00:00,3.14,15464,Spain
536484,21078,JUMBO BAG RED RETROSPOT,3,2011-01-06 00:00:00,11.11,17518,United Kingdom
536485,21012,BLUE KALMIA CERAMIC MUG,1,2011-02-07 00:00:00,3.58,18073,United Kingdom
536486,21084,CHOCOLATE HOT WATER BOTTLE,1,2010-12-25 00:00:00,6.76,17625,Portugal
536487,21069,STRAWBERRY CERAMIC TRINKET POT,6,2010-12-07 00:00:00,1.34,17480,United Kingdom
536488,21072,PINK VINTAGE PAISLEY PICNIC BAG,1,2010-12-11 00:00:00,3.14,15081,United Kingdom
536489,21014,HEART OF WICKER SMALL,8,2011-01-10 00:00:00,13.06,17938,United Kingdom
536490,21095,HOME BUILDING BLOCK WORD,6,2010-12-04 00:00:00,9.22,16901,United Kingdom
536491,21004,LOVE BUILDING BLOCK WORD,1,2010-12-15 00:00:00,10.77,12444,United Kingdom
536492,21051,HEART SHAPED DOUGHNUT,5,2010-12-27 00:00:00,14.56,17739,United Kingdom
536493,21010,HOME BUILDING BLOCK WORD,2,2010-12-10 00:00:00,9.22,17654,United Kingdom
536494,21054,PARTY BUNTING,1,2010-12-18 00:00:00,9.18,17462,United Kingdom
536495,21007,HEART SHAPED DOUGHNUT,2,2011-02-20 00:00:00,14.56,14411,United Kingdom
536495,21062,ASSORTED COLOUR BIRD ORNAMENT,1,2010-12-20 00:00:00,2.76,16710,United Kingdom
536495,21021,JUMBO BAG PINK POLKADOT,1,2010-12-12 00:00:00,8.11,16375,United Kingdom
536496,21057,STRAWBERRY CERAMIC TRINKET POT,2,2010-12-17 00:00:00,1.34,12473,United Kingdom
536497,21032,LOVE BUILDING BLOCK WORD,1,2010-12-22 00:00:00,10.77,18215,United Kingdom
536498,21031,REGENCY CAKESTAND 3 TIER,2,2010-12-17 00:00:00,14.29,14387,Germany
536498,21035,REGENCY CAKESTAND 3 TIER,1,2010-12-17 00:00:00,14.29,16407,United Kingdom
536499,21053,BLUE KALMIA CERAMIC MUG,2,2010-12-29 00:00:00,3.58,17625,United Kingdom
536499,21013,CHILLI LIGHTS,7,2010-12-25 00:00:00,0.8,12905,United Kingdom
536500,21054,CHOCOLATE HOT WATER BOTTLE,4,2010-12-11 00:00:00,6.76,13406,United Kingdom
536500,21005,REGENCY CAKESTAND 3 TIER,1,2010-12-20 00:00:00,14.29,15648,United Kingdom
536500,21076,CHOCOLATE HOT WATER BOTTLE,2,2011-01-27 00:00:00,6.76,13200,United Kingdom
536501,21007,JUMBO BAG PINK POLKADOT,2,2010-12-28 00:00:00,8.11,13830,United Kingdom
536502,21015,SET OF 3 MONOCHROME HEART MUGS,1,2011-01-11 00:00:00,3.16,15450,Germany
536503,21015,LOVE BUILDING BLOCK WORD,4,2010-12-10 00:00:00,10.77,13321,Germany
536503,21085,HEART OF WICKER SMALL,2,2010-12-11 00:00:00,13.06,15406,United Kingdom
536504,21091,HEART SHAPED DOUGHNUT,3,2010-12-02 00:00:00,14.56,16082,United Kingdom
536505,21031,SET OF 3 MONOCHROME HEART MUGS,2,2011-04-07 00:00:00,3.16,17399,United Kingdom
536505,21009,HEART SHAPED DOUGHNUT,2,2010-12-11 00:00:00,14.56,16488,United Kingdom
536506,21058,JUMBO BAG RED RETROSPOT,1,2011-02-21 00:00:00,11.11,16929,United Kingdom
536507,21051,PARTY BUNTING,3,2010-12-08 00:00:00,9.18,14959,United Kingdom
536507,21010,ASSORTED COLOUR BIRD ORNAMENT,2,2010-12-16 00:00:00,2.76,16841,United Kingdom
536508,21098,JUMBO BAG PINK POLKADOT,1,2010-12-13 00:00:00,8.11,15093,Portugal
536509,21098,JUMBO BAG PINK POLKADOT,5,2010-12-24 00:00:00,8.11,17438,United Kingdom
536510,21080,HOME BUILDING BLOCK WORD,1,2010-12-09 00:00:00,9.22,17885,Portugal
536510,21091,LOVE BUILDING BLOCK WORD,2,2011-01-02 00:00:00,10.77,12410,Italy
536511,21004,STRAWBERRY CERAMIC TRINKET POT,1,2010-12-13 00:00:00,1.34,16042,United Kingdom
536512,21095,STRAWBERRY CERAMIC TRINKET POT,1,2011-02-20 00:00:00,1.34,15464,France
536513,21090,SET OF 3 MONOCHROME HEART MUGS,2,2010-12-21 00:00:00,3.16,17362,United Kingdom
536514,21030,PINK VINTAGE PAISLEY PICNIC BAG,2,2011-02-22 00:00:00,3.14,17362,Netherlands
536515,21055,JUMBO BAG PINK POLKADOT,6,2010-12-20 00:00:00,8.11,15157,Spain
536515,21079,HEART SHAPED DOUGHNUT,1,2011-01-22 00:00:00,14.56,15601,Portugal
536516,21045,PINK VINTAGE PAISLEY PICNIC BAG,3,2011-01-24 00:00:00,3.14,16236,United Kingdom
536516,21044,PARTY BUNTING,4,2011-03-19 00:00:00,9.18,16339,United Kingdom
536516,21069,LUNCH BAG RED RETROSPOT,1,2010-12-19 00:00:00,2.76,12380,France
536517,21078,CHOCOLATE HOT WATER BOTTLE,3,2010-12-04 00:00:00,6.76,17004,Switzerland
536517,21052,HOME BUILDING BLOCK WORD,1,2010-12-01 00:00:00,9.22,13005,United Kingdom
536518,21097,CHOCOLATE HOT WATER BOTTLE,5,2010-12-01 00:00:00,6.76,17578,United Kingdom
536519,21001,PARTY BUNTING,2,2010-12-15 00:00:00,9.18,17571,United Kingdom
536520,21054,SET OF 3 MONOCHROME HEART MUGS,10,2010-12-22 00:00:00,3.16,15565,United Kingdom
536521,21097,JUMBO BAG PINK POLKADOT,2,2011-03-02 00:00:00,8.11,13321,United Kingdom
536522,21055,JUMBO BAG RED RETROSPOT,1,2010-12-06 00:00:00,11.11,16492,United Kingdom
536522,21087,SET OF 3 MONOCHROME HEART MUGS,9,2010-12-13 00:00:00,3.16,15803,Italy
536523,21059,CHOCOLATE HOT WATER BOTTLE,4,2010-12-26 00:00:00,6.76,14911,United Kingdom
536524,21069,PINK VINTAGE PAISLEY PICNIC BAG,3,2011-01-04 00:00:00,3.14,12992,United Kingdom
536525,21025,FAIRY CAKE FLANNEL ASSORTED COLOUR,7,2010-12-04 00:00:00,4.91,17126,Germany
536526,21042,HOME BUILDING BLOCK WORD,1,2010-12-04 00:00:00,9.22,14276,France
C536527,21001,FAIRY CAKE FLANNEL ASSORTED COLOUR,6,2011-01-20 00:00:00,4.91,12444,Belgium
536528,21027,PINK VINTAGE PAISLEY PICNIC BAG,1,2010-12-13 00:00:00,3.14,13500,United Kingdom
536529,21059,WHITE HANGING HEART T-LIGHT HOLDER,1,2011-01-11 00:00:00,5.93,17604,United Kingdom
536529,21039,JUMBO BAG PINK POLKADOT,6,2010-12-03 00:00:00,8.11,16839,Spain
536530,21018,HEART OF WICKER SMALL,3,2011-01-07 00:00:00,13.06,18238,United Kingdom
536530,21005,HOME BUILDING BLOCK WORD,1,2011-03-13 00:00:00,9.22,17145,United Kingdom
536531,21078,STRAWBERRY CERAMIC TRINKET POT,11,2010-12-18 00:00:00,1.34,13009,United Kingdom
536532,21089,RETROSPOT TEA SET CERAMIC 11 PC,1,2010-12-04 00:00:00,4.72,16413,United Kingdom
C536533,21012,HEART SHAPED DOUGHNUT,9,2011-01-07 00:00:00,14.56,18103,Portugal
536534,21062,PINK VINTAGE PAISLEY PICNIC BAG,3,2011-04-02 00:00:00,3.14,15852,Germany
536534,21034,ASSORTED COLOUR BIRD ORNAMENT,3,2011-04-09 00:00:00,2.76,17398,United Kingdom
536535,21086,JUMBO BAG PINK POLKADOT,2,2010-12-12 00:00:00,8.11,12737,Germany
536536,21010,SET OF 3 MONOCHROME HEART MUGS,1,2010-12-09 00:00:00,3.16,14408,Germany
C536536,21077,ASSORTED COLOUR BIRD ORNAMENT,5,2011-01-08 00:00:00,2.76,12992,United Kingdom
536537,21054,JUMBO BAG RED RETROSPOT,5,2010-12-09 00:00:00,11.11,12587,United Kingdom
C536538,21006,HEART OF WICKER SMALL,1,2011-01-11 00:00:00,13.06,13621,Spain
536539,21052,FAIRY CAKE FLANNEL ASSORTED COLOUR,4,2010-12-01 00:00:00,4.91,16407,Sweden
536539,21012,PINK VINTAGE PAISLEY PICNIC BAG,1,2011-01-29 00:00:00,3.14,18227,United Kingdom
536540,21074,HANGING METAL LANTERN,1,2011-01-02 00:00:00,12.57,14624,United Kingdom
536540,21071,HANGING METAL LANTERN,1,2010-12-10 00:00:00,12.57,13367,Netherlands
536540,21066,JUMBO BAG RED RETROSPOT,1,2010-12-08 00:00:00,11.11,17123,United Kingdom
536541,21071,RETROSPOT TEA SET CERAMIC 11 PC,2,2010-12-09 00:00:00,4.72,15493,United Kingdom
536541,21002,ASSORTED COLOUR BIRD ORNAMENT,4,2010-12-04 00:00:00,2.76,13846,United Kingdom
536542,21052,PINK VINTAGE PAISLEY PICNIC BAG,4,2011-01-23 00:00:00,3.14,15740,Spain
536542,21095,STRAWBERRY CERAMIC TRINKET POT,6,2010-12-03 00:00:00,1.34,14103,United Kingdom
536542,21035,SET OF 3 MONOCHROME HEART MUGS,21,2010-12-08 00:00:00,3.16,18140,United Kingdom
536543,21053,HANGING METAL LANTERN,2,2010-12-04 00:00:00,12.57,14904,Portugal
536543,21053,HANGING METAL LANTERN,1,2010-12-09 00:00:00,12.57,18210,United Kingdom
536543,21019,REGENCY CAKESTAND 3 TIER,11,2010-12-19 00:00:00,14.29,15702,Spain
536544,21029,CHOCOLATE HOT WATER BOTTLE,2,2010-12-19 00:00:00,6.76,16209,United Kingdom
536545,21046,CHILLI LIGHTS,4,2011-01-24 00:00:00,0.8,17402,United Kingdom
536545,21031,PINK VINTAGE PAISLEY PICNIC BAG,4,2011-01-01 00:00:00,3.14,15650,Germany
536545,21082,CHILLI LIGHTS,2,2010-12-02 00:00:00,0.8,14328,United Kingdom
536545,21031,LUNCH BAG RED RETROSPOT,6,2010-12-19 00:00:00,2.76,16595,Germany
536546,21005,FAIRY CAKE FLANNEL ASSORTED COLOUR,2,2011-02-12 00:00:00,4.91,17604,United Kingdom
536547,21005,HANGING METAL LANTERN,4,2010-12-11 00:00:00,12.57,15123,Belgium
536547,21013,WHITE HANGING HEART T-LIGHT HOLDER,1,2010-12-05 00:00:00,5.93,18261,United Kingdom
536548,21046,REGENCY CAKESTAND 3 TIER,4,2011-01-21 00:00:00,14.29,13161,United Kingdom
536549,21063,WHITE HANGING HEART T-LIGHT HOLDER,3,2010-12-07 00:00:00,5.93,17534,United Kingdom
536549,21009,HEART OF WICKER SMALL,6,2010-12-18 00:00:00,13.06,14402,United Kingdom
536549,21071,SET OF 3 MONOCHROME HEART MUGS,7,2010-12-07 00:00:00,3.16,16759,United Kingdom
536550,21097,SET OF 3 MONOCHROME HEART MUGS,3,2010-12-04 00:00:00,3.16,16407,Portugal
536551,21092,HANGING METAL LANTERN,1,2011-01-09 00:00:00,12.57,15516,Switzerland
536552,21046,LOVE BUILDING BLOCK WORD,1,2010-12-14 00:00:00,10.77,14080,United Kingdom
536553,21067,WHITE HANGING HEART T-LIGHT HOLDER,1,2010-12-22 00:00:00,5.93,14373,United Kingdom
536554,21022,REGENCY CAKESTAND 3 TIER,1,2011-01-02 00:00:00,14.29,17657,Germany
536555,21094,SET OF 3 MONOCHROME HEART MUGS,2,2010-12-01 00:00:00,3.16,16839,United Kingdom
536555,21077,CHILLI LIGHTS,1,2010-12-30 00:00:00,0.8,13994,United Kingdom
536555,21054,PARTY BUNTING,8,2010-12-05 00:00:00,9.18,17450,United Kingdom
536556,21069,CHILLI LIGHTS,6,2010-12-21 00:00:00,0.8,17319,Italy
536557,21071,JUMBO BAG PINK POLKADOT,13,2011-02-09 00:00:00,8.11,17123,Germany
536557,21002,STRAWBERRY CERAMIC TRINKET POT,7,2010-12-07 00:00:00,1.34,13994,Germany
536558,21077,PARTY BUNTING,3,2011-01-04 00:00:00,9.18,13589,United Kingdom
536559,21080,SET OF 3 MONOCHROME HEART MUGS,6,2010-12-13 00:00:00,3.16,13621,United Kingdom
536560,21053,CHOCOLATE HOT WATER BOTTLE,1,2010-12-31 00:00:00,6.76,12838,Germany
536561,21022,RETROSPOT TEA SET CERAMIC 11 PC,6,2010-12-14 00:00:00,4.72,16230,United Kingdom
536561,21017,STRAWBERRY CERAMIC TRINKET POT,1,2010-12-04 00:00:00,1.34,16186,United Kingdom
C536562,21014,BLUE KALMIA CERAMIC MUG,2,2010-12-07 00:00:00,3.58,14344,Germany
536563,21041,STRAWBERRY CERAMIC TRINKET POT,1,2011-02-04 00:00:00,1.34,15036,United Kingdom
536564,21012,SET OF 3 MONOCHROME HEART MUGS,2,2010-12-21 00:00:00,3.16,17082,Belgium
536565,21049,LOVE BUILDING BLOCK WORD,9,2011-03-02 00:00:00,10.77,15321,United Kingdom
536565,21025,HOME BUILDING BLOCK WORD,1,2010-12-01 00:00:00,9.22,16186,United Kingdom
536565,21044,PINK VINTAGE PAISLEY PICNIC BAG,2,2010-12-30 00:00:00,3.14,14068,United Kingdom
536566,21045,JUMBO BAG RED RETROSPOT,2,2010-12-28 00:00:00,11.11,13841,United Kingdom
536567,21078,SET OF 3 MONOCHROME HEART MUGS,23,2010-12-08 00:00:00,3.16,16416,United Kingdom
536568,21031,HEART OF WICKER SMALL,3,2011-01-17 00:00:00,13.06,17257,United Kingdom
536569,21003,WHITE HANGING HEART T-LIGHT HOLDER,2,2010-12-04 00:00:00,5.93,18076,United Kingdom
536569,21025,HOME BUILDING BLOCK WORD,2,2011-03-30 00:00:00,9.22,16845,United Kingdom
536570,21041,JUMBO BAG RED RETROSPOT,6,2010-12-10 00:00:00,11.11,17880,United Kingdom
536571,21044,REGENCY CAKESTAND 3 TIER,1,2010-12-11 00:00:00,14.29,14902,United Kingdom
536572,21055,REGENCY CAKESTAND 3 TIER,4,2010-12-03 00:00:00,14.29,17100,United Kingdom
536572,21066,ASSORTED COLOUR BIRD ORNAMENT,5,2010-12-28 00:00:00,2.76,14393,United Kingdom
C536572,21022,JUMBO BAG PINK POLKADOT,1,2010-12-03 00:00:00,8.11,15355,Switzerland
536572,21025,HEART OF WICKER SMALL,7,2011-03-06 00:00:00,13.06,16076,United Kingdom
536573,21027,HEART OF WICKER SMALL,4,2011-02-26 00:00:00,13.06,13045,Netherlands
536574,21083,LOVE BUILDING BLOCK WORD,5,2011-01-11 00:00:00,10.77,15120,United Kingdom
536574,21092,STRAWBERRY CERAMIC TRINKET POT,3,2010-12-08 00:00:00,1.34,16236,United Kingdom
536574,21023,LUNCH BAG RED RETROSPOT,1,2011-01-30 00:00:00,2.76,13044,United Kingdom
536574,21038,SET OF 3 MONOCHROME HEART MUGS,4,2010-12-22 00:00:00,3.16,15234,United Kingdom
536574,21072,JUMBO BAG PINK POLKADOT,2,2011-01-08 00:00:00,8.11,14327,United Kingdom
536575,21012,ASSORTED COLOUR BIRD ORNAMENT,6,2010-12-19 00:00:00,2.76,16123,France
536576,21010,SET OF 3 MONOCHROME HEART MUGS,2,2010-12-04 00:00:00,3.16,18146,United Kingdom
536577,21058,PINK VINTAGE PAISLEY PICNIC BAG,2,2011-01-27 00:00:00,3.14,14601,United Kingdom
536578,21019,LOVE BUILDING BLOCK WORD,13,2011-01-02 00:00:00,10.77,14148,United Kingdom
536578,21068,RETROSPOT TEA SET CERAMIC 11 PC,10,2011-03-11 00:00:00,4.72,16839,Germany
536579,21080,JUMBO BAG PINK POLKADOT,1,2010-12-22 00:00:00,8.11,15991,Switzerland
536580,21015,PARTY BUNTING,17,2011-01-18 00:00:00,9.18,15036,United Kingdom
536581,21002,SET OF 3 MONOCHROME HEART MUGS,7,2011-03-12 00:00:00,3.16,14959,United Kingdom
536581,21025,CHOCOLATE HOT WATER BOTTLE,2,2011-03-28 00:00:00,6.76,14911,United Kingdom
536581,21021,JUMBO BAG PINK POLKADOT,2,2011-01-14 00:00:00,8.11,16018,France
536582,21040,HEART SHAPED DOUGHNUT,2,2011-02-07 00:00:00,14.56,13317,Germany
536583,21030,STRAWBERRY CERAMIC TRINKET POT,5,2010-12-07 00:00:00,1.34,16492,Germany
536583,21033,LUNCH BAG RED RETROSPOT,1,2010-12-05 00:00:00,2.76,15445,United Kingdom
536583,21002,CHOCOLATE HOT WATER BOTTLE,10,2010-12-02 00:00:00,6.76,16042,United Kingdom
C536584,21045,REGENCY CAKESTAND 3 TIER,4,2011-01-21 00:00:00,14.29,14958,Sweden
536585,21026,ASSORTED COLOUR BIRD ORNAMENT,4,2010-12-05 00:00:00,2.76,14781,France
536586,21025,WHITE HANGING HEART T-LIGHT HOLDER,1,2011-01-31 00:00:00,5.93,18210,Italy
536586,21054,LUNCH BAG RED RETROSPOT,3,2010-12-10 00:00:00,2.76,17081,Germany
536587,21050,LUNCH BAG RED RETROSPOT,2,2011-01-12 00:00:00,2.76,16894,Belgium
536588,21096,HANGING METAL LANTERN,6,2011-01-28 00:00:00,12.57,16236,Germany
536589,21077,HEART SHAPED DOUGHNUT,1,2011-01-08 00:00:00,14.56,14801,United Kingdom
536590,21074,PARTY BUNTING,1,2010-12-10 00:00:00,9.18,13977,United Kingdom
536591,21099,STRAWBERRY CERAMIC TRINKET POT,2,2010-12-02 00:00:00,1.34,12571,United Kingdom
536591,21023,BLUE KALMIA CERAMIC MUG,3,2010-12-03 00:00:00,3.58,14611,United Kingdom
536592,21056,BLUE KALMIA CERAMIC MUG,3,2010-12-27 00:00:00,3.58,15305,United Kingdom
536593,21032,BLUE KALMIA CERAMIC MUG,1,2010-12-25 00:00:00,3.58,17921,France
536594,21068,ASSORTED COLOUR BIRD ORNAMENT,5,2010-12-20 00:00:00,2.76,12992,United Kingdom
536595,21080,CHILLI LIGHTS,2,2010-12-06 00:00:00,0.8,18200,Belgium
536596,21043,HEART OF WICKER SMALL,1,2010-12-11 00:00:00,13.06,14731,United Kingdom
536597,21009,HOME BUILDING BLOCK WORD,3,2010-12-10 00:00:00,9.22,16123,United Kingdom
536598,21070,JUMBO BAG RED RETROSPOT,3,2010-12-11 00:00:00,11.11,13589,United Kingdom
536599,21046,HANGING METAL LANTERN,6,2010-12-07 00:00:00,12.57,17075,Netherlands
536600,21058,LOVE BUILDING BLOCK WORD,1,2010-12-22 00:00:00,10.77,14902,Spain
536600,21099,RETROSPOT TEA SET CERAMIC 11 PC,3,2010-12-10 00:00:00,4.72,13209,France
536601,21063,LOVE BUILDING BLOCK WORD,3,2010-12-07 00:00:00,10.77,17568,United Kingdom
536602,21079,CHOCOLATE HOT WATER BOTTLE,1,2010-12-11 00:00:00,6.76,15195,Sweden
536603,21050,HEART SHAPED DOUGHNUT,1,2010-12-04 00:00:00,14.56,17480,United Kingdom
536603,21029,CHOCOLATE HOT WATER BOTTLE,2,2010-12-14 00:00:00,6.76,13224,Switzerland
536603,21011,JUMBO BAG PINK POLKADOT,1,2010-12-16 00:00:00,8.11,15215,United Kingdom
536604,21021,STRAWBERRY CERAMIC TRINKET POT,1,2010-12-07 00:00:00,1.34,18215,France
536605,21050,SET OF 3 MONOCHROME HEART MUGS,6,2010-12-06 00:00:00,3.16,15902,Belgium
536606,21021,BLUE KALMIA CERAMIC MUG,2,2010-12-07 00:00:00,3.58,12410,United Kingdom
536606,21006,CHOCOLATE HOT WATER BOTTLE,1,2010-12-14 00:00:00,6.76,14032,Germany
536607,21029,PARTY BUNTING,3,2010-12-13 00:00:00,9.18,14408,United Kingdom
536607,21088,BLUE KALMIA CERAMIC MUG,1,2011-01-18 00:00:00,3.58,17796,Portugal
536607,21079,LUNCH BAG RED RETROSPOT,1,2010-12-07 00:00:00,2.76,13530,Spain
536608,21071,WHITE HANGING HEART T-LIGHT HOLDER,8,2010-12-03 00:00:00,5.93,17625,United Kingdom
536609,21082,LOVE BUILDING BLOCK WORD,1,2011-02-27 00:00:00,10.77,18073,United Kingdom
536610,21091,HEART OF WICKER SMALL,3,2010-12-04 00:00:00,13.06,15257,United Kingdom
536611,21057,REGENCY CAKESTAND 3 TIER,1,2010-12-14 00:00:00,14.29,15162,United Kingdom
536612,21004,STRAWBERRY CERAMIC TRINKET POT,2,2010-12-04 00:00:00,1.34,12535,United Kingdom
536612,21020,STRAWBERRY CERAMIC TRINKET POT,3,2010-12-01 00:00:00,1.34,15152,United Kingdom
536612,21034,HEART OF WICKER SMALL,7,2011-02-06 00:00:00,13.06,13512,United Kingdom
536613,21025,SET OF 3 MONOCHROME HEART MUGS,2,2010-12-06 00:00:00,3.16,12683,United Kingdom
536614,21074,CHOCOLATE HOT WATER BOTTLE,7,2010-12-11 00:00:00,6.76,13830,United Kingdom
536615,21022,PINK VINTAGE PAISLEY PICNIC BAG,15,2011-02-03 00:00:00,3.14,17398,United Kingdom
536615,21040,CHILLI LIGHTS,7,2010-12-02 00:00:00,0.8,16834,Belgium
536616,21098,REGENCY CAKESTAND 3 TIER,8,2010-12-03 00:00:00,14.29,13317,Portugal
536617,21019,WHITE HANGING HEART T-LIGHT HOLDER,6,2010-12-07 00:00:00,5.93,16735,United Kingdom
536618,21042,HEART OF WICKER SMALL,1,2010-12-04 00:00:00,13.06,17069,United Kingdom
536619,21025,JUMBO BAG RED RETROSPOT,11,2011-01-07 00:00:00,11.11,16193,Spain
536619,21008,BLUE KALMIA CERAMIC MUG,4,2010-12-12 00:00:00,3.58,18137,United Kingdom
536619,21040,BLUE KALMIA CERAMIC MUG,2,2010-12-18 00:00:00,3.58,13841,United Kingdom
536620,21009,WHITE HANGING HEART T-LIGHT HOLDER,3,2011-01-03 00:00:00,5.93,18140,United Kingdom
536621,21013,HANGING METAL LANTERN,3,2011-01-01 00:00:00,12.57,16537,Portugal
536622,21012,HEART OF WICKER SMALL,1,2011-03-01 00:00:00,13.06,16988,United Kingdom
536623,21078,CHILLI LIGHTS,2,2010-12-10 00:00:00,0.8,13044,United Kingdom
536624,21052,PARTY BUNTING,7,2011-01-02 00:00:00,9.18,15521,United Kingdom
536625,21056,PARTY BUNTING,6,2011-01-30 00:00:00,9.18,12608,Spain
536626,21062,STRAWBERRY CERAMIC TRINKET POT,3,2010-12-02 00:00:00,1.34,13150,France
536627,21089,HOME BUILDING BLOCK WORD,8,2010-12-12 00:00:00,9.22,16407,Germany
536628,21015,HANGING METAL LANTERN,3,2010-12-09 00:00:00,12.57,16375,United Kingdom
536628,21096,RETROSPOT TEA SET CERAMIC 11 PC,8,2010-12-29 00:00:00,4.72,16894,United Kingdom
536629,21054,HANGING METAL LANTERN,4,2010-12-27 00:00:00,12.57,14241,United Kingdom
536630,21067,CHOCOLATE HOT WATER BOTTLE,1,2010-12-19 00:00:00,6.76,17699,United Kingdom
536631,21033,JUMBO BAG PINK POLKADOT,2,2011-01-01 00:00:00,8.11,14199,United Kingdom
536632,21064,SET OF 3 MONOCHROME HEART MUGS,3,2011-01-26 00:00:00,3.16,13391,Germany
536633,21038,SET OF 3 MONOCHROME HEART MUGS,1,2011-02-04 00:00:00,3.16,15597,United Kingdom
536634,21039,HEART SHAPED DOUGHNUT,1,2010-12-07 00:00:00,14.56,16209,Sweden
536635,21043,STRAWBERRY CERAMIC TRINKET POT,5,2010-12-22 00:00:00,1.34,16200,Italy
536635,21090,LUNCH BAG RED RETROSPOT,9,2011-01-13 00:00:00,2.76,18105,United Kingdom
536635,21023,HEART SHAPED DOUGHNUT,1,2010-12-29 00:00:00,14.56,14028,United Kingdom
536635,21020,SET OF 3 MONOCHROME HEART MUGS,4,2011-01-07 00:00:00,3.16,17518,Portugal
536635,21054,JUMBO BAG PINK POLKADOT,23,2010-12-30 00:00:00,8.11,15419,United Kingdom
536636,21089,FAIRY CAKE FLANNEL ASSORTED COLOUR,1,2010-12-21 00:00:00,4.91,17769,Germany
536637,21059,REGENCY CAKESTAND 3 TIER,13,2011-01-05 00:00:00,14.29,13715,Belgium
536637,21063,HANGING METAL LANTERN,3,2010-12-03 00:00:00,12.57,15740,United Kingdom
536638,21017,ASSORTED COLOUR BIRD ORNAMENT,5,2010-12-24 00:00:00,2.76,17123,United Kingdom
536638,21083,HEART OF WICKER SMALL,3,2010-12-20 00:00:00,13.06,16929,Germany
536639,21049,SET OF 3 MONOCHROME HEART MUGS,10,2010-12-15 00:00:00,3.16,16779,Germany
536639,21037,STRAWBERRY CERAMIC TRINKET POT,2,2010-12-08 00:00:00,1.34,12969,United Kingdom
536640,21097,STRAWBERRY CERAMIC TRINKET POT,1,2011-01-15 00:00:00,1.34,13161,United Kingdom
536641,21057,HOME BUILDING BLOCK WORD,1,2011-01-19 00:00:00,9.22,12506,United Kingdom
536641,21093,SET OF 3 MONOCHROME HEART MUGS,7,2010-12-01 00:00:00,3.16,15907,United Kingdom
536641,21068,REGENCY CAKESTAND 3 TIER,1,2010-12-24 00:00:00,14.29,17519,United Kingdom
536641,21019,STRAWBERRY CERAMIC TRINKET POT,1,2011-06-15 00:00:00,1.34,15856,United Kingdom
536641,21061,LUNCH BAG RED RETROSPOT,3,2011-02-08 00:00:00,2.76,13494,Netherlands
536641,21068,ASSORTED COLOUR BIRD ORNAMENT,3,2010-12-02 00:00:00,2.76,16839,Belgium
536641,21097,LUNCH BAG RED RETROSPOT,2,2010-12-22 00:00:00,2.76,16537,United Kingdom
536642,21084,JUMBO BAG PINK POLKADOT,5,2011-01-11 00:00:00,8.11,14024,United Kingdom
536642,21093,HOME BUILDING BLOCK WORD,4,2010-12-14 00:00:00,9.22,12548,Belgium
536642,21005,FAIRY CAKE FLANNEL ASSORTED COLOUR,2,2010-12-07 00:00:00,4.91,16710,United Kingdom
536642,21039,HANGING METAL LANTERN,4,2010-12-13 00:00:00,12.57,14152,United Kingdom
536642,21084,PARTY BUNTING,4,2011-03-21 00:00:00,9.18,15307,United Kingdom
536643,21074,JUMBO BAG RED RETROSPOT,7,2011-02-24 00:00:00,11.11,15080,Spain
536644,21078,HANGING METAL LANTERN,1,2010-12-07 00:00:00,12.57,17144,Switzerland
536645,21028,FAIRY CAKE FLANNEL ASSORTED COLOUR,5,2010-12-10 00:00:00,4.91,15989,France
536646,21075,HEART OF WICKER SMALL,3,2010-12-28 00:00:00,13.06,14277,United Kingdom
536647,21043,LOVE BUILDING BLOCK WORD,1,2010-12-24 00:00:00,10.77,18105,Germany
536647,21088,HANGING METAL LANTERN,1,2011-01-03 00:00:00,12.57,16094,United Kingdom
536648,21099,HEART OF WICKER SMALL,4,2010-12-04 00:00:00,13.06,18140,Switzerland
536649,21039,PARTY BUNTING,2,2010-12-03 00:00:00,9.18,12362,United Kingdom
536650,21073,WHITE HANGING HEART T-LIGHT HOLDER,8,2011-02-27 00:00:00,5.93,15450,United Kingdom
536651,21067,REGENCY CAKESTAND 3 TIER,5,2011-01-17 00:00:00,14.29,13161,United Kingdom
536651,21050,HANGING METAL LANTERN,7,2011-02-06 00:00:00,12.57,12543,United Kingdom
536652,21098,JUMBO BAG PINK POLKADOT,2,2010-12-06 00:00:00,8.11,15006,United Kingdom
536653,21083,LOVE BUILDING BLOCK WORD,4,2010-12-25 00:00:00,10.77,12647,United Kingdom
536654,21030,PARTY BUNTING,2,2011-01-10 00:00:00,9.18,18210,France
536654,21077,PARTY BUNTING,1,2010-12-02 00:00:00,9.18,12506,United Kingdom
536655,21051,REGENCY CAKESTAND 3 TIER,3,2011-01-01 00:00:00,14.29,15928,United Kingdom
536655,21043,FAIRY CAKE FLANNEL ASSORTED COLOUR,1,2010-12-14 00:00:00,4.91,17832,United Kingdom
536655,21032,LOVE BUILDING BLOCK WORD,1,2011-01-03 00:00:00,10.77,14384,United Kingdom
536656,21052,LOVE BUILDING BLOCK WORD,2,2010-12-26 00:00:00,10.77,15170,United Kingdom
536656,21040,BLUE KALMIA CERAMIC MUG,6,2011-02-18 00:00:00,3.58,14709,United Kingdom
536657,21083,JUMBO BAG PINK POLKADOT,6,2011-01-28 00:00:00,8.11,14061,United Kingdom
536658,21083,SET OF 3 MONOCHROME HEART MUGS,2,2011-01-14 00:00:00,3.16,15989,United Kingdom
536659,21020,HEART OF WICKER SMALL,1,2011-03-08 00:00:00,13.06,15075,Netherlands
536659,21088,PARTY BUNTING,4,2011-01-07 00:00:00,9.18,18147,Germany
536660,21010,CHOCOLATE HOT WATER BOTTLE,5,2010-12-31 00:00:00,6.76,16360,United Kingdom
536661,21022,PINK VINTAGE PAISLEY PICNIC BAG,15,2010-12-16 00:00:00,3.14,15445,United Kingdom
536662,21063,HEART SHAPED DOUGHNUT,2,2011-01-24 00:00:00,14.56,13715,Germany
536663,21041,WHITE HANGING HEART T-LIGHT HOLDER,1,2010-12-06 00:00:00,5.93,17557,United Kingdom
536664,21048,PARTY BUNTING,1,2011-02-02 00:00:00,9.18,16416,United Kingdom
536665,21042,SET OF 3 MONOCHROME HEART MUGS,1,2010-12-17 00:00:00,3.16,15601,France
536665,21065,LOVE BUILDING BLOCK WORD,1,2010-12-14 00:00:00,10.77,15406,Belgium
536666,21048,RETROSPOT TEA SET CERAMIC 11 PC,7,2011-02-22 00:00:00,4.72,14053,France
536667,21080,LOVE BUILDING BLOCK WORD,2,2010-12-16 00:00:00,10.77,17880,France
536667,21014,SET OF 3 MONOCHROME HEART MUGS,1,2010-12-05 00:00:00,3.16,13709,Portugal
536667,21073,JUMBO BAG RED RETROSPOT,3,2011-01-16 00:00:00,11.11,13391,Italy
C536668,21020,JUMBO BAG PINK POLKADOT,5,2010-12-02 00:00:00,8.11,17661,Netherlands
536669,21009,WHITE HANGING HEART T-LIGHT HOLDER,1,2011-02-19 00:00:00,5.93,17493,United Kingdom
536670,21002,REGENCY CAKESTAND 3 TIER,12,2011-03-12 00:00:00,14.29,18215,Germany
536670,21015,HEART SHAPED DOUGHNUT,10,2010-12-11 00:00:00,14.56,13121,United Kingdom
536671,21011,BLUE KALMIA CERAMIC MUG,2,2010-12-15 00:00:00,3.58,15080,Germany
536671,21073,JUMBO BAG PINK POLKADOT,1,2010-12-04 00:00:00,8.11,16137,United Kingdom
536672,21017,PARTY BUNTING,3,2010-12-16 00:00:00,9.18,14344,United Kingdom
536673,21071,CHILLI LIGHTS,4,2011-04-25 00:00:00,0.8,16443,Germany
536673,21047,CHOCOLATE HOT WATER BOTTLE,6,2010-12-08 00:00:00,6.76,18146,Spain
536674,21031,SET OF 3 MONOCHROME HEART MUGS,1,2010-12-10 00:00:00,3.16,14911,France
536675,21054,HEART OF WICKER SMALL,2,2010-12-20 00:00:00,13.06,13200,Italy
536676,21010,HOME BUILDING BLOCK WORD,1,2010-12-03 00:00:00,9.22,17699,United Kingdom
536676,21041,HEART SHAPED DOUGHNUT,2,2010-12-05 00:00:00,14.56,15307,United Kingdom
536677,21042,PINK VINTAGE PAISLEY PICNIC BAG,5,2010-12-20 00:00:00,3.14,15215,United Kingdom
536678,21086,CHOCOLATE HOT WATER BOTTLE,6,2010-12-30 00:00:00,6.76,15743,United Kingdom
536678,21096,CHOCOLATE HOT WATER BOTTLE,2,2011-02-09 00:00:00,6.76,18037,United Kingdom
536678,21044,PINK VINTAGE PAISLEY PICNIC BAG,2,2011-01-12 00:00:00,3.14,17081,United Kingdom
536679,21068,HEART SHAPED DOUGHNUT,7,2010-12-06 00:00:00,14.56,18021,Portugal
536680,21077,PARTY BUNTING,4,2011-01-05 00:00:00,9.18,17557,Germany
536681,21066,CHOCOLATE HOT WATER BOTTLE,2,2010-12-02 00:00:00,6.76,17657,United Kingdom
536682,21096,HOME BUILDING BLOCK WORD,7,2011-01-03 00:00:00,9.22,17754,Netherlands
536682,21081,HANGING METAL LANTERN,4,2011-03-19 00:00:00,12.57,17876,United Kingdom
536683,21049,HEART SHAPED DOUGHNUT,7,2010-12-31 00:00:00,14.56,12599,United Kingdom
536684,21082,CHOCOLATE HOT WATER BOTTLE,2,2011-03-15 00:00:00,6.76,15892,United Kingdom
536684,21046,WHITE HANGING HEART T-LIGHT HOLDER,6,2010-12-17 00:00:00,5.93,16413,Netherlands
536685,21054,HEART SHAPED DOUGHNUT,2,2011-01-11 00:00:00,14.56,13427,United Kingdom
536685,21057,RETROSPOT TEA SET CERAMIC 11 PC,4,2010-12-14 00:00:00,4.72,15673,France
536686,21015,HEART OF WICKER SMALL,1,2010-12-01 00:00:00,13.06,16144,France
536687,21010,BLUE KALMIA CERAMIC MUG,7,2010-12-16 00:00:00,3.58,18085,United Kingdom
536688,21093,CHILLI LIGHTS,6,2011-01-13 00:00:00,0.8,12909,France
536689,21026,RETROSPOT TEA SET CERAMIC 11 PC,1,2010-12-01 00:00:00,4.72,12909,Germany
536689,21052,SET OF 3 MONOCHROME HEART MUGS,1,2010-12-03 00:00:00,3.16,16413,Belgium
536689,21079,JUMBO BAG PINK POLKADOT,10,2011-01-17 00:00:00,8.11,16186,France
536689,21020,WHITE HANGING HEART T-LIGHT HOLDER,1,2010-12-01 00:00:00,5.93,15136,France
536690,21063,HEART SHAPED DOUGHNUT,8,2011-05-22 00:00:00,14.56,12883,Germany
536691,21089,CHILLI LIGHTS,4,2010-12-05 00:00:00,0.8,12444,United Kingdom
536692,21005,BLUE KALMIA CERAMIC MUG,1,2010-12-21 00:00:00,3.58,15247,United Kingdom
536693,21014,HOME BUILDING BLOCK WORD,3,2010-12-04 00:00:00,9.22,17414,United Kingdom
536694,21093,SET OF 3 MONOCHROME HEART MUGS,1,2010-12-11 00:00:00,3.16,17788,United Kingdom
536694,21087,CHOCOLATE HOT WATER BOTTLE,2,2010-12-09 00:00:00,6.76,18201,United Kingdom
536695,21068,PARTY BUNTING,11,2010-12-08 00:00:00,9.18,15195,United Kingdom
536696,21079,FAIRY CAKE FLANNEL ASSORTED COLOUR,3,2010-12-01 00:00:00,4.91,15322,Italy
536697,21041,HANGING METAL LANTERN,4,2010-12-29 00:00:00,12.57,15856,United Kingdom
536698,21093,WHITE HANGING HEART T-LIGHT HOLDER,1,2010-12-14 00:00:00,5.93,14373,United Kingdom
536698,21054,HEART OF WICKER SMALL,2,2011-06-09 00:00:00,13.06,16901,Germany
536698,21030,HOME BUILDING BLOCK WORD,1,2011-02-02 00:00:00,9.22,14902,United Kingdom
536698,21009,PINK VINTAGE PAISLEY PICNIC BAG,1,2011-01-16 00:00:00,3.14,14408,United Kingdom
536698,21058,HANGING METAL LANTERN,1,2010-12-23 00:00:00,12.57,17557,Switzerland
536698,21090,FAIRY CAKE FLANNEL ASSORTED COLOUR,2,2010-12-06 00:00:00,4.91,16089,United Kingdom
536699,21009,LOVE BUILDING BLOCK WORD,8,2010-12-07 00:00:00,10.77,13824,United Kingdom
536699,21035,WHITE HANGING HEART T-LIGHT HOLDER,2,2010-12-26 00:00:00,5.93,18085,United Kingdom
536700,21028,HANGING METAL LANTERN,1,2010-12-11 00:00:00,12.57,13916,United Kingdom
536701,21073,PINK VINTAGE PAISLEY PICNIC BAG,6,2010-12-22 00:00:00,3.14,13405,Italy
536702,21053,JUMBO BAG PINK POLKADOT,3,2011-01-06 00:00:00,8.11,15355,United Kingdom
536703,21083,HANGING METAL LANTERN,6,2010-12-13 00:00:00,12.57,16842,Netherlands
536703,21017,BLUE KALMIA CERAMIC MUG,5,2010-12-08 00:00:00,3.58,13982,United Kingdom
536704,21089,PARTY BUNTING,1,2011-02-15 00:00:00,9.18,14033,France
536705,21003,JUMBO BAG RED RETROSPOT,1,2011-01-12 00:00:00,11.11,16839,Germany
536706,21047,CHOCOLATE HOT WATER BOTTLE,2,2010-12-10 00:00:00,6.76,15792,United Kingdom
536706,21071,FAIRY CAKE FLANNEL ASSORTED COLOUR,9,2010-12-07 00:00:00,4.91,14384,Netherlands
536707,21038,REGENCY CAKESTAND 3 TIER,1,2010-12-10 00:00:00,14.29,17083,Spain
536708,21079,LUNCH BAG RED RETROSPOT,4,2011-02-22 00:00:00,2.76,13646,Germany
536708,21043,HOME BUILDING BLOCK WORD,3,2010-12-26 00:00:00,9.22,17279,Switzerland
536708,21055,HOME BUILDING BLOCK WORD,7,2010-12-14 00:00:00,9.22,16209,United Kingdom
536708,21024,REGENCY CAKESTAND 3 TIER,6,2011-02-09 00:00:00,14.29,17976,United Kingdom
536708,21029,STRAWBERRY CERAMIC TRINKET POT,6,2010-12-06 00:00:00,1.34,15185,Portugal
536709,21036,BLUE KALMIA CERAMIC MUG,8,2010-12-12 00:00:00,3.58,12608,United Kingdom
536710,21070,HANGING METAL LANTERN,5,2010-12-12 00:00:00,12.57,12492,United Kingdom
536710,21047,LUNCH BAG RED RETROSPOT,1,2010-12-15 00:00:00,2.76,13621,United Kingdom
536711,21081,REGENCY CAKESTAND 3 TIER,1,2010-12-01 00:00:00,14.29,16416,United Kingdom
536712,21077,WHITE HANGING HEART T-LIGHT HOLDER,15,2011-01-02 00:00:00,5.93,13422,United Kingdom
536712,21012,FAIRY CAKE FLANNEL ASSORTED COLOUR,8,2011-02-28 00:00:00,4.91,12465,United Kingdom
536713,21049,WHITE HANGING HEART T-LIGHT HOLDER,3,2010-12-06 00:00:00,5.93,12920,Spain
536714,21036,JUMBO BAG PINK POLKADOT,4,2010-12-05 00:00:00,8.11,15892,United Kingdom
536715,21081,RETROSPOT TEA SET CERAMIC 11 PC,1,2011-01-07 00:00:00,4.72,16643,Germany
C536715,21024,PINK VINTAGE PAISLEY PICNIC BAG,5,2010-12-10 00:00:00,3.14,17144,United Kingdom
536716,21017,REGENCY CAKESTAND 3 TIER,2,2011-02-28 00:00:00,14.29,16461,Netherlands
536717,21058,PINK VINTAGE PAISLEY PICNIC BAG,1,2010-12-07 00:00:00,3.14,15195,France
536717,21085,HOME BUILDING BLOCK WORD,1,2010-12-02 00:00:00,9.22,13613,United Kingdom
536717,21036,RETROSPOT TEA SET CERAMIC 11 PC,4,2010-12-23 00:00:00,4.72,17796,United Kingdom
536718,21043,HANGING METAL LANTERN,1,2010-12-04 00:00:00,12.57,17625,United Kingdom
536719,21026,BLUE KALMIA CERAMIC MUG,1,2010-12-21 00:00:00,3.58,13646,United Kingdom
536719,21028,HANGING METAL LANTERN,4,2011-01-06 00:00:00,12.57,17414,Netherlands
536720,21009,LUNCH BAG RED RETROSPOT,1,2011-01-09 00:00:00,2.76,14883,United Kingdom
536721,21042,SET OF 3 MONOCHROME HEART MUGS,4,2010-12-22 00:00:00,3.16,15123,Netherlands
536721,21083,JUMBO BAG RED RETROSPOT,2,2010-12-09 00:00:00,11.11,15321,Spain
536722,21031,JUMBO BAG PINK POLKADOT,6,2010-12-27 00:00:00,8.11,13216,Spain
536722,21048,WHITE HANGING HEART T-LIGHT HOLDER,2,2011-01-08 00:00:00,5.93,16860,United Kingdom
C536723,21049,CHILLI LIGHTS,6,2010-12-05 00:00:00,0.8,18021,Netherlands
536724,21059,HEART SHAPED DOUGHNUT,3,2010-12-16 00:00:00,14.56,15321,Portugal
536725,21001,FAIRY CAKE FLANNEL ASSORTED COLOUR,1,2010-12-18 00:00:00,4.91,17657,Spain
536726,21032,JUMBO BAG PINK POLKADOT,6,2010-12-11 00:00:00,8.11,12946,United Kingdom
536727,21053,LUNCH BAG RED RETROSPOT,1,2011-01-01 00:00:00,2.76,16407,Netherlands
536728,21035,LOVE BUILDING BLOCK WORD,4,2011-01-02 00:00:00,10.77,16123,France
536728,21089,HEART SHAPED DOUGHNUT,6,2010-12-23 00:00:00,14.56,17595,Portugal
536728,21048,PARTY BUNTING,2,2011-01-12 00:00:00,9.18,15123,Portugal
536729,21041,PARTY BUNTING,4,2010-12-04 00:00:00,9.18,12473,United Kingdom
536730,21065,CHILLI LIGHTS,7,2011-06-23 00:00:00,0.8,16901,Spain
536731,21044,FAIRY CAKE FLANNEL ASSORTED COLOUR,6,2010-12-29 00:00:00,4.91,17414,United Kingdom
536732,21070,CHOCOLATE HOT WATER BOTTLE,3,2010-12-13 00:00:00,6.76,13485,United Kingdom
536733,21074,SET OF 3 MONOCHROME HEART MUGS,2,2010-12-21 00:00:00,3.16,14902,Spain
536734,21096,JUMBO BAG PINK POLKADOT,1,2011-01-08 00:00:00,8.11,17964,United Kingdom
536734,21063,LUNCH BAG RED RETROSPOT,10,2011-02-03 00:00:00,2.76,13361,Italy
536735,21092,JUMBO BAG PINK POLKADOT,1,2010-12-28 00:00:00,8.11,15123,United Kingdom
536736,21098,PARTY BUNTING,6,2010-12-05 00:00:00,9.18,16894,United Kingdom
536736,21020,STRAWBERRY CERAMIC TRINKET POT,2,2010-12-28 00:00:00,1.34,14328,United Kingdom
536736,21073,JUMBO BAG PINK POLKADOT,6,2010-12-11 00:00:00,8.11,13982,Switzerland
536736,21003,HOME BUILDING BLOCK WORD,4,2011-03-06 00:00:00,9.22,14024,Switzerland
536737,21019,HOME BUILDING BLOCK WORD,4,2010-12-10 00:00:00,9.22,17769,United Kingdom
536738,21084,WHITE HANGING HEART T-LIGHT HOLDER,6,2011-01-06 00:00:00,5.93,17215,Germany
536739,21093,WHITE HANGING HEART T-LIGHT HOLDER,1,2010-12-27 00:00:00,5.93,15433,United Kingdom
536739,21082,ASSORTED COLOUR BIRD ORNAMENT,9,2010-12-28 00:00:00,2.76,13512,Spain
536740,21027,HEART OF WICKER SMALL,3,2010-12-09 00:00:00,13.06,15265,France
536741,21055,BLUE KALMIA CERAMIC MUG,4,2010-12-04 00:00:00,3.58,14411,Switzerland
536742,21019,HEART OF WICKER SMALL,1,2011-01-21 00:00:00,13.06,14245,Spain
536743,21091,WHITE HANGING HEART T-LIGHT HOLDER,5,2010-12-01 00:00:00,5.93,15820,United Kingdom
536744,21009,RETROSPOT TEA SET CERAMIC 11 PC,4,2010-12-14 00:00:00,4.72,14277,Netherlands
536744,21001,HANGING METAL LANTERN,2,2011-01-09 00:00:00,12.57,16123,United Kingdom
536745,21083,LUNCH BAG RED RETROSPOT,4,2011-02-06 00:00:00,2.76,15792,United Kingdom
536746,21095,LUNCH BAG RED RETROSPOT,2,2010-12-06 00:00:00,2.76,14009,United Kingdom
536747,21007,STRAWBERRY CERAMIC TRINKET POT,1,2010-12-30 00:00:00,1.34,15021,United Kingdom
536748,21052,SET OF 3 MONOCHROME HEART MUGS,7,2010-12-16 00:00:00,3.16,16018,France
536749,21005,LUNCH BAG RED RETROSPOT,11,2010-12-18 00:00:00,2.76,17604,United Kingdom
536749,21082,WHITE HANGING HEART T-LIGHT HOLDER,3,2011-01-01 00:00:00,5.93,13994,Sweden
536750,21069,PARTY BUNTING,1,2010-12-23 00:00:00,9.18,15419,Switzerland
536751,21089,JUMBO BAG PINK POLKADOT,3,2010-12-02 00:00:00,8.11,14407,Portugal
536752,21049,LUNCH BAG RED RETROSPOT,1,2011-01-05 00:00:00,2.76,15807,Italy
536753,21059,JUMBO BAG PINK POLKADOT,1,2010-12-03 00:00:00,8.11,17028,Italy
536754,21087,HANGING METAL LANTERN,4,2010-12-06 00:00:00,12.57,12444,United Kingdom
536755,21085,FAIRY CAKE FLANNEL ASSORTED COLOUR,2,2011-01-03 00:00:00,4.91,12410,Germany
536756,21072,PINK VINTAGE PAISLEY PICNIC BAG,5,2010-12-06 00:00:00,3.14,15470,United Kingdom
536757,21087,LOVE BUILDING BLOCK WORD,5,2011-03-11 00:00:00,10.77,16193,United Kingdom
536758,21082,PARTY BUNTING,3,2010-12-20 00:00:00,9.18,14408,Germany
536759,21095,ASSORTED COLOUR BIRD ORNAMENT,4,2010-12-26 00:00:00,2.76,13914,United Kingdom
536759,21080,PINK VINTAGE PAISLEY PICNIC BAG,1,2010-12-19 00:00:00,3.14,15450,United Kingdom
536760,21068,WHITE HANGING HEART T-LIGHT HOLDER,1,2010-12-02 00:00:00,5.93,14624,Netherlands
536761,21077,PARTY BUNTING,2,2010-12-01 00:00:00,9.18,15673,United Kingdom
536762,21090,LOVE BUILDING BLOCK WORD,1,2011-03-03 00:00:00,10.77,12362,United Kingdom
C536762,21022,CHOCOLATE HOT WATER BOTTLE,3,2011-02-19 00:00:00,6.76,15123,Netherlands
536763,21060,ASSORTED COLOUR BIRD ORNAMENT,1,2010-12-17 00:00:00,2.76,15852,United Kingdom
536764,21085,HEART OF WICKER SMALL,2,2010-12-13 00:00:00,13.06,13406,Germany
536765,21090,HEART OF WICKER SMALL,1,2010-12-28 00:00:00,13.06,12350,United Kingdom
536766,21066,JUMBO BAG PINK POLKADOT,3,2010-12-06 00:00:00,8.11,16443,United Kingdom
536767,21042,HOME BUILDING BLOCK WORD,6,2011-02-05 00:00:00,9.22,16021,Germany
536768,21072,JUMBO BAG PINK POLKADOT,7,2010-12-07 00:00:00,8.11,17754,Spain
536769,21057,STRAWBERRY CERAMIC TRINKET POT,3,2010-12-10 00:00:00,1.34,14039,United Kingdom
536770,21074,WHITE HANGING HEART T-LIGHT HOLDER,2,2011-02-16 00:00:00,5.93,17221,France
536771,21025,JUMBO BAG RED RETROSPOT,2,2011-02-19 00:00:00,11.11,17809,United Kingdom
536772,21021,STRAWBERRY CERAMIC TRINKET POT,3,2010-12-13 00:00:00,1.34,17075,United Kingdom
536773,21099,WHITE HANGING HEART T-LIGHT HOLDER,2,2011-01-01 00:00:00,5.93,12350,United Kingdom
536773,21069,HEART SHAPED DOUGHNUT,1,2010-12-10 00:00:00,14.56,16391,United Kingdom
536774,21018,HEART SHAPED DOUGHNUT,2,2011-04-20 00:00:00,14.56,13485,United Kingdom
536774,21056,STRAWBERRY CERAMIC TRINKET POT,1,2010-12-04 00:00:00,1.34,12500,United Kingdom
536775,21018,WHITE HANGING HEART T-LIGHT HOLDER,4,2010-12-03 00:00:00,5.93,13224,United Kingdom
536776,21011,LOVE BUILDING BLOCK WORD,3,2011-01-27 00:00:00,10.77,14199,Germany
536777,21038,SET OF 3 MONOCHROME HEART MUGS,1,2010-12-17 00:00:00,3.16,15660,France
536778,21078,JUMBO BAG RED RETROSPOT,3,2011-01-05 00:00:00,11.11,15345,United Kingdom
536779,21051,JUMBO BAG RED RETROSPOT,1,2011-01-04 00:00:00,11.11,17081,United Kingdom
536780,21015,HANGING METAL LANTERN,1,2010-12-11 00:00:00,12.57,15021,United Kingdom
536781,21095,REGENCY CAKESTAND 3 TIER,3,2010-12-16 00:00:00,14.29,14825,United Kingdom
536781,21018,HEART SHAPED DOUGHNUT,2,2010-12-15 00:00:00,14.56,17557,United Kingdom
536782,21003,JUMBO BAG PINK POLKADOT,6,2010-12-01 00:00:00,8.11,15464,United Kingdom
536783,21006,JUMBO BAG PINK POLKADOT,2,2010-12-08 00:00:00,8.11,16894,Portugal
536783,21035,FAIRY CAKE FLANNEL ASSORTED COLOUR,3,2010-12-25 00:00:00,4.91,17279,Switzerland
536783,21027,PINK VINTAGE PAISLEY PICNIC BAG,2,2010-12-26 00:00:00,3.14,17480,United Kingdom
536784,21015,JUMBO BAG RED RETROSPOT,6,2011-01-06 00:00:00,11.11,16477,United Kingdom
536785,21065,CHOCOLATE HOT WATER BOTTLE,5,2011-01-12 00:00:00,6.76,13841,Italy
536786,21015,PINK VINTAGE PAISLEY PICNIC BAG,5,2011-01-03 00:00:00,3.14,15450,Netherlands
536786,21097,HOME BUILDING BLOCK WORD,4,2010-12-04 00:00:00,9.22,13428,United Kingdom
536787,21027,RETROSPOT TEA SET CERAMIC 11 PC,2,2010-12-12 00:00:00,4.72,16360,United Kingdom
536788,21079,RETROSPOT TEA SET CERAMIC 11 PC,6,2011-01-13 00:00:00,4.72,17962,Italy
536788,21023,HANGING METAL LANTERN,3,2010-12-14 00:00:00,12.57,17338,United Kingdom
536789,21044,FAIRY CAKE FLANNEL ASSORTED COLOUR,1,2011-02-09 00:00:00,4.91,13200,United Kingdom
536790,21038,REGENCY CAKESTAND 3 TIER,9,2010-12-02 00:00:00,14.29,13161,United Kingdom
536791,21062,REGENCY CAKESTAND 3 TIER,7,2011-08-05 00:00:00,14.29,14042,Netherlands
536792,21055,RETROSPOT TEA SET CERAMIC 11 PC,13,2011-02-07 00:00:00,4.72,14080,United Kingdom
536792,21030,CHOCOLATE HOT WATER BOTTLE,7,2011-04-01 00:00:00,6.76,13009,United Kingdom
536792,21077,STRAWBERRY CERAMIC TRINKET POT,1,2011-02-15 00:00:00,1.34,15503,United Kingdom
536793,21010,JUMBO BAG RED RETROSPOT,4,2010-12-08 00:00:00,11.11,15406,Germany
536794,21076,HEART OF WICKER SMALL,6,2011-01-01 00:00:00,13.06,16209,United Kingdom
536795,21084,REGENCY CAKESTAND 3 TIER,1,2010-12-08 00:00:00,14.29,14506,United Kingdom
536796,21048,FAIRY CAKE FLANNEL ASSORTED COLOUR,8,2010-12-26 00:00:00,4.91,14611,United Kingdom
536797,21035,REGENCY CAKESTAND 3 TIER,6,2010-12-18 00:00:00,14.29,14904,Spain
536798,21074,REGENCY CAKESTAND 3 TIER,5,2010-12-10 00:00:00,14.29,15039,Germany
536798,21084,LOVE BUILDING BLOCK WORD,2,2010-12-08 00:00:00,10.77,17098,United Kingdom
536798,21093,ASSORTED COLOUR BIRD ORNAMENT,1,2010-12-29 00:00:00,2.76,17534,Germany
536799,21007,JUMBO BAG PINK POLKADOT,1,2011-01-20 00:00:00,8.11,12946,United Kingdom
536800,21095,PINK VINTAGE PAISLEY PICNIC BAG,1,2011-01-10 00:00:00,3.14,17881,United Kingdom
536800,21077,CHOCOLATE HOT WATER BOTTLE,1,2011-03-07 00:00:00,6.76,17534,Germany
536801,21023,HEART OF WICKER SMALL,1,2010-12-20 00:00:00,13.06,17583,Germany
536801,21016,LUNCH BAG RED RETROSPOT,1,2010-12-01 00:00:00,2.76,15093,United Kingdom
536802,21063,REGENCY CAKESTAND 3 TIER,1,2011-01-07 00:00:00,14.29,14028,Spain
536803,21057,REGENCY CAKESTAND 3 TIER,4,2010-12-23 00:00:00,14.29,17754,United Kingdom
536804,21051,HOME BUILDING BLOCK WORD,5,2011-02-06 00:00:00,9.22,12992,United Kingdom
536805,21093,LOVE BUILDING BLOCK WORD,1,2010-12-09 00:00:00,10.77,15119,Germany
536806,21065,JUMBO BAG RED RETROSPOT,1,2010-12-07 00:00:00,11.11,13045,Spain
536806,21010,BLUE KALMIA CERAMIC MUG,2,2011-03-03 00:00:00,3.58,18227,Germany
536806,21081,JUMBO BAG PINK POLKADOT,3,2010-12-11 00:00:00,8.11,15265,France
536807,21025,REGENCY CAKESTAND 3 TIER,4,2010-12-09 00:00:00,14.29,13406,United Kingdom
536808,21030,CHILLI LIGHTS,13,2010-12-01 00:00:00,0.8,13222,Belgium
536808,21005,PARTY BUNTING,1,2011-01-15 00:00:00,9.18,12492,France
536809,21027,LUNCH BAG RED RETROSPOT,2,2010-12-29 00:00:00,2.76,17083,Spain
536809,21070,CHOCOLATE HOT WATER BOTTLE,1,2010-12-25 00:00:00,6.76,13241,France
536810,21048,PINK VINTAGE PAISLEY PICNIC BAG,1,2010-12-23 00:00:00,3.14,15689,United Kingdom
536810,21016,JUMBO BAG RED RETROSPOT,4,2010-12-15 00:00:00,11.11,16443,United Kingdom
536811,21055,FAIRY CAKE FLANNEL ASSORTED COLOUR,2,2010-12-15 00:00:00,4.91,17739,Italy
536812,21055,WHITE HANGING HEART T-LIGHT HOLDER,6,2011-01-18 00:00:00,5.93,14551,Sweden
536813,21025,WHITE HANGING HEART T-LIGHT HOLDER,1,2011-01-09 00:00:00,5.93,17654,United Kingdom
536814,21061,LOVE BUILDING BLOCK WORD,2,2010-12-05 00:00:00,10.77,17881,Belgium
536815,21080,ASSORTED COLOUR BIRD ORNAMENT,2,2010-12-13 00:00:00,2.76,17004,United Kingdom
536816,21018,SET OF 3 MONOCHROME HEART MUGS,1,2010-12-07 00:00:00,3.16,15928,United Kingdom
536816,21010,BLUE KALMIA CERAMIC MUG,2,2011-02-27 00:00:00,3.58,15277,Switzerland
536817,21084,SET OF 3 MONOCHROME HEART MUGS,1,2010-12-25 00:00:00,3.16,16269,United Kingdom
536817,21035,LOVE BUILDING BLOCK WORD,8,2011-01-18 00:00:00,10.77,14857,United Kingdom
536818,21052,LOVE BUILDING BLOCK WORD,12,2011-01-12 00:00:00,10.77,18227,Sweden
C536818,21056,LUNCH BAG RED RETROSPOT,1,2010-12-02 00:00:00,2.76,13628,Germany
536818,21063,PINK VINTAGE PAISLEY PICNIC BAG,4,2010-12-08 00:00:00,3.14,17519,France
536819,21048,JUMBO BAG PINK POLKADOT,1,2010-12-09 00:00:00,8.11,14103,United Kingdom
536819,21058,HEART OF WICKER SMALL,5,2010-12-03 00:00:00,13.06,12462,United Kingdom
536820,21071,LOVE BUILDING BLOCK WORD,4,2010-12-14 00:00:00,10.77,14028,Belgium
536820,21048,CHILLI LIGHTS,1,2010-12-27 00:00:00,0.8,15503,Netherlands
536820,21009,FAIRY CAKE FLANNEL ASSORTED COLOUR,2,2010-12-01 00:00:00,4.91,15820,Portugal
536820,21042,JUMBO BAG PINK POLKADOT,5,2010-12-05 00:00:00,8.11,17739,United Kingdom
536820,21037,LOVE BUILDING BLOCK WORD,2,2011-01-16 00:00:00,10.77,14042,Belgium
536821,21009,HEART OF WICKER SMALL,4,2010-12-07 00:00:00,13.06,15648,Sweden
536822,21019,LUNCH BAG RED RETROSPOT,1,2010-12-07 00:00:00,2.76,14411,United Kingdom
536823,21067,LOVE BUILDING BLOCK WORD,13,2010-12-31 00:00:00,10.77,14024,France
536824,21024,HEART SHAPED DOUGHNUT,1,2010-12-04 00:00:00,14.56,14162,United Kingdom
536824,21040,CHOCOLATE HOT WATER BOTTLE,4,2011-01-06 00:00:00,6.76,14187,United Kingdom
536825,21004,LUNCH BAG RED RETROSPOT,5,2010-12-17 00:00:00,2.76,16339,Germany
536826,21045,JUMBO BAG PINK POLKADOT,3,2010-12-26 00:00:00,8.11,14487,United Kingdom
536826,21071,WHITE HANGING HEART T-LIGHT HOLDER,5,2011-01-20 00:00:00,5.93,16436,Switzerland
536826,21012,SET OF 3 MONOCHROME HEART MUGS,1,2011-01-27 00:00:00,3.16,16894,United Kingdom
536827,21016,ASSORTED COLOUR BIRD ORNAMENT,3,2011-08-02 00:00:00,2.76,12350,United Kingdom
536827,21014,PARTY BUNTING,5,2010-12-18 00:00:00,9.18,14327,United Kingdom
536828,21030,RETROSPOT TEA SET CERAMIC 11 PC,4,2010-12-29 00:00:00,4.72,17583,France
536828,21088,JUMBO BAG RED RETROSPOT,1,2010-12-13 00:00:00,11.11,17938,United Kingdom
536829,21007,HEART SHAPED DOUGHNUT,4,2010-12-11 00:00:00,14.56,15648,United Kingdom
536830,21040,CHOCOLATE HOT WATER BOTTLE,4,2011-01-16 00:00:00,6.76,12506,United Kingdom
536831,21090,LUNCH BAG RED RETROSPOT,3,2011-02-19 00:00:00,2.76,13337,United Kingdom
C536832,21059,STRAWBERRY CERAMIC TRINKET POT,2,2010-12-03 00:00:00,1.34,17125,United Kingdom
536833,21008,PINK VINTAGE PAISLEY PICNIC BAG,5,2011-01-12 00:00:00,3.14,16069,United Kingdom
536834,21026,JUMBO BAG RED RETROSPOT,2,2010-12-20 00:00:00,11.11,13493,United Kingdom
C536834,21080,PARTY BUNTING,1,2011-01-05 00:00:00,9.18,18261,United Kingdom
536834,21028,CHILLI LIGHTS,1,2010-12-10 00:00:00,0.8,14042,United Kingdom
536834,21092,RETROSPOT TEA SET CERAMIC 11 PC,2,2010-12-10 00:00:00,4.72,16492,Sweden
536835,21065,BLUE KALMIA CERAMIC MUG,1,2011-04-05 00:00:00,3.58,15123,United Kingdom
536836,21056,FAIRY CAKE FLANNEL ASSORTED COLOUR,4,2010-12-18 00:00:00,4.91,17796,Netherlands
536837,21040,WHITE HANGING HEART T-LIGHT HOLDER,1,2011-01-10 00:00:00,5.93,17657,United Kingdom
536837,21055,STRAWBERRY CERAMIC TRINKET POT,2,2010-12-29 00:00:00,1.34,15307,United Kingdom
536837,21094,HEART SHAPED DOUGHNUT,1,2011-02-10 00:00:00,14.56,15234,United Kingdom
536837,21013,HANGING METAL LANTERN,1,2011-02-17 00:00:00,12.57,14032,United Kingdom
536837,21061,HEART OF WICKER SMALL,3,2010-12-08 00:00:00,13.06,13755,Germany
536837,21007,WHITE HANGING HEART T-LIGHT HOLDER,12,2011-05-04 00:00:00,5.93,12462,Portugal
536837,21059,PINK VINTAGE PAISLEY PICNIC BAG,3,2011-02-17 00:00:00,3.14,13994,United Kingdom
536838,21042,FAIRY CAKE FLANNEL ASSORTED COLOUR,1,2011-01-01 00:00:00,4.91,16123,United Kingdom
536838,21076,JUMBO BAG PINK POLKADOT,1,2010-12-14 00:00:00,8.11,18229,United Kingdom
536839,21091,ASSORTED COLOUR BIRD ORNAMENT,1,2010-12-21 00:00:00,2.76,13981,United Kingdom
536840,21043,HEART OF WICKER SMALL,11,2010-12-03 00:00:00,13.06,14028,United Kingdom
536841,21034,PINK VINTAGE PAISLEY PICNIC BAG,1,2010-12-11 00:00:00,3.14,18103,United Kingdom
536842,21036,LUNCH BAG RED RETROSPOT,1,2011-01-28 00:00:00,2.76,13337,United Kingdom
536843,21093,BLUE KALMIA CERAMIC MUG,6,2010-12-04 00:00:00,3.58,17257,United Kingdom
536843,21063,PINK VINTAGE PAISLEY PICNIC BAG,2,2011-01-04 00:00:00,3.14,17275,United Kingdom
536843,21052,HOME BUILDING BLOCK WORD,1,2011-02-07 00:00:00,9.22,14103,Portugal
536844,21080,PARTY BUNTING,7,2010-12-18 00:00:00,9.18,17796,United Kingdom
536845,21082,REGENCY CAKESTAND 3 TIER,1,2011-07-07 00:00:00,14.29,16076,United Kingdom
536846,21049,JUMBO BAG PINK POLKADOT,5,2011-02-03 00:00:00,8.11,14061,Belgium
536847,21083,REGENCY CAKESTAND 3 TIER,5,2010-12-22 00:00:00,14.29,13161,United Kingdom
536847,21009,HANGING METAL LANTERN,5,2010-12-24 00:00:00,12.57,12848,United Kingdom
536848,21010,PINK VINTAGE PAISLEY PICNIC BAG,2,2011-01-07 00:00:00,3.14,12838,United Kingdom
536849,21047,PINK VINTAGE PAISLEY PICNIC BAG,1,2010-12-21 00:00:00,3.14,17976,France
536850,21012,REGENCY CAKESTAND 3 TIER,1,2010-12-08 00:00:00,14.29,16018,United Kingdom
536851,21057,BLUE KALMIA CERAMIC MUG,1,2011-05-15 00:00:00,3.58,17832,United Kingdom
536852,21072,REGENCY CAKESTAND 3 TIER,5,2010-12-13 00:00:00,14.29,15021,United Kingdom
536853,21067,WHITE HANGING HEART T-LIGHT HOLDER,3,2011-03-26 00:00:00,5.93,12909,United Kingdom
536854,21004,CHILLI LIGHTS,3,2011-01-22 00:00:00,0.8,18223,United Kingdom
536854,21021,LUNCH BAG RED RETROSPOT,8,2010-12-27 00:00:00,2.76,17654,Italy
536854,21004,HEART SHAPED DOUGHNUT,3,2010-12-04 00:00:00,14.56,15296,United Kingdom
536855,21019,SET OF 3 MONOCHROME HEART MUGS,10,2010-12-20 00:00:00,3.16,14714,Switzerland
536855,21023,BLUE KALMIA CERAMIC MUG,3,2011-01-06 00:00:00,3.58,15084,United Kingdom
536855,21055,LOVE BUILDING BLOCK WORD,3,2010-12-24 00:00:00,10.77,14825,United Kingdom
C536856,21077,FAIRY CAKE FLANNEL ASSORTED COLOUR,3,2010-12-05 00:00:00,4.91,15041,United Kingdom
536857,21086,FAIRY CAKE FLANNEL ASSORTED COLOUR,2,2010-12-27 00:00:00,4.91,12858,United Kingdom
536858,21028,WHITE HANGING HEART T-LIGHT HOLDER,2,2011-01-02 00:00:00,5.93,15419,United Kingdom
536859,21081,JUMBO BAG RED RETROSPOT,1,2011-02-12 00:00:00,11.11,15305,Switzerland
536860,21091,ASSORTED COLOUR BIRD ORNAMENT,1,2010-12-10 00:00:00,2.76,14903,Spain
536861,21048,CHILLI LIGHTS,4,2011-01-19 00:00:00,0.8,12546,Portugal
536862,21089,HEART OF WICKER SMALL,1,2010-12-01 00:00:00,13.06,17942,United Kingdom
536863,21012,REGENCY CAKESTAND 3 TIER,1,2010-12-15 00:00:00,14.29,18200,United Kingdom
536864,21064,CHILLI LIGHTS,1,2011-01-10 00:00:00,0.8,15195,United Kingdom
536865,21085,BLUE KALMIA CERAMIC MUG,2,2010-12-03 00:00:00,3.58,12952,Germany
536865,21064,BLUE KALMIA CERAMIC MUG,2,2010-12-02 00:00:00,3.58,17081,United Kingdom
536866,21064,LUNCH BAG RED RETROSPOT,1,2010-12-04 00:00:00,2.76,16021,France
536866,21086,LOVE BUILDING BLOCK WORD,1,2010-12-15 00:00:00,10.77,12536,United Kingdom
536867,21077,RETROSPOT TEA SET CERAMIC 11 PC,1,2011-01-18 00:00:00,4.72,18021,Portugal
536867,21012,PINK VINTAGE PAISLEY PICNIC BAG,1,2010-12-10 00:00:00,3.14,14061,United Kingdom
536868,21044,SET OF 3 MONOCHROME HEART MUGS,11,2010-12-08 00:00:00,3.16,14152,United Kingdom
536869,21008,RETROSPOT TEA SET CERAMIC 11 PC,2,2011-01-02 00:00:00,4.72,14189,United Kingdom
536869,21096,JUMBO BAG RED RETROSPOT,4,2011-02-06 00:00:00,11.11,12552,United Kingdom
536870,21083,RETROSPOT TEA SET CERAMIC 11 PC,3,2010-12-05 00:00:00,4.72,14781,France
536871,21041,BLUE KALMIA CERAMIC MUG,5,2010-12-10 00:00:00,3.58,16545,United Kingdom
536871,21044,HANGING METAL LANTERN,3,2010-12-03 00:00:00,12.57,13512,Netherlands
536872,21093,PINK VINTAGE PAISLEY PICNIC BAG,2,2010-12-26 00:00:00,3.14,15782,United Kingdom
536873,21032,HEART OF WICKER SMALL,4,2010-12-05 00:00:00,13.06,14914,Spain
536874,21038,WHITE HANGING HEART T-LIGHT HOLDER,3,2010-12-02 00:00:00,5.93,16842,Spain
536875,21013,HANGING METAL LANTERN,3,2011-02-14 00:00:00,12.57,18265,France
536876,21018,REGENCY CAKESTAND 3 TIER,1,2011-01-09 00:00:00,14.29,16076,United Kingdom
536877,21009,LOVE BUILDING BLOCK WORD,8,2010-12-20 00:00:00,10.77,13121,United Kingdom
536878,21094,HEART OF WICKER SMALL,1,2010-12-02 00:00:00,13.06,15405,United Kingdom
536879,21085,HEART OF WICKER SMALL,5,2011-01-22 00:00:00,13.06,14028,United Kingdom
536880,21005,JUMBO BAG PINK POLKADOT,8,2010-12-05 00:00:00,8.11,14393,United Kingdom
536881,21013,CHILLI LIGHTS,1,2010-12-13 00:00:00,0.8,14028,United Kingdom
536882,21006,WHITE HANGING HEART T-LIGHT HOLDER,8,2010-12-24 00:00:00,5.93,13209,Spain
536883,21009,PARTY BUNTING,2,2010-12-06 00:00:00,9.18,15006,United Kingdom
536884,21013,WHITE HANGING HEART T-LIGHT HOLDER,1,2011-02-25 00:00:00,5.93,16735,Netherlands
536885,21008,JUMBO BAG PINK POLKADOT,3,2010-12-30 00:00:00,8.11,16082,Belgium
536885,21095,JUMBO BAG PINK POLKADOT,4,2011-01-15 00:00:00,8.11,15185,United Kingdom
536885,21095,HEART SHAPED DOUGHNUT,2,2010-12-26 00:00:00,14.56,17233,Italy
536886,21089,ASSORTED COLOUR BIRD ORNAMENT,4,2010-12-01 00:00:00,2.76,14387,United Kingdom
536886,21050,HANGING METAL LANTERN,1,2010-12-06 00:00:00,12.57,12362,United Kingdom
536887,21060,HEART OF WICKER SMALL,2,2010-12-12 00:00:00,13.06,13367,United Kingdom
536887,21013,HEART OF WICKER SMALL,1,2010-12-08 00:00:00,13.06,13427,United Kingdom
536887,21038,SET OF 3 MONOCHROME HEART MUGS,2,2010-12-06 00:00:00,3.16,14624,Italy
536888,21015,LOVE BUILDING BLOCK WORD,3,2010-12-08 00:00:00,10.77,16230,Italy
536889,21087,FAIRY CAKE FLANNEL ASSORTED COLOUR,3,2011-01-09 00:00:00,4.91,14673,United Kingdom
536889,21086,WHITE HANGING HEART T-LIGHT HOLDER,2,2010-12-10 00:00:00,5.93,14080,United Kingdom
536890,21011,HANGING METAL LANTERN,5,2011-01-01 00:00:00,12.57,13494,United Kingdom
536891,21035,BLUE KALMIA CERAMIC MUG,6,2011-01-04 00:00:00,3.58,13613,Portugal
536891,21085,PARTY BUNTING,2,2010-12-11 00:00:00,9.18,16443,France
536892,21061,RETROSPOT TEA SET CERAMIC 11 PC,9,2011-02-12 00:00:00,4.72,17962,United Kingdom
536893,21059,ASSORTED COLOUR BIRD ORNAMENT,2,2010-12-11 00:00:00,2.76,15618,United Kingdom
536893,21027,FAIRY CAKE FLANNEL ASSORTED COLOUR,1,2010-12-02 00:00:00,4.91,16089,Netherlands
536894,21092,BLUE KALMIA CERAMIC MUG,2,2011-01-04 00:00:00,3.58,14152,Italy
536895,21062,LOVE BUILDING BLOCK WORD,7,2010-12-22 00:00:00,10.77,14624,Belgium
536896,21061,JUMBO BAG PINK POLKADOT,1,2010-12-09 00:00:00,8.11,16845,Germany
536897,21065,SET OF 3 MONOCHROME HEART MUGS,3,2011-01-06 00:00:00,3.16,12969,United Kingdom
536897,21026,JUMBO BAG PINK POLKADOT,1,2010-12-19 00:00:00,8.11,12599,United Kingdom
536898,21054,REGENCY CAKESTAND 3 TIER,8,2010-12-12 00:00:00,14.29,15195,Sweden
536899,21046,FAIRY CAKE FLANNEL ASSORTED COLOUR,2,2011-02-24 00:00:00,4.91,17625,United Kingdom
536899,21013,SET OF 3 MONOCHROME HEART MUGS,3,2010-12-19 00:00:00,3.16,13300,United Kingdom
536900,21064,REGENCY CAKESTAND 3 TIER,1,2010-12-22 00:00:00,14.29,15529,France
536901,21087,HEART SHAPED DOUGHNUT,5,2011-01-08 00:00:00,14.56,16842,United Kingdom
536902,21005,WHITE HANGING HEART T-LIGHT HOLDER,2,2011-01-09 00:00:00,5.93,14010,Sweden
536903,21085,JUMBO BAG PINK POLKADOT,1,2010-12-28 00:00:00,8.11,16069,United Kingdom
536904,21039,PARTY BUNTING,5,2010-12-23 00:00:00,9.18,14053,United Kingdom
536905,21060,REGENCY CAKESTAND 3 TIER,9,2011-01-18 00:00:00,14.29,15766,Netherlands
536906,21088,STRAWBERRY CERAMIC TRINKET POT,1,2010-12-02 00:00:00,1.34,13150,United Kingdom
536907,21094,HEART OF WICKER SMALL,3,2010-12-09 00:00:00,13.06,12350,United Kingdom
536908,21090,WHITE HANGING HEART T-LIGHT HOLDER,7,2011-01-08 00:00:00,5.93,14010,United Kingdom
536909,21010,FAIRY CAKE FLANNEL ASSORTED COLOUR,3,2011-01-05 00:00:00,4.91,17568,Netherlands
536910,21074,JUMBO BAG PINK POLKADOT,5,2010-12-14 00:00:00,8.11,17402,United Kingdom
536910,21062,JUMBO BAG PINK POLKADOT,1,2010-12-31 00:00:00,8.11,12410,Germany
536911,21020,REGENCY CAKESTAND 3 TIER,5,2010-12-07 00:00:00,14.29,15075,United Kingdom
536912,21034,LOVE BUILDING BLOCK WORD,1,2010-12-12 00:00:00,10.77,13982,Germany
536913,21042,CHOCOLATE HOT WATER BOTTLE,2,2010-12-08 00:00:00,6.76,15397,Netherlands
536914,21024,WHITE HANGING HEART T-LIGHT HOLDER,1,2010-12-10 00:00:00,5.93,17480,Germany
536914,21048,LUNCH BAG RED RETROSPOT,3,2010-12-24 00:00:00,2.76,15892,United Kingdom
536915,21056,WHITE HANGING HEART T-LIGHT HOLDER,1,2010-12-06 00:00:00,5.93,12858,United Kingdom
536916,21004,LUNCH BAG RED RETROSPOT,2,2011-04-04 00:00:00,2.76,14551,United Kingdom
536916,21067,ASSORTED COLOUR BIRD ORNAMENT,1,2011-01-10 00:00:00,2.76,17083,United Kingdom
536917,21003,PINK VINTAGE PAISLEY PICNIC BAG,2,2010-12-28 00:00:00,3.14,15041,Portugal
536918,21033,CHOCOLATE HOT WATER BOTTLE,2,2010-12-09 00:00:00,6.76,15136,France
536918,21040,CHILLI LIGHTS,2,2010-12-24 00:00:00,0.8,12500,United Kingdom
536919,21054,LOVE BUILDING BLOCK WORD,3,2010-12-23 00:00:00,10.77,13358,France
536920,21003,CHILLI LIGHTS,7,2010-12-15 00:00:00,0.8,14277,United Kingdom
536920,21020,SET OF 3 MONOCHROME HEART MUGS,1,2011-01-17 00:00:00,3.16,17699,United Kingdom
536920,21086,HEART SHAPED DOUGHNUT,2,2011-01-05 00:00:00,14.56,13512,United Kingdom
536920,21060,BLUE KALMIA CERAMIC MUG,1,2010-12-23 00:00:00,3.58,14277,United Kingdom
536921,21027,PINK VINTAGE PAISLEY PICNIC BAG,5,2011-01-12 00:00:00,3.14,14835,United Kingdom
536922,21017,PINK VINTAGE PAISLEY PICNIC BAG,2,2010-12-13 00:00:00,3.14,15185,Spain
536922,21072,LUNCH BAG RED RETROSPOT,10,2010-12-12 00:00:00,2.76,14245,United Kingdom
536923,21017,BLUE KALMIA CERAMIC MUG,4,2010-12-13 00:00:00,3.58,18265,United Kingdom
536923,21010,PARTY BUNTING,9,2011-01-08 00:00:00,9.18,15766,Netherlands
536924,21013,PARTY BUNTING,6,2010-12-16 00:00:00,9.18,17571,Netherlands
536925,21067,SET OF 3 MONOCHROME HEART MUGS,9,2011-02-08 00:00:00,3.16,14611,United Kingdom
536926,21062,PARTY BUNTING,5,2010-12-09 00:00:00,9.18,16957,United Kingdom
536926,21037,HEART SHAPED DOUGHNUT,7,2010-12-16 00:00:00,14.56,16839,France
536927,21081,LOVE BUILDING BLOCK WORD,3,2010-12-04 00:00:00,10.77,17279,United Kingdom
536928,21082,RETROSPOT TEA SET CERAMIC 11 PC,1,2011-02-03 00:00:00,4.72,14010,United Kingdom
536929,21079,SET OF 3 MONOCHROME HEART MUGS,5,2010-12-07 00:00:00,3.16,13405,Netherlands
536930,21093,CHILLI LIGHTS,3,2010-12-05 00:00:00,0.8,17462,United Kingdom
536931,21059,REGENCY CAKESTAND 3 TIER,4,2010-12-13 00:00:00,14.29,16982,Germany
536932,21053,SET OF 3 MONOCHROME HEART MUGS,20,2011-01-11 00:00:00,3.16,18085,Switzerland
536933,21058,HEART OF WICKER SMALL,7,2010-12-07 00:00:00,13.06,13341,Germany
536934,21025,HEART OF WICKER SMALL,4,2010-12-07 00:00:00,13.06,17518,United Kingdom
536935,21096,CHOCOLATE HOT WATER BOTTLE,5,2011-01-19 00:00:00,6.76,17876,United Kingdom
536936,21026,LOVE BUILDING BLOCK WORD,1,2011-02-01 00:00:00,10.77,15419,United Kingdom
536937,21009,JUMBO BAG PINK POLKADOT,1,2010-12-01 00:00:00,8.11,17583,Switzerland
536938,21010,STRAWBERRY CERAMIC TRINKET POT,7,2011-02-12 00:00:00,1.34,15790,Germany
536939,21027,LUNCH BAG RED RETROSPOT,4,2010-12-03 00:00:00,2.76,13005,United Kingdom
536940,21063,SET OF 3 MONOCHROME HEART MUGS,2,2010-12-06 00:00:00,3.16,15093,Spain
536941,21089,FAIRY CAKE FLANNEL ASSORTED COLOUR,3,2010-12-07 00:00:00,4.91,14384,United Kingdom
536942,21002,LOVE BUILDING BLOCK WORD,2,2011-02-07 00:00:00,10.77,14781,United Kingdom
536942,21032,HANGING METAL LANTERN,1,2010-12-08 00:00:00,12.57,16403,United Kingdom
536943,21043,SET OF 3 MONOCHROME HEART MUGS,2,2011-01-22 00:00:00,3.16,14039,United Kingdom
536944,21054,FAIRY CAKE FLANNEL ASSORTED COLOUR,1,2010-12-26 00:00:00,4.91,14487,United Kingdom
536945,21013,REGENCY CAKESTAND 3 TIER,4,2010-12-03 00:00:00,14.29,14187,United Kingdom
536945,21040,JUMBO BAG PINK POLKADOT,2,2010-12-12 00:00:00,8.11,16834,United Kingdom
536945,21031,LOVE BUILDING BLOCK WORD,2,2011-01-31 00:00:00,10.77,16236,Switzerland
536945,21009,PARTY BUNTING,4,2010-12-21 00:00:00,9.18,18227,United Kingdom
536946,21072,LUNCH BAG RED RETROSPOT,3,2010-12-14 00:00:00,2.76,12908,United Kingdom
536946,21065,ASSORTED COLOUR BIRD ORNAMENT,3,2011-01-01 00:00:00,2.76,15162,United Kingdom
536946,21035,JUMBO BAG RED RETROSPOT,2,2010-12-29 00:00:00,11.11,12908,United Kingdom
536946,21020,BLUE KALMIA CERAMIC MUG,1,2010-12-04 00:00:00,3.58,17362,Netherlands
536946,21002,ASSORTED COLOUR BIRD ORNAMENT,6,2010-12-26 00:00:00,2.76,12410,United Kingdom
536946,21012,HEART OF WICKER SMALL,3,2011-01-09 00:00:00,13.06,13405,United Kingdom
536947,21044,PINK VINTAGE PAISLEY PICNIC BAG,1,2010-12-29 00:00:00,3.14,14187,United Kingdom
536948,21010,JUMBO BAG PINK POLKADOT,4,2010-12-30 00:00:00,8.11,17964,United Kingdom
536949,21091,RETROSPOT TEA SET CERAMIC 11 PC,2,2010-12-29 00:00:00,4.72,13361,Netherlands
536949,21057,HANGING METAL LANTERN,7,2010-12-03 00:00:00,12.57,12492,Switzerland
536950,21075,HANGING METAL LANTERN,1,2010-12-08 00:00:00,12.57,12683,United Kingdom
536951,21071,STRAWBERRY CERAMIC TRINKET POT,1,2010-12-03 00:00:00,1.34,14042,United Kingdom
536952,21040,LUNCH BAG RED RETROSPOT,1,2010-12-02 00:00:00,2.76,15803,Belgium
536952,21097,JUMBO BAG PINK POLKADOT,2,2011-02-19 00:00:00,8.11,12838,France
536952,21031,JUMBO BAG PINK POLKADOT,3,2011-01-23 00:00:00,8.11,15077,United Kingdom
536952,21065,HEART SHAPED DOUGHNUT,1,2010-12-18 00:00:00,14.56,17067,France
536953,21022,CHILLI LIGHTS,1,2010-12-07 00:00:00,0.8,14103,United Kingdom
536954,21067,LOVE BUILDING BLOCK WORD,1,2011-03-02 00:00:00,10.77,17075,Netherlands
536954,21068,JUMBO BAG PINK POLKADOT,2,2010-12-03 00:00:00,8.11,13005,Netherlands
536955,21087,REGENCY CAKESTAND 3 TIER,1,2011-01-10 00:00:00,14.29,13367,Germany
C536956,21039,LOVE BUILDING BLOCK WORD,1,2010-12-16 00:00:00,10.77,15047,United Kingdom
536957,21051,STRAWBERRY CERAMIC TRINKET POT,4,2011-01-14 00:00:00,1.34,13405,United Kingdom
536957,21027,FAIRY CAKE FLANNEL ASSORTED COLOUR,2,2010-12-16 00:00:00,4.91,14199,United Kingdom
536958,21094,ASSORTED COLOUR BIRD ORNAMENT,1,2011-02-15 00:00:00,2.76,15321,France
536958,21086,LUNCH BAG RED RETROSPOT,2,2010-12-13 00:00:00,2.76,15498,United Kingdom
536958,21075,HEART OF WICKER SMALL,1,2011-01-05 00:00:00,13.06,13406,United Kingdom
536959,21050,LUNCH BAG RED RETROSPOT,9,2010-12-01 00:00:00,2.76,17450,France
536960,21021,HEART OF WICKER SMALL,2,2010-12-05 00:00:00,13.06,18200,United Kingdom
536961,21076,STRAWBERRY CERAMIC TRINKET POT,2,2010-12-23 00:00:00,1.34,15498,United Kingdom
536961,21066,PINK VINTAGE PAISLEY PICNIC BAG,9,2010-12-07 00:00:00,3.14,17004,Netherlands
536961,21078,PARTY BUNTING,1,2010-12-02 00:00:00,9.18,14373,Germany
536961,21083,WHITE HANGING HEART T-LIGHT HOLDER,4,2011-01-15 00:00:00,5.93,16189,Switzerland
536962,21071,PARTY BUNTING,3,2011-02-27 00:00:00,9.18,16839,Spain
536963,21013,HANGING METAL LANTERN,1,2010-12-12 00:00:00,12.57,15119,United Kingdom
536964,21035,BLUE KALMIA CERAMIC MUG,1,2010-12-01 00:00:00,3.58,18227,Belgium
536965,21068,JUMBO BAG PINK POLKADOT,5,2010-12-07 00:00:00,8.11,17519,United Kingdom
536966,21011,HEART OF WICKER SMALL,1,2010-12-07 00:00:00,13.06,12608,United Kingdom
536967,21061,SET OF 3 MONOCHROME HEART MUGS,1,2010-12-18 00:00:00,3.16,17850,Spain
536967,21006,FAIRY CAKE FLANNEL ASSORTED COLOUR,1,2010-12-08 00:00:00,4.91,12546,United Kingdom
536967,21074,PARTY BUNTING,3,2011-01-17 00:00:00,9.18,14301,Germany
536968,21026,BLUE KALMIA CERAMIC MUG,1,2010-12-13 00:00:00,3.58,13791,Germany
536968,21006,HEART SHAPED DOUGHNUT,1,2011-01-25 00:00:00,14.56,13422,Sweden
536969,21072,CHILLI LIGHTS,1,2010-12-12 00:00:00,0.8,16860,Spain
536970,21077,SET OF 3 MONOCHROME HEART MUGS,4,2010-12-13 00:00:00,3.16,14276,United Kingdom
536971,21068,JUMBO BAG PINK POLKADOT,1,2010-12-21 00:00:00,8.11,17434,United Kingdom
536972,21059,WHITE HANGING HEART T-LIGHT HOLDER,1,2010-12-31 00:00:00,5.93,14825,Germany
536972,21006,PINK VINTAGE PAISLEY PICNIC BAG,7,2010-12-08 00:00:00,3.14,15648,United Kingdom
536973,21019,HEART OF WICKER SMALL,5,2010-12-13 00:00:00,13.06,13086,Sweden
536974,21081,BLUE KALMIA CERAMIC MUG,16,2010-12-16 00:00:00,3.58,15743,United Kingdom
536975,21036,RETROSPOT TEA SET CERAMIC 11 PC,9,2010-12-24 00:00:00,4.72,14061,United Kingdom
536976,21066,WHITE HANGING HEART T-LIGHT HOLDER,1,2010-12-09 00:00:00,5.93,17534,United Kingdom
536976,21063,RETROSPOT TEA SET CERAMIC 11 PC,3,2011-02-17 00:00:00,4.72,15529,United Kingdom
536976,21068,HOME BUILDING BLOCK WORD,1,2010-12-05 00:00:00,9.22,15790,Netherlands
536977,21014,LOVE BUILDING BLOCK WORD,3,2010-12-01 00:00:00,10.77,13694,United Kingdom
536977,21090,LOVE BUILDING BLOCK WORD,7,2011-01-13 00:00:00,10.77,15322,United Kingdom
536978,21029,LOVE BUILDING BLOCK WORD,6,2010-12-20 00:00:00,10.77,15265,Netherlands
C536979,21079,HEART SHAPED DOUGHNUT,2,2010-12-14 00:00:00,14.56,15234,United Kingdom
536980,21016,LOVE BUILDING BLOCK WORD,8,2010-12-02 00:00:00,10.77,17277,United Kingdom
536980,21063,SET OF 3 MONOCHROME HEART MUGS,6,2011-04-23 00:00:00,3.16,12546,France
536980,21071,HOME BUILDING BLOCK WORD,2,2010-12-27 00:00:00,9.22,15790,Netherlands
536981,21002,STRAWBERRY CERAMIC TRINKET POT,6,2011-02-28 00:00:00,1.34,16759,United Kingdom
536982,21090,LUNCH BAG RED RETROSPOT,6,2010-12-23 00:00:00,2.76,12883,Germany
536983,21092,BLUE KALMIA CERAMIC MUG,2,2010-12-02 00:00:00,3.58,16938,United Kingdom
536983,21025,ASSORTED COLOUR BIRD ORNAMENT,1,2010-12-28 00:00:00,2.76,16988,Belgium
536984,21086,REGENCY CAKESTAND 3 TIER,3,2011-01-21 00:00:00,14.29,14487,United Kingdom
536985,21048,SET OF 3 MONOCHROME HEART MUGS,2,2010-12-10 00:00:00,3.16,16911,United Kingdom
536985,21052,BLUE KALMIA CERAMIC MUG,14,2011-01-18 00:00:00,3.58,17233,United Kingdom
536985,21009,HOME BUILDING BLOCK WORD,1,2011-01-29 00:00:00,9.22,16416,Portugal
536986,21062,ASSORTED COLOUR BIRD ORNAMENT,10,2011-02-11 00:00:00,2.76,13305,Germany
536986,21058,FAIRY CAKE FLANNEL ASSORTED COLOUR,1,2011-01-12 00:00:00,4.91,13621,United Kingdom
536987,21040,PINK VINTAGE PAISLEY PICNIC BAG,2,2010-12-10 00:00:00,3.14,14709,United Kingdom
536988,21048,JUMBO BAG RED RETROSPOT,3,2011-01-01 00:00:00,11.11,17654,United Kingdom
536989,21087,WHITE HANGING HEART T-LIGHT HOLDER,12,2011-02-07 00:00:00,5.93,13830,United Kingdom
536989,21012,HANGING METAL LANTERN,1,2011-01-22 00:00:00,12.57,13824,Spain
536989,21068,RETROSPOT TEA SET CERAMIC 11 PC,1,2010-12-03 00:00:00,4.72,15689,United Kingdom
536989,21026,REGENCY CAKESTAND 3 TIER,3,2011-02-17 00:00:00,14.29,17257,United Kingdom
536989,21052,CHILLI LIGHTS,5,2011-01-12 00:00:00,0.8,18193,Belgium
536990,21066,ASSORTED COLOUR BIRD ORNAMENT,6,2010-12-01 00:00:00,2.76,13530,United Kingdom
536991,21037,LOVE BUILDING BLOCK WORD,12,2011-03-05 00:00:00,10.77,14673,Germany
536992,21068,REGENCY CAKESTAND 3 TIER,6,2011-03-01 00:00:00,14.29,15355,United Kingdom
536993,21047,STRAWBERRY CERAMIC TRINKET POT,10,2010-12-29 00:00:00,1.34,13086,Switzerland
536993,21029,BLUE KALMIA CERAMIC MUG,1,2010-12-27 00:00:00,3.58,16337,France
536994,21039,BLUE KALMIA CERAMIC MUG,7,2011-02-26 00:00:00,3.58,16123,Netherlands
536995,21073,SET OF 3 MONOCHROME HEART MUGS,3,2010-12-20 00:00:00,3.16,14301,United Kingdom
536996,21072,PARTY BUNTING,5,2011-02-04 00:00:00,9.18,15907,United Kingdom
536997,21094,CHILLI LIGHTS,2,2010-12-25 00:00:00,0.8,13176,United Kingdom
536998,21016,STRAWBERRY CERAMIC TRINKET POT,8,2010-12-01 00:00:00,1.34,18223,United Kingdom
536999,21026,FAIRY CAKE FLANNEL ASSORTED COLOUR,12,2010-12-29 00:00:00,4.91,17221,Germany
537000,21081,WHITE HANGING HEART T-LIGHT HOLDER,5,2011-01-30 00:00:00,5.93,17480,Germany
537000,21039,HEART OF WICKER SMALL,2,2010-12-04 00:00:00,13.06,14408,United Kingdom
537001,21024,HANGING METAL LANTERN,2,2011-02-09 00:00:00,12.57,15093,Netherlands
537001,21055,REGENCY CAKESTAND 3 TIER,8,2010-12-24 00:00:00,14.29,15047,United Kingdom
537002,21020,PINK VINTAGE PAISLEY PICNIC BAG,2,2010-12-09 00:00:00,3.14,17594,Switzerland
537003,21086,HANGING METAL LANTERN,5,2010-12-31 00:00:00,12.57,18241,United Kingdom
537003,21080,REGENCY CAKESTAND 3 TIER,2,2010-12-02 00:00:00,14.29,17880,Sweden
C537004,21081,PINK VINTAGE PAISLEY PICNIC BAG,5,2010-12-17 00:00:00,3.14,16894,United Kingdom
537005,21073,FAIRY CAKE FLANNEL ASSORTED COLOUR,4,2010-12-12 00:00:00,4.91,15296,France
537006,21082,LOVE BUILDING BLOCK WORD,1,2010-12-11 00:00:00,10.77,17083,Italy
537007,21052,HANGING METAL LANTERN,2,2010-12-08 00:00:00,12.57,17927,Germany
537008,21087,REGENCY CAKESTAND 3 TIER,1,2010-12-10 00:00:00,14.29,13841,France
537008,21032,REGENCY CAKESTAND 3 TIER,1,2010-12-04 00:00:00,14.29,15660,Netherlands
537009,21013,REGENCY CAKESTAND 3 TIER,1,2011-02-05 00:00:00,14.29,15195,United Kingdom
537009,21056,ASSORTED COLOUR BIRD ORNAMENT,4,2010-12-18 00:00:00,2.76,15856,Netherlands
537010,21046,PARTY BUNTING,2,2010-12-30 00:00:00,9.18,14883,United Kingdom
537011,21093,HANGING METAL LANTERN,2,2011-02-16 00:00:00,12.57,18200,United Kingdom
537011,21018,JUMBO BAG PINK POLKADOT,3,2011-01-28 00:00:00,8.11,17098,United Kingdom
537011,21016,SET OF 3 MONOCHROME HEART MUGS,1,2011-01-17 00:00:00,3.16,15688,United Kingdom
537012,21022,RETROSPOT TEA SET CERAMIC 11 PC,5,2011-01-22 00:00:00,4.72,14673,Sweden
537013,21025,RETROSPOT TEA SET CERAMIC 11 PC,2,2010-12-18 00:00:00,4.72,18265,United Kingdom
537014,21015,HOME BUILDING BLOCK WORD,2,2010-12-17 00:00:00,9.22,16069,Germany
537015,21074,HEART OF WICKER SMALL,2,2010-12-18 00:00:00,13.06,15047,Germany
C537016,21089,PARTY BUNTING,1,2010-12-04 00:00:00,9.18,17796,United Kingdom
537016,21085,SET OF 3 MONOCHROME HEART MUGS,3,2011-01-04 00:00:00,3.16,15021,United Kingdom
537017,21051,CHOCOLATE HOT WATER BOTTLE,1,2011-01-07 00:00:00,6.76,18031,Belgium
537018,21085,HEART OF WICKER SMALL,5,2010-12-06 00:00:00,13.06,15702,United Kingdom
537019,21087,PINK VINTAGE PAISLEY PICNIC BAG,1,2010-12-26 00:00:00,3.14,16643,United Kingdom
537020,21093,WHITE HANGING HEART T-LIGHT HOLDER,4,2010-12-11 00:00:00,5.93,15075,Belgium
537020,21020,REGENCY CAKESTAND 3 TIER,4,2011-01-16 00:00:00,14.29,14411,United Kingdom
537021,21083,PINK VINTAGE PAISLEY PICNIC BAG,2,2011-01-18 00:00:00,3.14,15081,Germany
537022,21036,STRAWBERRY CERAMIC TRINKET POT,3,2010-12-08 00:00:00,1.34,14068,France
537023,21066,HOME BUILDING BLOCK WORD,1,2011-01-16 00:00:00,9.22,16488,United Kingdom
C537024,21056,HEART SHAPED DOUGHNUT,2,2011-02-21 00:00:00,14.56,15162,United Kingdom
537025,21045,CHILLI LIGHTS,1,2010-12-11 00:00:00,0.8,13362,Germany
537026,21012,JUMBO BAG RED RETROSPOT,10,2011-02-15 00:00:00,11.11,15766,United Kingdom
537027,21028,LOVE BUILDING BLOCK WORD,5,2011-01-08 00:00:00,10.77,15257,Switzerland
537028,21058,LOVE BUILDING BLOCK WORD,3,2011-01-18 00:00:00,10.77,15588,United Kingdom
537029,21006,RETROSPOT TEA SET CERAMIC 11 PC,4,2011-04-22 00:00:00,4.72,15321,United Kingdom
537029,21066,CHILLI LIGHTS,4,2011-02-03 00:00:00,0.8,13009,Netherlands
537030,21096,FAIRY CAKE FLANNEL ASSORTED COLOUR,2,2010-12-02 00:00:00,4.91,16436,United Kingdom
C537031,21051,ASSORTED COLOUR BIRD ORNAMENT,1,2011-01-07 00:00:00,2.76,17438,United Kingdom
537031,21049,HEART SHAPED DOUGHNUT,12,2010-12-10 00:00:00,14.56,13874,Switzerland
537032,21077,REGENCY CAKESTAND 3 TIER,3,2010-12-03 00:00:00,14.29,13367,United Kingdom
537033,21090,BLUE KALMIA CERAMIC MUG,2,2011-01-16 00:00:00,3.58,16643,Netherlands
537034,21024,RETROSPOT TEA SET CERAMIC 11 PC,7,2011-01-07 00:00:00,4.72,17098,Netherlands
537035,21030,JUMBO BAG PINK POLKADOT,20,2011-01-15 00:00:00,8.11,15673,United Kingdom
537035,21090,PARTY BUNTING,8,2010-12-18 00:00:00,9.18,15077,United Kingdom
537035,21040,SET OF 3 MONOCHROME HEART MUGS,3,2011-01-05 00:00:00,3.16,17857,France
537036,21068,LUNCH BAG RED RETROSPOT,5,2010-12-15 00:00:00,2.76,14387,United Kingdom
537037,21010,STRAWBERRY CERAMIC TRINKET POT,5,2010-12-15 00:00:00,1.34,14039,United Kingdom
537038,21006,ASSORTED COLOUR BIRD ORNAMENT,5,2010-12-04 00:00:00,2.76,15405,Sweden
537039,21026,CHILLI LIGHTS,3,2010-12-06 00:00:00,0.8,17319,United Kingdom
537040,21021,JUMBO BAG RED RETROSPOT,4,2010-12-09 00:00:00,11.11,17028,United Kingdom
537040,21018,HEART SHAPED DOUGHNUT,7,2011-02-04 00:00:00,14.56,14801,Belgium
537041,21096,LOVE BUILDING BLOCK WORD,2,2010-12-16 00:00:00,10.77,13197,Italy
537041,21023,CHOCOLATE HOT WATER BOTTLE,1,2011-03-19 00:00:00,6.76,16289,United Kingdom
537042,21065,HEART OF WICKER SMALL,1,2011-01-17 00:00:00,13.06,17571,Belgium
537042,21036,PARTY BUNTING,3,2010-12-15 00:00:00,9.18,12506,Sweden
537043,21038,JUMBO BAG RED RETROSPOT,3,2010-12-12 00:00:00,11.11,18252,United Kingdom
537044,21045,STRAWBERRY CERAMIC TRINKET POT,1,2011-01-24 00:00:00,1.34,17518,United Kingdom
537045,21026,REGENCY CAKESTAND 3 TIER,4,2011-01-09 00:00:00,14.29,15405,United Kingdom
537046,21056,SET OF 3 MONOCHROME HEART MUGS,9,2010-12-30 00:00:00,3.16,13086,France
537046,21087,BLUE KALMIA CERAMIC MUG,2,2011-05-02 00:00:00,3.58,13646,Germany
537046,21029,LOVE BUILDING BLOCK WORD,6,2010-12-19 00:00:00,10.77,13086,Spain
C537047,21040,HANGING METAL LANTERN,2,2010-12-01 00:00:00,12.57,14033,United Kingdom
537047,21046,STRAWBERRY CERAMIC TRINKET POT,1,2010-12-18 00:00:00,1.34,17338,United Kingdom
537048,21019,FAIRY CAKE FLANNEL ASSORTED COLOUR,2,2010-12-21 00:00:00,4.91,15673,United Kingdom
537049,21008,CHILLI LIGHTS,1,2010-12-28 00:00:00,0.8,12535,United Kingdom
537050,21003,JUMBO BAG PINK POLKADOT,1,2010-12-01 00:00:00,8.11,14959,United Kingdom
537051,21068,HANGING METAL LANTERN,2,2010-12-28 00:00:00,12.57,14646,Italy
537051,21055,PINK VINTAGE PAISLEY PICNIC BAG,5,2010-12-17 00:00:00,3.14,13362,United Kingdom
537052,21065,FAIRY CAKE FLANNEL ASSORTED COLOUR,2,2010-12-18 00:00:00,4.91,17205,United Kingdom
537053,21038,HANGING METAL LANTERN,4,2010-12-23 00:00:00,12.57,15351,Germany
537053,21030,JUMBO BAG PINK POLKADOT,7,2010-12-18 00:00:00,8.11,15445,France
537053,21060,ASSORTED COLOUR BIRD ORNAMENT,6,2010-12-16 00:00:00,2.76,12473,United Kingdom
537054,21084,LUNCH BAG RED RETROSPOT,6,2011-01-22 00:00:00,2.76,16938,United Kingdom
537055,21019,HOME BUILDING BLOCK WORD,2,2010-12-06 00:00:00,9.22,17657,United Kingdom
537056,21033,STRAWBERRY CERAMIC TRINKET POT,1,2010-12-15 00:00:00,1.34,15565,Switzerland
537057,21086,RETROSPOT TEA SET CERAMIC 11 PC,1,2010-12-07 00:00:00,4.72,15247,United Kingdom
537057,21090,PINK VINTAGE PAISLEY PICNIC BAG,2,2010-12-12 00:00:00,3.14,14061,United Kingdom
537058,21092,HEART OF WICKER SMALL,1,2010-12-10 00:00:00,13.06,16901,Italy
537059,21002,RETROSPOT TEA SET CERAMIC 11 PC,1,2010-12-15 00:00:00,4.72,12507,Germany
537060,21094,LOVE BUILDING BLOCK WORD,1,2010-12-12 00:00:00,10.77,13846,United Kingdom
537061,21002,HOME BUILDING BLOCK WORD,6,2011-01-06 00:00:00,9.22,16443,United Kingdom
537061,21079,LOVE BUILDING BLOCK WORD,1,2011-01-02 00:00:00,10.77,16622,United Kingdom
537062,21047,BLUE KALMIA CERAMIC MUG,1,2010-12-11 00:00:00,3.58,17571,Portugal
537063,21028,LUNCH BAG RED RETROSPOT,3,2011-01-18 00:00:00,2.76,14241,United Kingdom
537064,21080,JUMBO BAG RED RETROSPOT,2,2010-12-11 00:00:00,11.11,13415,United Kingdom
537064,21016,HEART SHAPED DOUGHNUT,3,2010-12-25 00:00:00,14.56,16269,United Kingdom
537065,21043,HOME BUILDING BLOCK WORD,9,2011-01-07 00:00:00,9.22,15120,Switzerland
537066,21022,HEART OF WICKER SMALL,1,2010-12-23 00:00:00,13.06,14080,United Kingdom
537067,21074,JUMBO BAG PINK POLKADOT,13,2010-12-15 00:00:00,8.11,17414,Spain
537068,21090,RETROSPOT TEA SET CERAMIC 11 PC,3,2010-12-10 00:00:00,4.72,16269,United Kingdom
537069,21074,REGENCY CAKESTAND 3 TIER,4,2010-12-17 00:00:00,14.29,12992,Netherlands
537069,21084,STRAWBERRY CERAMIC TRINKET POT,8,2010-12-08 00:00:00,1.34,15351,Spain
537069,21070,CHOCOLATE HOT WATER BOTTLE,4,2010-12-26 00:00:00,6.76,18224,United Kingdom
537070,21098,STRAWBERRY CERAMIC TRINKET POT,1,2011-02-16 00:00:00,1.34,13224,United Kingdom
537071,21002,JUMBO BAG PINK POLKADOT,2,2011-04-24 00:00:00,8.11,16537,United Kingdom
537072,21055,STRAWBERRY CERAMIC TRINKET POT,7,2010-12-03 00:00:00,1.34,15548,United Kingdom
537073,21048,PARTY BUNTING,2,2010-12-06 00:00:00,9.18,17976,United Kingdom
537074,21091,JUMBO BAG RED RETROSPOT,4,2010-12-04 00:00:00,11.11,17414,United Kingdom
537075,21079,BLUE KALMIA CERAMIC MUG,2,2011-02-28 00:00:00,3.58,17971,United Kingdom
537075,21034,LOVE BUILDING BLOCK WORD,3,2011-02-04 00:00:00,10.77,12536,France
537075,21005,WHITE HANGING HEART T-LIGHT HOLDER,1,2010-12-31 00:00:00,5.93,16811,United Kingdom
537076,21011,JUMBO BAG PINK POLKADOT,2,2010-12-08 00:00:00,8.11,13222,United Kingdom
537076,21008,HANGING METAL LANTERN,1,2011-01-15 00:00:00,12.57,12992,United Kingdom
537076,21086,ASSORTED COLOUR BIRD ORNAMENT,7,2011-01-30 00:00:00,2.76,13216,Belgium
537077,21053,RETROSPOT TEA SET CERAMIC 11 PC,4,2010-12-06 00:00:00,4.72,15277,Germany
537077,21064,FAIRY CAKE FLANNEL ASSORTED COLOUR,1,2011-02-20 00:00:00,4.91,17739,United Kingdom
537077,21059,FAIRY CAKE FLANNEL ASSORTED COLOUR,3,2010-12-14 00:00:00,4.91,17414,Germany
537078,21015,LUNCH BAG RED RETROSPOT,1,2011-02-04 00:00:00,2.76,17322,United Kingdom
537079,21029,HANGING METAL LANTERN,2,2010-12-21 00:00:00,12.57,16779,United Kingdom
537080,21074,LOVE BUILDING BLOCK WORD,4,2010-12-08 00:00:00,10.77,14487,Germany
537081,21062,LUNCH BAG RED RETROSPOT,4,2011-01-03 00:00:00,2.76,14870,Germany
537081,21011,LUNCH BAG RED RETROSPOT,1,2010-12-13 00:00:00,2.76,12362,United Kingdom
537082,21052,HEART SHAPED DOUGHNUT,1,2010-12-11 00:00:00,14.56,14199,Italy
537083,21099,JUMBO BAG RED RETROSPOT,6,2011-01-06 00:00:00,11.11,18045,United Kingdom
537083,21020,RETROSPOT TEA SET CERAMIC 11 PC,4,2010-12-05 00:00:00,4.72,16982,Germany
537083,21038,ASSORTED COLOUR BIRD ORNAMENT,3,2010-12-13 00:00:00,2.76,16860,United Kingdom
537084,21014,PINK VINTAGE PAISLEY PICNIC BAG,2,2010-12-09 00:00:00,3.14,15307,United Kingdom
537084,21001,ASSORTED COLOUR BIRD ORNAMENT,4,2010-12-20 00:00:00,2.76,16269,United Kingdom
537085,21047,RETROSPOT TEA SET CERAMIC 11 PC,1,2011-01-03 00:00:00,4.72,14395,Germany
537085,21029,HOME BUILDING BLOCK WORD,6,2010-12-04 00:00:00,9.22,14327,France
537086,21017,PARTY BUNTING,6,2010-12-28 00:00:00,9.18,16537,Italy
537086,21045,LOVE BUILDING BLOCK WORD,1,2011-03-15 00:00:00,10.77,15689,United Kingdom
537087,21076,JUMBO BAG PINK POLKADOT,1,2010-12-30 00:00:00,8.11,13621,Netherlands
537088,21004,JUMBO BAG RED RETROSPOT,2,2010-12-24 00:00:00,11.11,12410,Belgium
537088,21044,JUMBO BAG RED RETROSPOT,2,2010-12-28 00:00:00,11.11,15234,Portugal
537089,21030,WHITE HANGING HEART T-LIGHT HOLDER,6,2010-12-03 00:00:00,5.93,14068,France
537090,21082,SET OF 3 MONOCHROME HEART MUGS,3,2010-12-11 00:00:00,3.16,17583,Spain
537090,21004,PINK VINTAGE PAISLEY PICNIC BAG,3,2011-01-16 00:00:00,3.14,16988,United Kingdom
537091,21013,HEART OF WICKER SMALL,8,2010-12-06 00:00:00,13.06,13830,Spain
537092,21050,JUMBO BAG PINK POLKADOT,3,2010-12-24 00:00:00,8.11,17534,United Kingdom
537093,21077,REGENCY CAKESTAND 3 TIER,3,2010-12-12 00:00:00,14.29,17319,United Kingdom
537094,21084,LOVE BUILDING BLOCK WORD,5,2010-12-08 00:00:00,10.77,17971,United Kingdom
537095,21036,STRAWBERRY CERAMIC TRINKET POT,1,2010-12-27 00:00:00,1.34,15080,United Kingdom
537095,21002,BLUE KALMIA CERAMIC MUG,2,2011-03-12 00:00:00,3.58,13391,United Kingdom
537096,21096,PINK VINTAGE PAISLEY PICNIC BAG,13,2010-12-13 00:00:00,3.14,17239,United Kingdom
537096,21042,CHILLI LIGHTS,9,2011-02-17 00:00:00,0.8,18193,United Kingdom
537097,21075,JUMBO BAG PINK POLKADOT,2,2011-01-10 00:00:00,8.11,15265,France
537098,21081,JUMBO BAG PINK POLKADOT,3,2011-01-02 00:00:00,8.11,13977,United Kingdom
537099,21052,PARTY BUNTING,5,2010-12-18 00:00:00,9.18,14825,Netherlands
537100,21061,PARTY BUNTING,4,2010-12-27 00:00:00,9.18,12536,United Kingdom
537101,21070,PARTY BUNTING,1,2010-12-26 00:00:00,9.18,15119,United Kingdom
537102,21072,HOME BUILDING BLOCK WORD,1,2010-12-28 00:00:00,9.22,14241,United Kingdom
537103,21081,CHOCOLATE HOT WATER BOTTLE,7,2010-12-27 00:00:00,6.76,17319,United Kingdom
537104,21003,CHILLI LIGHTS,9,2010-12-31 00:00:00,0.8,15406,France
537105,21029,JUMBO BAG PINK POLKADOT,2,2010-12-19 00:00:00,8.11,17480,United Kingdom
537106,21067,PINK VINTAGE PAISLEY PICNIC BAG,7,2010-12-02 00:00:00,3.14,14903,United Kingdom
537107,21044,WHITE HANGING HEART T-LIGHT HOLDER,2,2010-12-03 00:00:00,5.93,17493,France
537107,21014,HANGING METAL LANTERN,2,2010-12-03 00:00:00,12.57,13300,Belgium
537108,21063,HEART SHAPED DOUGHNUT,5,2010-12-26 00:00:00,14.56,15803,Belgium
537108,21079,STRAWBERRY CERAMIC TRINKET POT,4,2010-12-02 00:00:00,1.34,16834,United Kingdom
537108,21074,HANGING METAL LANTERN,1,2011-01-01 00:00:00,12.57,14032,United Kingdom
537109,21081,HEART OF WICKER SMALL,1,2011-01-07 00:00:00,13.06,15162,United Kingdom
537109,21021,PINK VINTAGE PAISLEY PICNIC BAG,1,2010-12-03 00:00:00,3.14,15075,United Kingdom
537110,21090,FAIRY CAKE FLANNEL ASSORTED COLOUR,1,2011-02-11 00:00:00,4.91,15852,Switzerland
537111,21091,REGENCY CAKESTAND 3 TIER,2,2010-12-10 00:00:00,14.29,15902,United Kingdom
537111,21036,PINK VINTAGE PAISLEY PICNIC BAG,2,2010-12-29 00:00:00,3.14,18252,United Kingdom
537112,21076,CHOCOLATE HOT WATER BOTTLE,2,2011-01-01 00:00:00,6.76,13994,Italy
537112,21069,JUMBO BAG RED RETROSPOT,3,2011-03-06 00:00:00,11.11,14831,United Kingdom
537113,21031,BLUE KALMIA CERAMIC MUG,1,2010-12-02 00:00:00,3.58,17205,France
537114,21048,JUMBO BAG RED RETROSPOT,4,2010-12-01 00:00:00,11.11,15618,United Kingdom
537115,21024,PARTY BUNTING,10,2010-12-17 00:00:00,9.18,17123,United Kingdom
537116,21051,HANGING METAL LANTERN,2,2011-01-11 00:00:00,12.57,15247,United Kingdom
537117,21058,CHILLI LIGHTS,4,2011-01-24 00:00:00,0.8,17583,United Kingdom
537118,21006,REGENCY CAKESTAND 3 TIER,2,2010-12-12 00:00:00,14.29,12838,Spain
537119,21030,LOVE BUILDING BLOCK WORD,5,2010-12-04 00:00:00,10.77,17661,United Kingdom
537120,21007,FAIRY CAKE FLANNEL ASSORTED COLOUR,2,2010-12-13 00:00:00,4.91,17523,United Kingdom
537121,21079,CHILLI LIGHTS,2,2010-12-17 00:00:00,0.8,16779,United Kingdom
537121,21015,JUMBO BAG PINK POLKADOT,4,2011-01-03 00:00:00,8.11,16894,United Kingdom
537122,21085,LOVE BUILDING BLOCK WORD,2,2010-12-23 00:00:00,10.77,17438,Italy
537122,21042,PINK VINTAGE PAISLEY PICNIC BAG,3,2010-12-08 00:00:00,3.14,16894,United Kingdom
537123,21073,SET OF 3 MONOCHROME HEART MUGS,4,2010-12-01 00:00:00,3.16,16360,United Kingdom
537124,21058,HEART OF WICKER SMALL,2,2010-12-09 00:00:00,13.06,12681,Switzerland
537124,21092,HEART SHAPED DOUGHNUT,2,2010-12-02 00:00:00,14.56,14673,France
537124,21077,LUNCH BAG RED RETROSPOT,3,2011-02-23 00:00:00,2.76,15265,Germany
537125,21089,JUMBO BAG PINK POLKADOT,7,2011-02-13 00:00:00,8.11,13428,Spain
537125,21023,HEART SHAPED DOUGHNUT,4,2011-01-02 00:00:00,14.56,12981,United Kingdom
537125,21017,SET OF 3 MONOCHROME HEART MUGS,4,2010-12-17 00:00:00,3.16,16537,United Kingdom
537126,21072,ASSORTED COLOUR BIRD ORNAMENT,4,2010-12-10 00:00:00,2.76,15047,Switzerland
537127,21029,PINK VINTAGE PAISLEY PICNIC BAG,2,2010-12-11 00:00:00,3.14,16333,United Kingdom
537128,21099,PINK VINTAGE PAISLEY PICNIC BAG,2,2010-12-19 00:00:00,3.14,12548,United Kingdom
537128,21038,HOME BUILDING BLOCK WORD,1,2010-12-17 00:00:00,9.22,16339,United Kingdom
537129,21081,BLUE KALMIA CERAMIC MUG,6,2010-12-25 00:00:00,3.58,17661,Switzerland
537130,21030,WHITE HANGING HEART T-LIGHT HOLDER,2,2011-01-23 00:00:00,5.93,12647,United Kingdom
537130,21044,HEART SHAPED DOUGHNUT,2,2010-12-09 00:00:00,14.56,12870,United Kingdom
537131,21044,SET OF 3 MONOCHROME HEART MUGS,1,2010-12-05 00:00:00,3.16,12737,United Kingdom
537132,21007,HANGING METAL LANTERN,2,2010-12-02 00:00:00,12.57,16436,United Kingdom
537133,21026,BLUE KALMIA CERAMIC MUG,11,2010-12-01 00:00:00,3.58,15136,United Kingdom
537133,21085,JUMBO BAG PINK POLKADOT,2,2011-01-06 00:00:00,8.11,17568,Belgium
537134,21007,JUMBO BAG PINK POLKADOT,1,2010-12-01 00:00:00,8.11,17126,United Kingdom
537135,21064,PARTY BUNTING,1,2010-12-02 00:00:00,9.18,12838,United Kingdom
537135,21008,HEART OF WICKER SMALL,14,2010-12-20 00:00:00,13.06,16944,United Kingdom
537136,21052,LOVE BUILDING BLOCK WORD,1,2011-01-24 00:00:00,10.77,16236,United Kingdom
C537137,21064,FAIRY CAKE FLANNEL ASSORTED COLOUR,5,2011-01-29 00:00:00,4.91,15688,Switzerland
537137,21078,REGENCY CAKESTAND 3 TIER,4,2010-12-05 00:00:00,14.29,15715,Italy
537137,21050,SET OF 3 MONOCHROME HEART MUGS,7,2011-01-09 00:00:00,3.16,17081,United Kingdom
537138,21076,JUMBO BAG PINK POLKADOT,6,2010-12-16 00:00:00,8.11,13176,United Kingdom
537139,21009,RETROSPOT TEA SET CERAMIC 11 PC,3,2010-12-04 00:00:00,4.72,13613,Germany
537139,21091,WHITE HANGING HEART T-LIGHT HOLDER,1,2011-03-11 00:00:00,5.93,15413,United Kingdom
537140,21058,PINK VINTAGE PAISLEY PICNIC BAG,5,2011-03-14 00:00:00,3.14,13816,Spain
537141,21038,PINK VINTAGE PAISLEY PICNIC BAG,1,2011-01-11 00:00:00,3.14,18238,United Kingdom
537142,21042,FAIRY CAKE FLANNEL ASSORTED COLOUR,8,2011-02-20 00:00:00,4.91,12858,France
537143,21082,RETROSPOT TEA SET CERAMIC 11 PC,2,2011-01-10 00:00:00,4.72,15257,United Kingdom
537143,21001,FAIRY CAKE FLANNEL ASSORTED COLOUR,2,2010-12-01 00:00:00,4.91,17028,United Kingdom
537144,21053,PARTY BUNTING,2,2011-03-29 00:00:00,9.18,15265,Spain
537144,21040,RETROSPOT TEA SET CERAMIC 11 PC,1,2011-01-09 00:00:00,4.72,15119,United Kingdom
537144,21058,JUMBO BAG PINK POLKADOT,6,2010-12-02 00:00:00,8.11,14068,Germany
537144,21024,STRAWBERRY CERAMIC TRINKET POT,6,2010-12-11 00:00:00,1.34,15537,Germany
537145,21012,HANGING METAL LANTERN,2,2011-02-16 00:00:00,12.57,17277,United Kingdom
537146,21029,LOVE BUILDING BLOCK WORD,1,2010-12-18 00:00:00,10.77,14646,Belgium
537147,21084,PARTY BUNTING,4,2010-12-14 00:00:00,9.18,14032,France
537148,21098,FAIRY CAKE FLANNEL ASSORTED COLOUR,6,2010-12-22 00:00:00,4.91,12969,Belgium
537149,21088,CHOCOLATE HOT WATER BOTTLE,2,2011-03-07 00:00:00,6.76,16461,United Kingdom
537150,21087,JUMBO BAG RED RETROSPOT,2,2011-01-22 00:00:00,11.11,12883,Germany
537150,21077,PARTY BUNTING,2,2010-12-08 00:00:00,9.18,13374,United Kingdom
537151,21077,HOME BUILDING BLOCK WORD,1,2011-02-19 00:00:00,9.22,16477,United Kingdom
537152,21041,SET OF 3 MONOCHROME HEART MUGS,2,2011-01-23 00:00:00,3.16,16860,United Kingdom
537153,21013,RETROSPOT TEA SET CERAMIC 11 PC,2,2011-04-12 00:00:00,4.72,15928,United Kingdom
537154,21099,PINK VINTAGE PAISLEY PICNIC BAG,3,2010-12-26 00:00:00,3.14,17319,United Kingdom
537155,21057,HANGING METAL LANTERN,9,2011-01-08 00:00:00,12.57,18223,United Kingdom
537156,21018,LOVE BUILDING BLOCK WORD,2,2011-03-11 00:00:00,10.77,17462,United Kingdom
537156,21047,WHITE HANGING HEART T-LIGHT HOLDER,19,2010-12-12 00:00:00,5.93,13415,United Kingdom
537157,21023,BLUE KALMIA CERAMIC MUG,9,2010-12-21 00:00:00,3.58,13121,United Kingdom
537157,21067,ASSORTED COLOUR BIRD ORNAMENT,2,2010-12-16 00:00:00,2.76,14904,France
C537158,21031,LUNCH BAG RED RETROSPOT,6,2011-01-04 00:00:00,2.76,15650,United Kingdom
537158,21081,HEART OF WICKER SMALL,1,2010-12-26 00:00:00,13.06,17277,Belgium
537159,21004,HEART OF WICKER SMALL,5,2010-12-13 00:00:00,13.06,14781,Germany
537160,21050,PARTY BUNTING,1,2010-12-03 00:00:00,9.18,13086,Belgium
537161,21039,PARTY BUNTING,3,2011-03-02 00:00:00,9.18,13709,Belgium
537162,21084,SET OF 3 MONOCHROME HEART MUGS,3,2010-12-25 00:00:00,3.16,16894,United Kingdom
537162,21004,HOME BUILDING BLOCK WORD,1,2011-01-31 00:00:00,9.22,12909,United Kingdom
537162,21058,WHITE HANGING HEART T-LIGHT HOLDER,3,2010-12-04 00:00:00,5.93,14959,United Kingdom
537163,21029,STRAWBERRY CERAMIC TRINKET POT,1,2011-02-09 00:00:00,1.34,16628,Belgium
537164,21095,JUMBO BAG RED RETROSPOT,1,2010-12-09 00:00:00,11.11,17257,United Kingdom
537165,21029,BLUE KALMIA CERAMIC MUG,1,2011-01-16 00:00:00,3.58,17769,United Kingdom
537166,21018,PINK VINTAGE PAISLEY PICNIC BAG,2,2011-01-31 00:00:00,3.14,13055,Germany
537166,21034,ASSORTED COLOUR BIRD ORNAMENT,4,2010-12-15 00:00:00,2.76,13824,United Kingdom
537167,21021,HOME BUILDING BLOCK WORD,2,2010-12-06 00:00:00,9.22,16957,United Kingdom
537168,21088,LOVE BUILDING BLOCK WORD,1,2011-03-16 00:00:00,10.77,15195,United Kingdom
537169,21025,JUMBO BAG PINK POLKADOT,4,2010-12-11 00:00:00,8.11,13405,United Kingdom
537169,21097,STRAWBERRY CERAMIC TRINKET POT,3,2010-12-19 00:00:00,1.34,15119,United Kingdom
537170,21070,JUMBO BAG PINK POLKADOT,1,2010-12-03 00:00:00,8.11,15470,United Kingdom
537171,21008,ASSORTED COLOUR BIRD ORNAMENT,5,2011-01-24 00:00:00,2.76,17557,Germany
537172,21074,CHILLI LIGHTS,7,2010-12-01 00:00:00,0.8,15820,France
537173,21093,LOVE BUILDING BLOCK WORD,2,2010-12-21 00:00:00,10.77,13500,United Kingdom
537174,21031,FAIRY CAKE FLANNEL ASSORTED COLOUR,21,2010-12-14 00:00:00,4.91,14327,United Kingdom
537175,21036,HOME BUILDING BLOCK WORD,1,2010-12-02 00:00:00,9.22,14601,United Kingdom
537176,21017,BLUE KALMIA CERAMIC MUG,2,2010-12-05 00:00:00,3.58,13305,United Kingdom
537177,21034,FAIRY CAKE FLANNEL ASSORTED COLOUR,3,2010-12-14 00:00:00,4.91,13361,United Kingdom
537177,21044,RETROSPOT TEA SET CERAMIC 11 PC,1,2011-01-20 00:00:00,4.72,15351,Portugal
537178,21024,HEART SHAPED DOUGHNUT,4,2010-12-06 00:00:00,14.56,16839,France
537179,21027,STRAWBERRY CERAMIC TRINKET POT,1,2010-12-04 00:00:00,1.34,13875,Spain
537179,21094,FAIRY CAKE FLANNEL ASSORTED COLOUR,13,2010-12-25 00:00:00,4.91,15782,United Kingdom
537180,21014,WHITE HANGING HEART T-LIGHT HOLDER,3,2011-01-28 00:00:00,5.93,15973,Belgium
537181,21093,HANGING METAL LANTERN,2,2010-12-03 00:00:00,12.57,13045,United Kingdom
537182,21053,JUMBO BAG RED RETROSPOT,1,2010-12-01 00:00:00,11.11,14276,United Kingdom
537182,21063,LOVE BUILDING BLOCK WORD,1,2010-12-05 00:00:00,10.77,17857,Switzerland
537183,21056,CHOCOLATE HOT WATER BOTTLE,4,2010-12-30 00:00:00,6.76,13981,United Kingdom
537184,21040,CHOCOLATE HOT WATER BOTTLE,3,2010-12-12 00:00:00,6.76,15493,United Kingdom
537184,21045,JUMBO BAG PINK POLKADOT,1,2011-02-04 00:00:00,8.11,12546,United Kingdom
537185,21047,WHITE HANGING HEART T-LIGHT HOLDER,2,2010-12-22 00:00:00,5.93,15454,France
537186,21072,HANGING METAL LANTERN,1,2011-01-20 00:00:00,12.57,14061,France
537187,21069,FAIRY CAKE FLANNEL ASSORTED COLOUR,4,2011-02-06 00:00:00,4.91,16860,United Kingdom
537188,21048,SET OF 3 MONOCHROME HEART MUGS,1,2011-01-30 00:00:00,3.16,13391,United Kingdom
537188,21057,HANGING METAL LANTERN,3,2011-01-07 00:00:00,12.57,15157,United Kingdom
537188,21017,RETROSPOT TEA SET CERAMIC 11 PC,3,2010-12-17 00:00:00,4.72,13830,United Kingdom
537189,21002,JUMBO BAG RED RETROSPOT,2,2011-01-12 00:00:00,11.11,15580,Germany
537189,21093,FAIRY CAKE FLANNEL ASSORTED COLOUR,2,2010-12-10 00:00:00,4.91,15601,United Kingdom
537190,21070,CHOCOLATE HOT WATER BOTTLE,1,2011-01-07 00:00:00,6.76,17205,United Kingdom
537191,21040,HEART SHAPED DOUGHNUT,1,2010-12-09 00:00:00,14.56,17880,United Kingdom
537192,21087,PARTY BUNTING,1,2010-12-17 00:00:00,9.18,14344,United Kingdom
537192,21039,PINK VINTAGE PAISLEY PICNIC BAG,2,2011-02-21 00:00:00,3.14,14546,United Kingdom
537192,21071,LOVE BUILDING BLOCK WORD,22,2011-01-24 00:00:00,10.77,13824,United Kingdom
537193,21017,JUMBO BAG PINK POLKADOT,1,2010-12-04 00:00:00,8.11,15790,United Kingdom
537194,21063,HEART OF WICKER SMALL,3,2010-12-01 00:00:00,13.06,14646,United Kingdom
537195,21040,HANGING METAL LANTERN,5,2010-12-25 00:00:00,12.57,15039,United Kingdom
537196,21032,WHITE HANGING HEART T-LIGHT HOLDER,1,2011-01-19 00:00:00,5.93,14487,Germany
537197,21049,REGENCY CAKESTAND 3 TIER,4,2011-01-07 00:00:00,14.29,14241,United Kingdom
537198,21098,HEART SHAPED DOUGHNUT,1,2011-02-04 00:00:00,14.56,18224,United Kingdom
537199,21009,HEART SHAPED DOUGHNUT,1,2010-12-20 00:00:00,14.56,17595,United Kingdom
537199,21088,PARTY BUNTING,2,2011-01-01 00:00:00,9.18,13564,Belgium
537199,21004,HOME BUILDING BLOCK WORD,2,2010-12-11 00:00:00,9.22,17881,United Kingdom
537200,21044,CHILLI LIGHTS,1,2011-03-21 00:00:00,0.8,16269,United Kingdom
537201,21030,CHOCOLATE HOT WATER BOTTLE,5,2010-12-20 00:00:00,6.76,12350,United Kingdom
537202,21059,CHILLI LIGHTS,1,2011-02-14 00:00:00,0.8,15597,United Kingdom
537203,21053,HEART SHAPED DOUGHNUT,1,2011-01-09 00:00:00,14.56,12507,France
537203,21008,HANGING METAL LANTERN,7,2010-12-01 00:00:00,12.57,16082,Portugal
537204,21091,FAIRY CAKE FLANNEL ASSORTED COLOUR,6,2011-01-04 00:00:00,4.91,15215,United Kingdom
537204,21076,LOVE BUILDING BLOCK WORD,4,2011-02-05 00:00:00,10.77,14883,Switzerland
537204,21044,RETROSPOT TEA SET CERAMIC 11 PC,6,2010-12-13 00:00:00,4.72,15162,United Kingdom
537204,21034,SET OF 3 MONOCHROME HEART MUGS,1,2010-12-02 00:00:00,3.16,17754,Belgium
537205,21091,LOVE BUILDING BLOCK WORD,10,2010-12-22 00:00:00,10.77,17625,United Kingdom
537205,21095,WHITE HANGING HEART T-LIGHT HOLDER,1,2010-12-24 00:00:00,5.93,16094,Spain
537206,21025,LOVE BUILDING BLOCK WORD,1,2011-01-04 00:00:00,10.77,14332,United Kingdom
537207,21085,HEART SHAPED DOUGHNUT,2,2010-12-01 00:00:00,14.56,17279,United Kingdom
537207,21087,RETROSPOT TEA SET CERAMIC 11 PC,3,2010-12-16 00:00:00,4.72,16845,Germany
537207,21015,STRAWBERRY CERAMIC TRINKET POT,1,2010-12-02 00:00:00,1.34,15702,Germany
537208,21022,HEART OF WICKER SMALL,11,2011-04-08 00:00:00,13.06,13874,United Kingdom
537209,21040,STRAWBERRY CERAMIC TRINKET POT,4,2011-01-08 00:00:00,1.34,13405,Belgium
537210,21022,RETROSPOT TEA SET CERAMIC 11 PC,2,2011-03-27 00:00:00,4.72,15989,Italy
537211,21045,SET OF 3 MONOCHROME HEART MUGS,1,2010-12-30 00:00:00,3.16,16759,United Kingdom
537211,21075,HEART OF WICKER SMALL,4,2011-01-03 00:00:00,13.06,14837,United Kingdom
537212,21088,CHILLI LIGHTS,4,2010-12-09 00:00:00,0.8,15548,France
537213,21096,ASSORTED COLOUR BIRD ORNAMENT,3,2010-12-09 00:00:00,2.76,15902,United Kingdom
537213,21032,STRAWBERRY CERAMIC TRINKET POT,6,2010-12-19 00:00:00,1.34,17796,United Kingdom
537214,21062,LOVE BUILDING BLOCK WORD,1,2010-12-10 00:00:00,10.77,15321,United Kingdom
537215,21038,BLUE KALMIA CERAMIC MUG,5,2010-12-18 00:00:00,3.58,15464,United Kingdom
537216,21018,JUMBO BAG RED RETROSPOT,3,2011-01-01 00:00:00,11.11,17754,Germany
537217,21086,ASSORTED COLOUR BIRD ORNAMENT,4,2011-03-18 00:00:00,2.76,14393,Belgium
537217,21073,JUMBO BAG RED RETROSPOT,8,2011-01-08 00:00:00,11.11,17583,United Kingdom
537218,21099,STRAWBERRY CERAMIC TRINKET POT,3,2010-12-13 00:00:00,1.34,13200,Netherlands
537218,21051,LOVE BUILDING BLOCK WORD,1,2011-01-11 00:00:00,10.77,14825,United Kingdom
537218,21017,JUMBO BAG PINK POLKADOT,6,2010-12-13 00:00:00,8.11,14714,United Kingdom
537219,21051,JUMBO BAG PINK POLKADOT,1,2011-03-27 00:00:00,8.11,12834,Italy
537220,21054,WHITE HANGING HEART T-LIGHT HOLDER,2,2011-03-14 00:00:00,5.93,13176,United Kingdom
537221,21072,STRAWBERRY CERAMIC TRINKET POT,7,2010-12-09 00:00:00,1.34,15419,United Kingdom
537222,21019,RETROSPOT TEA SET CERAMIC 11 PC,2,2010-12-19 00:00:00,4.72,14837,United Kingdom
537223,21056,RETROSPOT TEA SET CERAMIC 11 PC,1,2011-04-15 00:00:00,4.72,14611,Sweden
537224,21062,LOVE BUILDING BLOCK WORD,1,2011-02-02 00:00:00,10.77,14709,France
537224,21082,REGENCY CAKESTAND 3 TIER,6,2010-12-28 00:00:00,14.29,12908,France
C537225,21017,JUMBO BAG RED RETROSPOT,4,2010-12-01 00:00:00,11.11,17661,France
537226,21073,STRAWBERRY CERAMIC TRINKET POT,1,2011-01-03 00:00:00,1.34,14914,United Kingdom
537227,21033,PINK VINTAGE PAISLEY PICNIC BAG,2,2010-12-06 00:00:00,3.14,15856,Germany
537228,21005,BLUE KALMIA CERAMIC MUG,2,2010-12-29 00:00:00,3.58,15307,United Kingdom
537229,21090,ASSORTED COLOUR BIRD ORNAMENT,1,2010-12-13 00:00:00,2.76,16901,United Kingdom
537229,21053,WHITE HANGING HEART T-LIGHT HOLDER,1,2010-12-10 00:00:00,5.93,13358,Switzerland
537230,21041,CHOCOLATE HOT WATER BOTTLE,8,2010-12-31 00:00:00,6.76,16643,France
537231,21072,ASSORTED COLOUR BIRD ORNAMENT,9,2010-12-27 00:00:00,2.76,12647,United Kingdom
537232,21093,HANGING METAL LANTERN,4,2010-12-12 00:00:00,12.57,14028,United Kingdom
537233,21031,HANGING METAL LANTERN,9,2011-02-06 00:00:00,12.57,15454,Netherlands
537233,21050,CHOCOLATE HOT WATER BOTTLE,13,2010-12-31 00:00:00,6.76,16416,United Kingdom
537233,21062,ASSORTED COLOUR BIRD ORNAMENT,1,2010-12-03 00:00:00,2.76,18227,United Kingdom
537234,21093,FAIRY CAKE FLANNEL ASSORTED COLOUR,1,2011-01-26 00:00:00,4.91,12992,United Kingdom
537235,21017,CHILLI LIGHTS,11,2011-01-14 00:00:00,0.8,16186,United Kingdom
537236,21004,STRAWBERRY CERAMIC TRINKET POT,1,2011-01-28 00:00:00,1.34,15450,Germany
537237,21057,WHITE HANGING HEART T-LIGHT HOLDER,1,2010-12-08 00:00:00,5.93,17100,United Kingdom
537238,21054,HANGING METAL LANTERN,1,2011-01-05 00:00:00,12.57,15790,United Kingdom
537239,21099,HEART SHAPED DOUGHNUT,14,2010-12-31 00:00:00,14.56,13715,United Kingdom
537239,21049,HEART SHAPED DOUGHNUT,1,2010-12-06 00:00:00,14.56,12905,Portugal
537239,21014,HOME BUILDING BLOCK WORD,8,2011-01-06 00:00:00,9.22,12546,United Kingdom
537240,21035,CHILLI LIGHTS,9,2011-01-01 00:00:00,0.8,17876,Germany
537240,21030,STRAWBERRY CERAMIC TRINKET POT,1,2010-12-28 00:00:00,1.34,16461,Switzerland
537240,21091,LOVE BUILDING BLOCK WORD,1,2011-03-31 00:00:00,10.77,15036,Germany
537241,21044,LUNCH BAG RED RETROSPOT,9,2010-12-27 00:00:00,2.76,17414,Germany
C537241,21022,HOME BUILDING BLOCK WORD,2,2011-01-03 00:00:00,9.22,14624,France
537242,21074,LUNCH BAG RED RETROSPOT,2,2010-12-01 00:00:00,2.76,17215,United Kingdom
537242,21096,HEART OF WICKER SMALL,11,2010-12-05 00:00:00,13.06,16894,Belgium
537242,21087,CHOCOLATE HOT WATER BOTTLE,1,2011-02-11 00:00:00,6.76,13415,Portugal
537242,21098,HEART SHAPED DOUGHNUT,1,2011-01-04 00:00:00,14.56,15345,Belgium
537243,21033,LUNCH BAG RED RETROSPOT,6,2011-02-26 00:00:00,2.76,14902,Netherlands
537243,21054,HEART SHAPED DOUGHNUT,1,2011-01-02 00:00:00,14.56,15257,United Kingdom
537244,21008,RETROSPOT TEA SET CERAMIC 11 PC,2,2010-12-20 00:00:00,4.72,15355,Germany
537245,21088,RETROSPOT TEA SET CERAMIC 11 PC,1,2010-12-29 00:00:00,4.72,13045,United Kingdom
537246,21068,HEART OF WICKER SMALL,10,2011-01-26 00:00:00,13.06,15715,France
537246,21039,RETROSPOT TEA SET CERAMIC 11 PC,4,2010-12-23 00:00:00,4.72,13326,Portugal
C537247,21065,ASSORTED COLOUR BIRD ORNAMENT,3,2010-12-19 00:00:00,2.76,15660,United Kingdom
537248,21074,HEART OF WICKER SMALL,3,2011-03-08 00:00:00,13.06,18210,United Kingdom
537249,21034,HEART SHAPED DOUGHNUT,3,2010-12-06 00:00:00,14.56,13112,France
537250,21019,WHITE HANGING HEART T-LIGHT HOLDER,2,2010-12-24 00:00:00,5.93,16628,United Kingdom
537250,21076,CHILLI LIGHTS,1,2010-12-04 00:00:00,0.8,12410,United Kingdom
537250,21097,JUMBO BAG PINK POLKADOT,1,2010-12-01 00:00:00,8.11,17205,Germany
537251,21038,HANGING METAL LANTERN,9,2011-01-02 00:00:00,12.57,15075,France
537252,21010,CHILLI LIGHTS,4,2010-12-07 00:00:00,0.8,16109,Italy
537252,21066,PINK VINTAGE PAISLEY PICNIC BAG,2,2011-03-27 00:00:00,3.14,16957,United Kingdom
C537252,21001,HANGING METAL LANTERN,1,2010-12-04 00:00:00,12.57,16082,United Kingdom
537253,21061,JUMBO BAG PINK POLKADOT,2,2011-01-16 00:00:00,8.11,17082,United Kingdom
537254,21003,PARTY BUNTING,1,2010-12-19 00:00:00,9.18,15466,United Kingdom
537255,21083,JUMBO BAG RED RETROSPOT,2,2010-12-09 00:00:00,11.11,15991,United Kingdom
537256,21015,JUMBO BAG PINK POLKADOT,4,2010-12-24 00:00:00,8.11,17434,Belgium
537256,21036,PINK VINTAGE PAISLEY PICNIC BAG,6,2011-01-27 00:00:00,3.14,17534,United Kingdom
537257,21056,REGENCY CAKESTAND 3 TIER,1,2010-12-08 00:00:00,14.29,18210,United Kingdom
537257,21060,RETROSPOT TEA SET CERAMIC 11 PC,15,2011-01-01 00:00:00,4.72,16842,Italy
537258,21016,STRAWBERRY CERAMIC TRINKET POT,2,2011-01-03 00:00:00,1.34,14277,France
537259,21030,ASSORTED COLOUR BIRD ORNAMENT,1,2011-01-29 00:00:00,2.76,16092,United Kingdom
537259,21085,STRAWBERRY CERAMIC TRINKET POT,14,2011-01-15 00:00:00,1.34,13317,United Kingdom
537260,21018,PINK VINTAGE PAISLEY PICNIC BAG,2,2011-02-06 00:00:00,3.14,15093,Italy
537261,21045,PINK VINTAGE PAISLEY PICNIC BAG,1,2010-12-13 00:00:00,3.14,17625,Portugal
537261,21045,HANGING METAL LANTERN,2,2010-12-07 00:00:00,12.57,13493,United Kingdom
537261,21026,LUNCH BAG RED RETROSPOT,3,2010-12-30 00:00:00,2.76,14624,United Kingdom
537261,21073,HANGING METAL LANTERN,4,2011-01-29 00:00:00,12.57,16209,Germany
537262,21011,RETROSPOT TEA SET CERAMIC 11 PC,3,2010-12-23 00:00:00,4.72,18265,France
537262,21028,ASSORTED COLOUR BIRD ORNAMENT,1,2011-01-04 00:00:00,2.76,15907,United Kingdom
537263,21059,LUNCH BAG RED RETROSPOT,7,2010-12-05 00:00:00,2.76,13873,United Kingdom
537264,21026,HOME BUILDING BLOCK WORD,2,2010-12-04 00:00:00,9.22,17594,United Kingdom
537264,21014,RETROSPOT TEA SET CERAMIC 11 PC,8,2010-12-03 00:00:00,4.72,17523,United Kingdom
537265,21063,CHILLI LIGHTS,1,2010-12-21 00:00:00,0.8,13337,United Kingdom
537266,21060,STRAWBERRY CERAMIC TRINKET POT,4,2010-12-18 00:00:00,1.34,18238,United Kingdom
537267,21051,ASSORTED COLOUR BIRD ORNAMENT,2,2010-12-05 00:00:00,2.76,14024,United Kingdom
537268,21094,BLUE KALMIA CERAMIC MUG,5,2010-12-05 00:00:00,3.58,17402,United Kingdom
537268,21024,FAIRY CAKE FLANNEL ASSORTED COLOUR,4,2010-12-03 00:00:00,4.91,12915,United Kingdom
537269,21073,HOME BUILDING BLOCK WORD,9,2010-12-07 00:00:00,9.22,13197,United Kingdom
537270,21013,LUNCH BAG RED RETROSPOT,5,2010-12-21 00:00:00,2.76,12410,Germany
537270,21041,LOVE BUILDING BLOCK WORD,4,2011-01-19 00:00:00,10.77,14039,United Kingdom
537271,21021,PARTY BUNTING,5,2011-04-24 00:00:00,9.18,14959,United Kingdom
537271,21053,HEART OF WICKER SMALL,3,2010-12-03 00:00:00,13.06,14611,United Kingdom
537272,21052,JUMBO BAG RED RETROSPOT,6,2011-02-16 00:00:00,11.11,16360,United Kingdom
537273,21070,HEART OF WICKER SMALL,2,2010-12-23 00:00:00,13.06,17438,United Kingdom
537274,21038,LOVE BUILDING BLOCK WORD,2,2010-12-08 00:00:00,10.77,15195,United Kingdom
537275,21061,HEART SHAPED DOUGHNUT,4,2010-12-05 00:00:00,14.56,16082,United Kingdom
537275,21032,PINK VINTAGE PAISLEY PICNIC BAG,1,2010-12-23 00:00:00,3.14,15006,Germany
537276,21009,HEART SHAPED DOUGHNUT,3,2011-01-09 00:00:00,14.56,16094,United Kingdom
537277,21016,HANGING METAL LANTERN,6,2011-02-21 00:00:00,12.57,14373,United Kingdom
537277,21003,LOVE BUILDING BLOCK WORD,1,2011-01-17 00:00:00,10.77,14009,United Kingdom
537278,21079,BLUE KALMIA CERAMIC MUG,2,2010-12-12 00:00:00,3.58,13224,United Kingdom
537279,21076,CHOCOLATE HOT WATER BOTTLE,1,2010-12-23 00:00:00,6.76,17942,Netherlands
537280,21067,PARTY BUNTING,1,2010-12-01 00:00:00,9.18,15807,Germany
537280,21032,LOVE BUILDING BLOCK WORD,2,2010-12-08 00:00:00,10.77,16375,United Kingdom
537281,21035,REGENCY CAKESTAND 3 TIER,2,2010-12-08 00:00:00,14.29,16834,United Kingdom
537281,21017,STRAWBERRY CERAMIC TRINKET POT,3,2010-12-21 00:00:00,1.34,16811,Spain
537282,21095,HEART OF WICKER SMALL,5,2010-12-06 00:00:00,13.06,17067,Germany
537283,21052,JUMBO BAG RED RETROSPOT,1,2011-01-02 00:00:00,11.11,14032,United Kingdom
537284,21093,REGENCY CAKESTAND 3 TIER,2,2010-12-05 00:00:00,14.29,16333,United Kingdom
537285,21098,CHOCOLATE HOT WATER BOTTLE,3,2011-02-21 00:00:00,6.76,15322,United Kingdom
537286,21050,JUMBO BAG RED RETROSPOT,1,2010-12-15 00:00:00,11.11,16123,United Kingdom
C537286,21001,PINK VINTAGE PAISLEY PICNIC BAG,3,2010-12-01 00:00:00,3.14,14673,United Kingdom
537287,21049,BLUE KALMIA CERAMIC MUG,2,2011-01-05 00:00:00,3.58,13341,France
537287,21043,STRAWBERRY CERAMIC TRINKET POT,2,2011-03-02 00:00:00,1.34,13405,Germany
537288,21056,WHITE HANGING HEART T-LIGHT HOLDER,1,2011-01-05 00:00:00,5.93,16477,United Kingdom
537288,21045,ASSORTED COLOUR BIRD ORNAMENT,1,2010-12-20 00:00:00,2.76,14601,Spain
537289,21046,FAIRY CAKE FLANNEL ASSORTED COLOUR,3,2011-05-14 00:00:00,4.91,14902,United Kingdom
537290,21084,LOVE BUILDING BLOCK WORD,1,2010-12-25 00:00:00,10.77,16643,United Kingdom
537291,21063,BLUE KALMIA CERAMIC MUG,5,2010-12-01 00:00:00,3.58,15006,United Kingdom
537291,21067,HANGING METAL LANTERN,2,2010-12-11 00:00:00,12.57,13358,Belgium
537292,21051,LOVE BUILDING BLOCK WORD,1,2011-02-05 00:00:00,10.77,16094,United Kingdom
537293,21097,STRAWBERRY CERAMIC TRINKET POT,7,2010-12-03 00:00:00,1.34,16537,United Kingdom
537294,21015,FAIRY CAKE FLANNEL ASSORTED COLOUR,3,2010-12-13 00:00:00,4.91,12535,Switzerland
537294,21053,FAIRY CAKE FLANNEL ASSORTED COLOUR,1,2010-12-13 00:00:00,4.91,16076,Switzerland
537295,21031,RETROSPOT TEA SET CERAMIC 11 PC,2,2011-01-09 00:00:00,4.72,18223,United Kingdom
537296,21043,HOME BUILDING BLOCK WORD,3,2010-12-06 00:00:00,9.22,14277,United Kingdom
537297,21072,HEART SHAPED DOUGHNUT,3,2010-12-11 00:00:00,14.56,14025,Belgium
537298,21031,HOME BUILDING BLOCK WORD,1,2010-12-03 00:00:00,9.22,17976,Netherlands
537299,21092,FAIRY CAKE FLANNEL ASSORTED COLOUR,4,2010-12-22 00:00:00,4.91,14551,United Kingdom
C537300,21037,WHITE HANGING HEART T-LIGHT HOLDER,7,2011-02-04 00:00:00,5.93,16894,United Kingdom
537300,21056,LOVE BUILDING BLOCK WORD,6,2011-01-29 00:00:00,10.77,12954,Netherlands
537301,21010,HEART OF WICKER SMALL,7,2010-12-25 00:00:00,13.06,14800,France
537302,21006,JUMBO BAG RED RETROSPOT,6,2010-12-15 00:00:00,11.11,14673,France
537303,21052,LUNCH BAG RED RETROSPOT,2,2011-02-23 00:00:00,2.76,18241,United Kingdom
537304,21064,PINK VINTAGE PAISLEY PICNIC BAG,3,2011-01-18 00:00:00,3.14,14332,Belgium
537305,21092,LUNCH BAG RED RETROSPOT,1,2010-12-06 00:00:00,2.76,17699,United Kingdom
537306,21034,ASSORTED COLOUR BIRD ORNAMENT,1,2010-12-04 00:00:00,2.76,18215,United Kingdom
537306,21007,HANGING METAL LANTERN,2,2011-01-26 00:00:00,12.57,17964,United Kingdom
537307,21053,LOVE BUILDING BLOCK WORD,3,2010-12-23 00:00:00,10.77,15689,United Kingdom
537307,21063,JUMBO BAG PINK POLKADOT,4,2010-12-05 00:00:00,8.11,13916,United Kingdom
537308,21085,WHITE HANGING HEART T-LIGHT HOLDER,1,2011-01-30 00:00:00,5.93,12681,United Kingdom
537309,21020,PARTY BUNTING,1,2011-01-09 00:00:00,9.18,12920,France
C537309,21079,PINK VINTAGE PAISLEY PICNIC BAG,8,2011-02-25 00:00:00,3.14,14601,United Kingdom
537310,21052,BLUE KALMIA CERAMIC MUG,3,2010-12-03 00:00:00,3.58,13841,Germany
537311,21080,LOVE BUILDING BLOCK WORD,7,2010-12-14 00:00:00,10.77,17739,United Kingdom
537311,21067,LOVE BUILDING BLOCK WORD,1,2010-12-09 00:00:00,10.77,15588,United Kingdom
537312,21030,HEART OF WICKER SMALL,4,2010-12-08 00:00:00,13.06,18076,United Kingdom
537312,21064,BLUE KALMIA CERAMIC MUG,6,2010-12-24 00:00:00,3.58,13302,United Kingdom
537313,21086,JUMBO BAG PINK POLKADOT,10,2011-01-03 00:00:00,8.11,14902,Germany
537314,21038,REGENCY CAKESTAND 3 TIER,1,2011-01-04 00:00:00,14.29,18238,France
537314,21063,STRAWBERRY CERAMIC TRINKET POT,4,2010-12-24 00:00:00,1.34,13875,Portugal
537315,21076,RETROSPOT TEA SET CERAMIC 11 PC,12,2010-12-14 00:00:00,4.72,17221,Germany
537316,21061,JUMBO BAG PINK POLKADOT,1,2011-01-02 00:00:00,8.11,17319,Spain
537317,21036,CHOCOLATE HOT WATER BOTTLE,3,2010-12-10 00:00:00,6.76,13317,France
537318,21018,HANGING METAL LANTERN,1,2011-03-20 00:00:00,12.57,16461,United Kingdom
537319,21088,HEART OF WICKER SMALL,4,2010-12-16 00:00:00,13.06,14327,United Kingdom
537320,21052,PINK VINTAGE PAISLEY PICNIC BAG,6,2011-01-01 00:00:00,3.14,17561,Sweden
537321,21050,PINK VINTAGE PAISLEY PICNIC BAG,2,2011-01-22 00:00:00,3.14,14028,United Kingdom
537322,21091,FAIRY CAKE FLANNEL ASSORTED COLOUR,1,2010-12-09 00:00:00,4.91,15413,United Kingdom
537322,21067,REGENCY CAKESTAND 3 TIER,1,2010-12-02 00:00:00,14.29,13982,France
537323,21042,RETROSPOT TEA SET CERAMIC 11 PC,1,2011-01-14 00:00:00,4.72,17971,France
537324,21093,CHOCOLATE HOT WATER BOTTLE,11,2010-12-06 00:00:00,6.76,12848,United Kingdom
537325,21010,WHITE HANGING HEART T-LIGHT HOLDER,3,2010-12-23 00:00:00,5.93,13362,United Kingdom
537326,21081,STRAWBERRY CERAMIC TRINKET POT,1,2010-12-03 00:00:00,1.34,15036,United Kingdom
537327,21064,PINK VINTAGE PAISLEY PICNIC BAG,3,2011-01-06 00:00:00,3.14,17946,United Kingdom
537327,21087,REGENCY CAKESTAND 3 TIER,1,2011-01-07 00:00:00,14.29,16076,United Kingdom
537327,21027,STRAWBERRY CERAMIC TRINKET POT,2,2010-12-13 00:00:00,1.34,15120,Germany
537327,21017,SET OF 3 MONOCHROME HEART MUGS,5,2010-12-10 00:00:00,3.16,17275,Italy
537328,21015,JUMBO BAG PINK POLKADOT,2,2010-12-23 00:00:00,8.11,17123,United Kingdom
537328,21026,HEART OF WICKER SMALL,3,2010-12-04 00:00:00,13.06,17462,United Kingdom
537329,21024,LOVE BUILDING BLOCK WORD,4,2010-12-23 00:00:00,10.77,15852,Switzerland
537330,21078,LUNCH BAG RED RETROSPOT,3,2010-12-25 00:00:00,2.76,17125,United Kingdom
537330,21054,FAIRY CAKE FLANNEL ASSORTED COLOUR,7,2011-02-18 00:00:00,4.91,14709,Germany
537330,21038,ASSORTED COLOUR BIRD ORNAMENT,13,2010-12-17 00:00:00,2.76,13994,Switzerland
537330,21003,WHITE HANGING HEART T-LIGHT HOLDER,6,2011-05-15 00:00:00,5.93,15803,Germany
537331,21019,FAIRY CAKE FLANNEL ASSORTED COLOUR,1,2010-12-11 00:00:00,4.91,16628,United Kingdom
537332,21041,BLUE KALMIA CERAMIC MUG,6,2011-01-03 00:00:00,3.58,13009,United Kingdom
537333,21002,JUMBO BAG PINK POLKADOT,2,2010-12-12 00:00:00,8.11,14384,United Kingdom
C537334,21024,HEART OF WICKER SMALL,1,2011-01-31 00:00:00,13.06,16779,United Kingdom
537334,21053,JUMBO BAG RED RETROSPOT,1,2010-12-12 00:00:00,11.11,16230,United Kingdom
537335,21017,HOME BUILDING BLOCK WORD,1,2010-12-18 00:00:00,9.22,15852,United Kingdom
537336,21017,FAIRY CAKE FLANNEL ASSORTED COLOUR,1,2010-12-04 00:00:00,4.91,17239,Germany
537337,21008,SET OF 3 MONOCHROME HEART MUGS,1,2010-12-10 00:00:00,3.16,13791,United Kingdom
537338,21050,ASSORTED COLOUR BIRD ORNAMENT,7,2011-01-24 00:00:00,2.76,15247,Belgium
537338,21068,HEART OF WICKER SMALL,2,2010-12-07 00:00:00,13.06,16477,United Kingdom
537339,21094,CHOCOLATE HOT WATER BOTTLE,1,2010-12-24 00:00:00,6.76,13994,Sweden
537339,21075,HOME BUILDING BLOCK WORD,1,2010-12-17 00:00:00,9.22,14332,United Kingdom
537340,21005,ASSORTED COLOUR BIRD ORNAMENT,5,2010-12-03 00:00:00,2.76,16021,United Kingdom
537341,21086,HEART OF WICKER SMALL,7,2010-12-16 00:00:00,13.06,12883,United Kingdom
537342,21080,BLUE KALMIA CERAMIC MUG,2,2010-12-08 00:00:00,3.58,13341,United Kingdom
537343,21046,ASSORTED COLOUR BIRD ORNAMENT,3,2011-01-24 00:00:00,2.76,17004,United Kingdom
537344,21085,CHILLI LIGHTS,1,2010-12-05 00:00:00,0.8,14189,France
537344,21048,CHOCOLATE HOT WATER BOTTLE,1,2010-12-20 00:00:00,6.76,15093,France
537345,21099,PARTY BUNTING,2,2010-12-26 00:00:00,9.18,15792,Germany
537346,21065,PINK VINTAGE PAISLEY PICNIC BAG,4,2011-01-01 00:00:00,3.14,14411,Germany
537347,21075,SET OF 3 MONOCHROME HEART MUGS,2,2010-12-15 00:00:00,3.16,15503,Netherlands
537348,21019,HOME BUILDING BLOCK WORD,4,2010-12-26 00:00:00,9.22,17962,United Kingdom
537348,21059,PARTY BUNTING,3,2011-02-08 00:00:00,9.18,16643,Netherlands
537349,21056,PINK VINTAGE PAISLEY PICNIC BAG,4,2010-12-02 00:00:00,3.14,15321,United Kingdom
537350,21077,LUNCH BAG RED RETROSPOT,2,2011-01-31 00:00:00,2.76,14103,Switzerland
537351,21018,HANGING METAL LANTERN,3,2010-12-24 00:00:00,12.57,14801,United Kingdom
537352,21037,HOME BUILDING BLOCK WORD,7,2011-03-16 00:00:00,9.22,17595,United Kingdom
537353,21013,LOVE BUILDING BLOCK WORD,1,2010-12-21 00:00:00,10.77,16842,United Kingdom
537354,21033,REGENCY CAKESTAND 3 TIER,1,2010-12-13 00:00:00,14.29,14773,United Kingdom
537355,21010,HOME BUILDING BLOCK WORD,3,2010-12-20 00:00:00,9.22,17604,United Kingdom
537356,21098,PARTY BUNTING,4,2010-12-19 00:00:00,9.18,14835,United Kingdom
537357,21036,HEART SHAPED DOUGHNUT,2,2011-03-01 00:00:00,14.56,15419,United Kingdom
537357,21069,ASSORTED COLOUR BIRD ORNAMENT,1,2011-01-08 00:00:00,2.76,17069,United Kingdom
537358,21091,HANGING METAL LANTERN,1,2011-01-24 00:00:00,12.57,17583,United Kingdom
537359,21022,HEART SHAPED DOUGHNUT,5,2010-12-10 00:00:00,14.56,14903,United Kingdom
537359,21091,HEART OF WICKER SMALL,3,2010-12-15 00:00:00,13.06,16894,Netherlands
537360,21070,HOME BUILDING BLOCK WORD,2,2011-01-09 00:00:00,9.22,17215,United Kingdom
537360,21032,JUMBO BAG PINK POLKADOT,3,2011-01-23 00:00:00,8.11,14009,Belgium
C537360,21032,HANGING METAL LANTERN,2,2011-01-23 00:00:00,12.57,13086,United Kingdom
537361,21078,HEART OF WICKER SMALL,12,2010-12-07 00:00:00,13.06,14032,United Kingdom
537362,21092,JUMBO BAG PINK POLKADOT,3,2011-01-25 00:00:00,8.11,13337,United Kingdom
537363,21028,STRAWBERRY CERAMIC TRINKET POT,2,2010-12-22 00:00:00,1.34,13045,Netherlands
537364,21070,JUMBO BAG RED RETROSPOT,5,2010-12-02 00:00:00,11.11,14152,France
537364,21064,HEART SHAPED DOUGHNUT,1,2010-12-10 00:00:00,14.56,15498,France
537365,21076,HOME BUILDING BLOCK WORD,2,2011-01-07 00:00:00,9.22,17809,United Kingdom
537366,21068,PINK VINTAGE PAISLEY PICNIC BAG,4,2010-12-08 00:00:00,3.14,18224,United Kingdom
537367,21044,REGENCY CAKESTAND 3 TIER,3,2011-01-17 00:00:00,14.29,15136,United Kingdom
537367,21027,HANGING METAL LANTERN,1,2010-12-07 00:00:00,12.57,14301,United Kingdom
537368,21010,PARTY BUNTING,2,2010-12-09 00:00:00,9.18,17739,United Kingdom
537369,21076,CHOCOLATE HOT WATER BOTTLE,6,2010-12-10 00:00:00,6.76,13086,Sweden
537370,21021,LOVE BUILDING BLOCK WORD,13,2010-12-07 00:00:00,10.77,14387,Sweden
537371,21058,JUMBO BAG PINK POLKADOT,1,2011-02-16 00:00:00,8.11,17239,United Kingdom
537372,21017,WHITE HANGING HEART T-LIGHT HOLDER,6,2010-12-04 00:00:00,5.93,17523,United Kingdom
537373,21083,HOME BUILDING BLOCK WORD,1,2010-12-05 00:00:00,9.22,14305,Netherlands
537373,21075,RETROSPOT TEA SET CERAMIC 11 PC,3,2011-01-10 00:00:00,4.72,16193,Germany
537374,21058,STRAWBERRY CERAMIC TRINKET POT,2,2011-03-02 00:00:00,1.34,18037,Belgium
537375,21040,CHILLI LIGHTS,4,2011-01-01 00:00:00,0.8,13646,United Kingdom
537376,21082,RETROSPOT TEA SET CERAMIC 11 PC,1,2010-12-05 00:00:00,4.72,13500,United Kingdom
C537377,21023,RETROSPOT TEA SET CERAMIC 11 PC,9,2010-12-06 00:00:00,4.72,14904,France
537378,21006,HEART SHAPED DOUGHNUT,8,2011-02-02 00:00:00,14.56,18210,France
537379,21081,LOVE BUILDING BLOCK WORD,9,2010-12-07 00:00:00,10.77,15973,Portugal
537379,21041,HANGING METAL LANTERN,2,2011-01-04 00:00:00,12.57,12465,United Kingdom
537380,21012,CHOCOLATE HOT WATER BOTTLE,2,2010-12-05 00:00:00,6.76,15820,United Kingdom
537381,21064,RETROSPOT TEA SET CERAMIC 11 PC,1,2010-12-20 00:00:00,4.72,18224,United Kingdom
537382,21076,STRAWBERRY CERAMIC TRINKET POT,2,2010-12-21 00:00:00,1.34,16710,Germany
537383,21068,JUMBO BAG RED RETROSPOT,1,2011-02-21 00:00:00,11.11,13200,United Kingdom
537384,21079,LOVE BUILDING BLOCK WORD,1,2010-12-08 00:00:00,10.77,15493,United Kingdom
537385,21019,REGENCY CAKESTAND 3 TIER,1,2010-12-14 00:00:00,14.29,15902,Belgium
537386,21073,SET OF 3 MONOCHROME HEART MUGS,1,2010-12-01 00:00:00,3.16,12737,Spain
537387,21054,SET OF 3 MONOCHROME HEART MUGS,2,2011-01-27 00:00:00,3.16,17832,United Kingdom
537388,21008,LOVE BUILDING BLOCK WORD,7,2010-12-18 00:00:00,10.77,12954,United Kingdom
537389,21046,HOME BUILDING BLOCK WORD,1,2010-12-11 00:00:00,9.22,13112,United Kingdom
537389,21034,HOME BUILDING BLOCK WORD,7,2010-12-20 00:00:00,9.22,17699,United Kingdom
C537390,21072,LUNCH BAG RED RETROSPOT,2,2010-12-15 00:00:00,2.76,14611,United Kingdom
537391,21059,FAIRY CAKE FLANNEL ASSORTED COLOUR,5,2010-12-06 00:00:00,4.91,13362,United Kingdom
537392,21069,LUNCH BAG RED RETROSPOT,1,2010-12-05 00:00:00,2.76,17275,United Kingdom
537393,21087,ASSORTED COLOUR BIRD ORNAMENT,2,2010-12-04 00:00:00,2.76,17279,United Kingdom
537394,21009,SET OF 3 MONOCHROME HEART MUGS,1,2011-02-06 00:00:00,3.16,17075,United Kingdom
537394,21096,HEART OF WICKER SMALL,1,2011-02-09 00:00:00,13.06,16403,France
537395,21031,HANGING METAL LANTERN,1,2011-02-27 00:00:00,12.57,17600,United Kingdom
537395,21062,BLUE KALMIA CERAMIC MUG,1,2011-02-16 00:00:00,3.58,13427,United Kingdom
537396,21024,HANGING METAL LANTERN,2,2010-12-05 00:00:00,12.57,14277,United Kingdom
537397,21038,LUNCH BAG RED RETROSPOT,4,2011-02-22 00:00:00,2.76,13176,United Kingdom
537398,21001,CHILLI LIGHTS,1,2010-12-10 00:00:00,0.8,17881,United Kingdom
537399,21039,JUMBO BAG PINK POLKADOT,2,2011-01-21 00:00:00,8.11,14959,Portugal
537400,21031,HOME BUILDING BLOCK WORD,1,2010-12-15 00:00:00,9.22,16089,Spain
537400,21050,LUNCH BAG RED RETROSPOT,4,2010-12-15 00:00:00,2.76,16911,United Kingdom
537401,21051,CHILLI LIGHTS,9,2010-12-16 00:00:00,0.8,15648,France
537401,21048,ASSORTED COLOUR BIRD ORNAMENT,1,2010-12-14 00:00:00,2.76,17081,Sweden
537402,21095,LUNCH BAG RED RETROSPOT,8,2011-01-12 00:00:00,2.76,13914,Spain
537402,21014,REGENCY CAKESTAND 3 TIER,1,2010-12-29 00:00:00,14.29,16992,United Kingdom
537403,21009,LUNCH BAG RED RETROSPOT,1,2011-03-12 00:00:00,2.76,16842,Sweden
537403,21067,SET OF 3 MONOCHROME HEART MUGS,2,2010-12-04 00:00:00,3.16,12536,Portugal
537404,21010,HOME BUILDING BLOCK WORD,3,2010-12-09 00:00:00,9.22,15907,Portugal
537404,21064,PARTY BUNTING,1,2011-03-20 00:00:00,9.18,15234,United Kingdom
C537404,21031,BLUE KALMIA CERAMIC MUG,1,2011-02-05 00:00:00,3.58,15852,United Kingdom
537404,21027,FAIRY CAKE FLANNEL ASSORTED COLOUR,4,2010-12-17 00:00:00,4.91,13816,United Kingdom
537405,21032,JUMBO BAG RED RETROSPOT,1,2010-12-22 00:00:00,11.11,14825,Spain
537405,21071,HEART OF WICKER SMALL,2,2010-12-23 00:00:00,13.06,17809,Germany
537406,21062,HOME BUILDING BLOCK WORD,7,2010-12-03 00:00:00,9.22,13045,Germany
537407,21013,LUNCH BAG RED RETROSPOT,2,2010-12-11 00:00:00,2.76,15580,United Kingdom
537408,21077,HEART SHAPED DOUGHNUT,1,2010-12-12 00:00:00,14.56,12683,United Kingdom
537409,21086,RETROSPOT TEA SET CERAMIC 11 PC,3,2010-12-13 00:00:00,4.72,16289,United Kingdom
537410,21054,ASSORTED COLOUR BIRD ORNAMENT,4,2010-12-04 00:00:00,2.76,16069,United Kingdom
537410,21062,HOME BUILDING BLOCK WORD,1,2011-01-04 00:00:00,9.22,16123,United Kingdom
537410,21058,REGENCY CAKESTAND 3 TIER,5,2010-12-02 00:00:00,14.29,17669,United Kingdom
537411,21067,JUMBO BAG PINK POLKADOT,3,2011-01-24 00:00:00,8.11,18021,United Kingdom
537412,21045,HEART OF WICKER SMALL,1,2011-01-07 00:00:00,13.06,16337,United Kingdom
537413,21053,JUMBO BAG RED RETROSPOT,3,2011-01-12 00:00:00,11.11,15588,United Kingdom
537414,21010,SET OF 3 MONOCHROME HEART MUGS,1,2010-12-13 00:00:00,3.16,17462,United Kingdom
537415,21087,LUNCH BAG RED RETROSPOT,1,2011-01-10 00:00:00,2.76,16018,United Kingdom
537416,21064,ASSORTED COLOUR BIRD ORNAMENT,2,2011-01-31 00:00:00,2.76,13086,France
537417,21013,HANGING METAL LANTERN,1,2010-12-10 00:00:00,12.57,13652,Belgium
537418,21080,HANGING METAL LANTERN,1,2010-12-17 00:00:00,12.57,15215,Netherlands
537419,21041,WHITE HANGING HEART T-LIGHT HOLDER,5,2011-03-10 00:00:00,5.93,13305,United Kingdom
537420,21090,LOVE BUILDING BLOCK WORD,3,2010-12-14 00:00:00,10.77,15792,Belgium
537420,21069,WHITE HANGING HEART T-LIGHT HOLDER,1,2011-01-01 00:00:00,5.93,13613,United Kingdom
537421,21086,REGENCY CAKESTAND 3 TIER,5,2011-01-12 00:00:00,14.29,15257,United Kingdom
537422,21031,LOVE BUILDING BLOCK WORD,2,2010-12-04 00:00:00,10.77,17233,Netherlands
537423,21077,CHOCOLATE HOT WATER BOTTLE,6,2010-12-05 00:00:00,6.76,14416,United Kingdom
537423,21068,CHOCOLATE HOT WATER BOTTLE,1,2010-12-03 00:00:00,6.76,18193,United Kingdom
537424,21067,LOVE BUILDING BLOCK WORD,2,2011-02-11 00:00:00,10.77,14800,Spain
537425,21076,WHITE HANGING HEART T-LIGHT HOLDER,8,2010-12-15 00:00:00,5.93,13222,United Kingdom
537426,21011,ASSORTED COLOUR BIRD ORNAMENT,2,2010-12-04 00:00:00,2.76,13628,United Kingdom
537426,21038,REGENCY CAKESTAND 3 TIER,6,2010-12-10 00:00:00,14.29,14332,United Kingdom
537427,21003,BLUE KALMIA CERAMIC MUG,1,2010-12-02 00:00:00,3.58,17233,United Kingdom
537428,21046,SET OF 3 MONOCHROME HEART MUGS,2,2010-12-28 00:00:00,3.16,15673,United Kingdom
537429,21067,LOVE BUILDING BLOCK WORD,1,2010-12-30 00:00:00,10.77,13374,Italy
537430,21037,RETROSPOT TEA SET CERAMIC 11 PC,4,2011-01-03 00:00:00,4.72,12969,United Kingdom
537431,21089,STRAWBERRY CERAMIC TRINKET POT,1,2011-01-26 00:00:00,1.34,17402,United Kingdom
537432,21045,JUMBO BAG PINK POLKADOT,7,2010-12-18 00:00:00,8.11,14327,United Kingdom
537433,21053,HOME BUILDING BLOCK WORD,2,2010-12-09 00:00:00,9.22,15450,Germany
537433,21020,JUMBO BAG PINK POLKADOT,5,2010-12-13 00:00:00,8.11,17493,Netherlands
537434,21090,HEART OF WICKER SMALL,3,2010-12-05 00:00:00,13.06,14624,United Kingdom
537434,21092,HANGING METAL LANTERN,1,2010-12-01 00:00:00,12.57,14148,United Kingdom
537435,21012,STRAWBERRY CERAMIC TRINKET POT,11,2011-01-05 00:00:00,1.34,15305,United Kingdom
537436,21068,HOME BUILDING BLOCK WORD,7,2011-01-06 00:00:00,9.22,15080,France
537436,21043,PARTY BUNTING,2,2010-12-25 00:00:00,9.18,15516,United Kingdom
537436,21045,PARTY BUNTING,1,2011-02-22 00:00:00,9.18,13628,United Kingdom
537437,21037,ASSORTED COLOUR BIRD ORNAMENT,1,2011-01-02 00:00:00,2.76,15123,United Kingdom
537438,21037,PARTY BUNTING,4,2011-01-05 00:00:00,9.18,16186,United Kingdom
537439,21094,FAIRY CAKE FLANNEL ASSORTED COLOUR,2,2010-12-09 00:00:00,4.91,17215,Netherlands
537440,21082,ASSORTED COLOUR BIRD ORNAMENT,4,2010-12-26 00:00:00,2.76,15077,Netherlands
537441,21053,HOME BUILDING BLOCK WORD,3,2010-12-31 00:00:00,9.22,13374,Switzerland
537442,21004,CHOCOLATE HOT WATER BOTTLE,7,2010-12-16 00:00:00,6.76,13621,United Kingdom
C537443,21063,PINK VINTAGE PAISLEY PICNIC BAG,3,2011-01-29 00:00:00,3.14,14373,Belgium
537444,21043,CHOCOLATE HOT WATER BOTTLE,1,2010-12-21 00:00:00,6.76,13302,United Kingdom
537444,21038,LUNCH BAG RED RETROSPOT,1,2011-01-20 00:00:00,2.76,15081,United Kingdom
537445,21007,PINK VINTAGE PAISLEY PICNIC BAG,1,2010-12-23 00:00:00,3.14,18229,Switzerland
537445,21007,CHILLI LIGHTS,12,2010-12-14 00:00:00,0.8,17946,United Kingdom
537446,21049,PARTY BUNTING,2,2010-12-30 00:00:00,9.18,16798,United Kingdom
537447,21097,JUMBO BAG RED RETROSPOT,1,2011-01-01 00:00:00,11.11,14301,United Kingdom
537448,21090,PINK VINTAGE PAISLEY PICNIC BAG,1,2010-12-26 00:00:00,3.14,12908,Spain
537449,21082,BLUE KALMIA CERAMIC MUG,2,2011-01-06 00:00:00,3.58,14103,France
537450,21083,CHOCOLATE HOT WATER BOTTLE,2,2010-12-04 00:00:00,6.76,16403,United Kingdom
537451,21078,FAIRY CAKE FLANNEL ASSORTED COLOUR,2,2011-01-24 00:00:00,4.91,13045,United Kingdom
537452,21027,JUMBO BAG RED RETROSPOT,4,2011-01-04 00:00:00,11.11,18103,Belgium
537453,21036,LUNCH BAG RED RETROSPOT,7,2011-02-18 00:00:00,2.76,17857,United Kingdom
537453,21006,HANGING METAL LANTERN,2,2010-12-08 00:00:00,12.57,13367,United Kingdom
537454,21010,STRAWBERRY CERAMIC TRINKET POT,2,2011-01-03 00:00:00,1.34,18252,Germany
537455,21010,HEART SHAPED DOUGHNUT,6,2011-02-13 00:00:00,14.56,14028,Sweden
537455,21049,STRAWBERRY CERAMIC TRINKET POT,1,2011-02-08 00:00:00,1.34,14033,United Kingdom
537456,21022,HANGING METAL LANTERN,7,2010-12-11 00:00:00,12.57,14162,United Kingdom
537457,21064,WHITE HANGING HEART T-LIGHT HOLDER,1,2010-12-07 00:00:00,5.93,12444,Germany
537458,21045,FAIRY CAKE FLANNEL ASSORTED COLOUR,7,2010-12-31 00:00:00,4.91,16416,United Kingdom
537459,21099,PINK VINTAGE PAISLEY PICNIC BAG,6,2011-01-15 00:00:00,3.14,17927,Spain
537459,21069,WHITE HANGING HEART T-LIGHT HOLDER,5,2011-01-12 00:00:00,5.93,15345,United Kingdom
537460,21013,CHOCOLATE HOT WATER BOTTLE,4,2010-12-03 00:00:00,6.76,14327,United Kingdom
537461,21009,HEART OF WICKER SMALL,4,2011-02-03 00:00:00,13.06,17534,United Kingdom
537462,21090,HEART OF WICKER SMALL,1,2011-01-05 00:00:00,13.06,12507,United Kingdom
537462,21017,REGENCY CAKESTAND 3 TIER,2,2011-01-25 00:00:00,14.29,14546,United Kingdom
537463,21079,JUMBO BAG PINK POLKADOT,1,2010-12-04 00:00:00,8.11,17876,United Kingdom
537464,21078,ASSORTED COLOUR BIRD ORNAMENT,14,2010-12-14 00:00:00,2.76,12536,United Kingdom
537464,21050,CHOCOLATE HOT WATER BOTTLE,4,2011-01-03 00:00:00,6.76,16144,United Kingdom
537465,21032,PARTY BUNTING,4,2011-01-14 00:00:00,9.18,15989,France
537466,21058,JUMBO BAG RED RETROSPOT,13,2010-12-12 00:00:00,11.11,12462,France
537466,21032,SET OF 3 MONOCHROME HEART MUGS,3,2011-02-25 00:00:00,3.16,14673,United Kingdom
537467,21030,LUNCH BAG RED RETROSPOT,4,2011-01-12 00:00:00,2.76,12834,United Kingdom
537468,21049,CHOCOLATE HOT WATER BOTTLE,4,2010-12-11 00:00:00,6.76,14033,France
537469,21011,LUNCH BAG RED RETROSPOT,1,2011-01-23 00:00:00,2.76,17962,United Kingdom
537470,21071,JUMBO BAG RED RETROSPOT,2,2010-12-01 00:00:00,11.11,14039,United Kingdom
537470,21039,HANGING METAL LANTERN,3,2011-02-17 00:00:00,12.57,17568,Spain
537470,21075,WHITE HANGING HEART T-LIGHT HOLDER,7,2010-12-28 00:00:00,5.93,17434,Netherlands
537470,21012,STRAWBERRY CERAMIC TRINKET POT,5,2010-12-18 00:00:00,1.34,15743,United Kingdom
537470,21022,SET OF 3 MONOCHROME HEART MUGS,1,2010-12-24 00:00:00,3.16,17832,United Kingdom
537471,21087,BLUE KALMIA CERAMIC MUG,2,2010-12-21 00:00:00,3.58,17796,Germany
537472,21066,CHOCOLATE HOT WATER BOTTLE,2,2010-12-07 00:00:00,6.76,15257,France
537473,21083,CHOCOLATE HOT WATER BOTTLE,3,2010-12-02 00:00:00,6.76,14276,United Kingdom
537474,21042,PARTY BUNTING,2,2010-12-17 00:00:00,9.18,17769,United Kingdom
537475,21015,SET OF 3 MONOCHROME HEART MUGS,6,2011-05-04 00:00:00,3.16,13755,France
537476,21066,ASSORTED COLOUR BIRD ORNAMENT,1,2011-01-29 00:00:00,2.76,17661,France
537477,21091,HEART OF WICKER SMALL,5,2010-12-09 00:00:00,13.06,17568,Belgium
537478,21083,PINK VINTAGE PAISLEY PICNIC BAG,8,2010-12-02 00:00:00,3.14,13709,United Kingdom
537479,21002,ASSORTED COLOUR BIRD ORNAMENT,3,2011-01-05 00:00:00,2.76,18076,United Kingdom
537480,21099,FAIRY CAKE FLANNEL ASSORTED COLOUR,3,2010-12-01 00:00:00,4.91,17842,United Kingdom
537481,21060,WHITE HANGING HEART T-LIGHT HOLDER,1,2010-12-09 00:00:00,5.93,15792,United Kingdom
537482,21019,CHOCOLATE HOT WATER BOTTLE,3,2010-12-12 00:00:00,6.76,18224,Italy
537483,21095,STRAWBERRY CERAMIC TRINKET POT,2,2010-12-01 00:00:00,1.34,15700,United Kingdom
537483,21049,STRAWBERRY CERAMIC TRINKET POT,2,2011-02-19 00:00:00,1.34,15080,France
537484,21075,JUMBO BAG PINK POLKADOT,2,2011-01-28 00:00:00,8.11,15807,France
537485,21077,LUNCH BAG RED RETROSPOT,2,2010-12-15 00:00:00,2.76,13791,Belgium
537486,21085,HANGING METAL LANTERN,2,2011-01-06 00:00:00,12.57,12926,France
537487,21037,WHITE HANGING HEART T-LIGHT HOLDER,4,2010-12-27 00:00:00,5.93,15700,United Kingdom
537488,21080,STRAWBERRY CERAMIC TRINKET POT,1,2010-12-11 00:00:00,1.34,14010,United Kingdom
537489,21034,ASSORTED COLOUR BIRD ORNAMENT,1,2010-12-25 00:00:00,2.76,16957,United Kingdom
537490,21087,LOVE BUILDING BLOCK WORD,3,2010-12-18 00:00:00,10.77,17205,Germany
537491,21056,LOVE BUILDING BLOCK WORD,5,2010-12-28 00:00:00,10.77,15660,United Kingdom
537491,21080,STRAWBERRY CERAMIC TRINKET POT,1,2010-12-17 00:00:00,1.34,16200,United Kingdom
537492,21063,ASSORTED COLOUR BIRD ORNAMENT,2,2010-12-18 00:00:00,2.76,15090,United Kingdom
537493,21086,JUMBO BAG PINK POLKADOT,1,2010-12-07 00:00:00,8.11,17519,United Kingdom
537494,21004,BLUE KALMIA CERAMIC MUG,1,2010-12-27 00:00:00,3.58,16443,Italy
537495,21021,CHILLI LIGHTS,2,2011-01-24 00:00:00,0.8,16407,Germany
537496,21095,HEART OF WICKER SMALL,1,2010-12-09 00:00:00,13.06,13337,United Kingdom
537496,21075,SET OF 3 MONOCHROME HEART MUGS,1,2011-03-10 00:00:00,3.16,17857,France
537497,21080,HANGING METAL LANTERN,1,2011-03-24 00:00:00,12.57,13422,United Kingdom
537498,21062,HANGING METAL LANTERN,7,2010-12-19 00:00:00,12.57,17571,United Kingdom
537499,21088,FAIRY CAKE FLANNEL ASSORTED COLOUR,2,2010-12-07 00:00:00,4.91,15466,United Kingdom
537500,21014,HANGING METAL LANTERN,1,2010-12-16 00:00:00,12.57,13200,Germany
537501,21021,REGENCY CAKESTAND 3 TIER,2,2011-02-03 00:00:00,14.29,15454,United Kingdom
537502,21073,SET OF 3 MONOCHROME HEART MUGS,2,2010-12-11 00:00:00,3.16,17788,United Kingdom
537503,21015,HANGING METAL LANTERN,6,2011-01-04 00:00:00,12.57,13358,United Kingdom
537504,21074,WHITE HANGING HEART T-LIGHT HOLDER,13,2010-12-10 00:00:00,5.93,12492,United Kingdom
537504,21028,PARTY BUNTING,4,2010-12-15 00:00:00,9.18,12465,Netherlands
537504,21066,PINK VINTAGE PAISLEY PICNIC BAG,1,2010-12-02 00:00:00,3.14,16845,France
537505,21014,CHILLI LIGHTS,1,2011-01-07 00:00:00,0.8,14328,United Kingdom
537506,21019,PARTY BUNTING,10,2010-12-14 00:00:00,9.18,13222,United Kingdom
537507,21007,PINK VINTAGE PAISLEY PICNIC BAG,3,2010-12-10 00:00:00,3.14,14276,France
537507,21069,HEART SHAPED DOUGHNUT,1,2010-12-24 00:00:00,14.56,15322,Germany
537508,21062,RETROSPOT TEA SET CERAMIC 11 PC,2,2010-12-10 00:00:00,4.72,17654,France
537509,21081,HEART OF WICKER SMALL,2,2010-12-23 00:00:00,13.06,12908,United Kingdom
537510,21016,LUNCH BAG RED RETROSPOT,3,2010-12-04 00:00:00,2.76,17927,Spain
537511,21094,RETROSPOT TEA SET CERAMIC 11 PC,3,2010-12-23 00:00:00,4.72,16622,United Kingdom
C537512,21008,HOME BUILDING BLOCK WORD,4,2010-12-24 00:00:00,9.22,16842,United Kingdom
537513,21021,ASSORTED COLOUR BIRD ORNAMENT,2,2011-02-05 00:00:00,2.76,16461,United Kingdom
537514,21064,HEART OF WICKER SMALL,8,2011-02-08 00:00:00,13.06,15973,United Kingdom
537515,21061,FAIRY CAKE FLANNEL ASSORTED COLOUR,7,2010-12-11 00:00:00,4.91,13341,United Kingdom
C537516,21052,HANGING METAL LANTERN,3,2011-02-03 00:00:00,12.57,16841,United Kingdom
537517,21052,JUMBO BAG RED RETROSPOT,2,2011-03-30 00:00:00,11.11,15907,United Kingdom
537518,21028,LOVE BUILDING BLOCK WORD,2,2011-01-04 00:00:00,10.77,17850,Germany
537519,21097,RETROSPOT TEA SET CERAMIC 11 PC,6,2011-02-06 00:00:00,4.72,12992,United Kingdom
537520,21062,REGENCY CAKESTAND 3 TIER,5,2011-01-10 00:00:00,14.29,16735,United Kingdom
537521,21043,HOME BUILDING BLOCK WORD,2,2010-12-30 00:00:00,9.22,16841,United Kingdom
537522,21069,HOME BUILDING BLOCK WORD,1,2010-12-16 00:00:00,9.22,12946,United Kingdom
537523,21007,SET OF 3 MONOCHROME HEART MUGS,3,2010-12-08 00:00:00,3.16,14025,United Kingdom
537524,21087,SET OF 3 MONOCHROME HEART MUGS,4,2010-12-04 00:00:00,3.16,14010,Spain
537524,21028,STRAWBERRY CERAMIC TRINKET POT,8,2010-12-11 00:00:00,1.34,13216,United Kingdom
537525,21084,HEART SHAPED DOUGHNUT,2,2010-12-10 00:00:00,14.56,15660,United Kingdom
537526,21007,HOME BUILDING BLOCK WORD,5,2010-12-19 00:00:00,9.22,16193,Switzerland
537527,21003,CHILLI LIGHTS,9,2011-01-10 00:00:00,0.8,17399,United Kingdom
537527,21016,STRAWBERRY CERAMIC TRINKET POT,3,2011-01-18 00:00:00,1.34,16123,United Kingdom
537528,21085,PINK VINTAGE PAISLEY PICNIC BAG,1,2011-01-07 00:00:00,3.14,14601,United Kingdom
537528,21095,LUNCH BAG RED RETROSPOT,3,2011-01-04 00:00:00,2.76,14709,United Kingdom
537528,21080,HANGING METAL LANTERN,1,2011-01-05 00:00:00,12.57,17962,United Kingdom
537529,21026,CHOCOLATE HOT WATER BOTTLE,5,2010-12-01 00:00:00,6.76,17809,United Kingdom
537530,21012,HEART OF WICKER SMALL,3,2010-12-01 00:00:00,13.06,13086,United Kingdom
537530,21090,PARTY BUNTING,1,2011-02-24 00:00:00,9.18,14068,United Kingdom
537531,21056,JUMBO BAG RED RETROSPOT,1,2010-12-10 00:00:00,11.11,15791,Germany
537531,21013,CHOCOLATE HOT WATER BOTTLE,1,2010-12-13 00:00:00,6.76,15162,Italy
537531,21034,PARTY BUNTING,1,2011-01-01 00:00:00,9.18,16403,United Kingdom
537532,21029,RETROSPOT TEA SET CERAMIC 11 PC,1,2011-02-24 00:00:00,4.72,15601,United Kingdom
537533,21077,WHITE HANGING HEART T-LIGHT HOLDER,5,2010-12-14 00:00:00,5.93,16992,United Kingdom
537534,21074,STRAWBERRY CERAMIC TRINKET POT,3,2010-12-22 00:00:00,1.34,17625,United Kingdom
537535,21066,CHILLI LIGHTS,1,2010-12-21 00:00:00,0.8,16076,Netherlands
537536,21028,JUMBO BAG PINK POLKADOT,5,2011-01-24 00:00:00,8.11,12548,United Kingdom
537536,21033,WHITE HANGING HEART T-LIGHT HOLDER,10,2011-01-08 00:00:00,5.93,13161,United Kingdom
537536,21087,STRAWBERRY CERAMIC TRINKET POT,2,2010-12-26 00:00:00,1.34,17275,Germany
537537,21078,PINK VINTAGE PAISLEY PICNIC BAG,7,2011-01-24 00:00:00,3.14,15445,United Kingdom
537537,21006,PINK VINTAGE PAISLEY PICNIC BAG,9,2010-12-29 00:00:00,3.14,15648,United Kingdom
537538,21017,CHILLI LIGHTS,6,2010-12-09 00:00:00,0.8,17082,United Kingdom
537538,21025,REGENCY CAKESTAND 3 TIER,4,2011-01-27 00:00:00,14.29,12725,Switzerland
537539,21075,CHILLI LIGHTS,3,2011-01-25 00:00:00,0.8,17921,Spain
537540,21097,WHITE HANGING HEART T-LIGHT HOLDER,3,2010-12-20 00:00:00,5.93,16269,Germany
537541,21024,ASSORTED COLOUR BIRD ORNAMENT,1,2010-12-02 00:00:00,2.76,17578,Switzerland
537541,21032,HANGING METAL LANTERN,8,2010-12-18 00:00:00,12.57,18146,United Kingdom
537541,21070,WHITE HANGING HEART T-LIGHT HOLDER,1,2010-12-03 00:00:00,5.93,14857,Spain
537542,21056,FAIRY CAKE FLANNEL ASSORTED COLOUR,4,2010-12-07 00:00:00,4.91,15265,Italy
537543,21042,JUMBO BAG PINK POLKADOT,1,2010-12-24 00:00:00,8.11,14025,Italy
537544,21091,CHILLI LIGHTS,8,2010-12-16 00:00:00,0.8,17600,United Kingdom
537545,21019,ASSORTED COLOUR BIRD ORNAMENT,2,2010-12-20 00:00:00,2.76,16839,Italy
537546,21089,FAIRY CAKE FLANNEL ASSORTED COLOUR,1,2010-12-07 00:00:00,4.91,17938,Sweden
537546,21021,RETROSPOT TEA SET CERAMIC 11 PC,5,2010-12-19 00:00:00,4.72,17069,United Kingdom
537546,21064,HEART OF WICKER SMALL,5,2010-12-05 00:00:00,13.06,13841,Sweden
537546,21018,ASSORTED COLOUR BIRD ORNAMENT,1,2010-12-03 00:00:00,2.76,16416,United Kingdom
537547,21068,WHITE HANGING HEART T-LIGHT HOLDER,3,2010-12-05 00:00:00,5.93,15791,United Kingdom
537548,21036,HEART SHAPED DOUGHNUT,1,2011-02-19 00:00:00,14.56,16894,Italy
537548,21088,HOME BUILDING BLOCK WORD,2,2011-01-03 00:00:00,9.22,15021,United Kingdom
537549,21018,JUMBO BAG PINK POLKADOT,3,2010-12-05 00:00:00,8.11,17067,Belgium
537549,21071,PINK VINTAGE PAISLEY PICNIC BAG,9,2011-03-04 00:00:00,3.14,15498,United Kingdom
537549,21090,STRAWBERRY CERAMIC TRINKET POT,2,2010-12-06 00:00:00,1.34,16094,Netherlands
537550,21081,PARTY BUNTING,3,2010-12-18 00:00:00,9.18,15852,France
537551,21077,LUNCH BAG RED RETROSPOT,7,2010-12-02 00:00:00,2.76,13427,Italy
537552,21035,BLUE KALMIA CERAMIC MUG,2,2010-12-08 00:00:00,3.58,12543,France
537552,21071,WHITE HANGING HEART T-LIGHT HOLDER,13,2011-02-11 00:00:00,5.93,16089,Germany
537552,21017,CHILLI LIGHTS,1,2011-01-21 00:00:00,0.8,13302,Italy
537553,21018,HEART OF WICKER SMALL,23,2011-01-07 00:00:00,13.06,15700,Switzerland
537554,21076,HOME BUILDING BLOCK WORD,6,2011-03-03 00:00:00,9.22,13931,Germany
537555,21031,FAIRY CAKE FLANNEL ASSORTED COLOUR,3,2010-12-09 00:00:00,4.91,17850,United Kingdom
537556,21077,SET OF 3 MONOCHROME HEART MUGS,3,2010-12-11 00:00:00,3.16,14039,Netherlands
537557,21039,ASSORTED COLOUR BIRD ORNAMENT,2,2011-06-09 00:00:00,2.76,15907,United Kingdom
537558,21096,SET OF 3 MONOCHROME HEART MUGS,1,2011-01-13 00:00:00,3.16,15607,United Kingdom
537558,21080,CHOCOLATE HOT WATER BOTTLE,3,2010-12-10 00:00:00,6.76,14010,Switzerland
537559,21030,STRAWBERRY CERAMIC TRINKET POT,4,2010-12-02 00:00:00,1.34,15075,United Kingdom
537560,21072,JUMBO BAG RED RETROSPOT,6,2011-02-12 00:00:00,11.11,12909,United Kingdom
537561,21073,STRAWBERRY CERAMIC TRINKET POT,2,2010-12-08 00:00:00,1.34,16230,United Kingdom
537562,21026,HEART SHAPED DOUGHNUT,8,2010-12-24 00:00:00,14.56,17398,France
537563,21044,LOVE BUILDING BLOCK WORD,1,2010-12-09 00:00:00,10.77,13415,Netherlands
537564,21078,STRAWBERRY CERAMIC TRINKET POT,2,2011-03-15 00:00:00,1.34,14646,United Kingdom
537565,21020,CHOCOLATE HOT WATER BOTTLE,2,2010-12-23 00:00:00,6.76,17832,United Kingdom
537566,21069,JUMBO BAG RED RETROSPOT,2,2010-12-26 00:00:00,11.11,14140,United Kingdom
537567,21063,ASSORTED COLOUR BIRD ORNAMENT,2,2011-03-03 00:00:00,2.76,17583,Italy
537567,21038,SET OF 3 MONOCHROME HEART MUGS,5,2010-12-10 00:00:00,3.16,15660,Switzerland
537568,21009,BLUE KALMIA CERAMIC MUG,8,2011-01-15 00:00:00,3.58,17964,Italy
537569,21063,LUNCH BAG RED RETROSPOT,6,2010-12-26 00:00:00,2.76,14883,United Kingdom
537570,21042,BLUE KALMIA CERAMIC MUG,3,2010-12-08 00:00:00,3.58,17090,United Kingdom
537571,21028,CHILLI LIGHTS,5,2010-12-15 00:00:00,0.8,15157,Netherlands
537571,21043,HOME BUILDING BLOCK WORD,10,2011-02-21 00:00:00,9.22,15265,United Kingdom
537572,21056,WHITE HANGING HEART T-LIGHT HOLDER,2,2010-12-20 00:00:00,5.93,17595,United Kingdom
537573,21036,PARTY BUNTING,7,2011-01-26 00:00:00,9.18,18146,United Kingdom
537574,21089,PINK VINTAGE PAISLEY PICNIC BAG,2,2011-04-16 00:00:00,3.14,16042,Germany
537575,21082,LUNCH BAG RED RETROSPOT,3,2010-12-13 00:00:00,2.76,15702,United Kingdom
537575,21004,SET OF 3 MONOCHROME HEART MUGS,1,2010-12-24 00:00:00,3.16,17125,Italy
537576,21036,WHITE HANGING HEART T-LIGHT HOLDER,2,2010-12-16 00:00:00,5.93,17583,Spain
537577,21012,CHOCOLATE HOT WATER BOTTLE,1,2010-12-25 00:00:00,6.76,15450,Portugal
537578,21066,FAIRY CAKE FLANNEL ASSORTED COLOUR,1,2011-02-12 00:00:00,4.91,14079,Italy
537579,21035,PINK VINTAGE PAISLEY PICNIC BAG,2,2010-12-13 00:00:00,3.14,18210,United Kingdom
537579,21066,PINK VINTAGE PAISLEY PICNIC BAG,2,2010-12-25 00:00:00,3.14,17145,United Kingdom
537580,21038,HANGING METAL LANTERN,1,2011-01-03 00:00:00,12.57,13391,United Kingdom
537581,21036,LOVE BUILDING BLOCK WORD,3,2010-12-23 00:00:00,10.77,17625,United Kingdom
537581,21069,HEART OF WICKER SMALL,6,2010-12-10 00:00:00,13.06,15537,United Kingdom
537581,21079,JUMBO BAG RED RETROSPOT,3,2011-01-04 00:00:00,11.11,16938,United Kingdom
537582,21033,CHOCOLATE HOT WATER BOTTLE,4,2011-01-23 00:00:00,6.76,15162,United Kingdom
537583,21076,HOME BUILDING BLOCK WORD,9,2011-01-01 00:00:00,9.22,16841,Netherlands
537583,21018,WHITE HANGING HEART T-LIGHT HOLDER,3,2010-12-12 00:00:00,5.93,15498,United Kingdom
537584,21055,LOVE BUILDING BLOCK WORD,5,2010-12-23 00:00:00,10.77,14546,United Kingdom
537584,21007,BLUE KALMIA CERAMIC MUG,1,2011-02-19 00:00:00,3.58,17028,Germany
537585,21094,STRAWBERRY CERAMIC TRINKET POT,1,2010-12-02 00:00:00,1.34,17279,United Kingdom
537586,21018,PINK VINTAGE PAISLEY PICNIC BAG,2,2010-12-20 00:00:00,3.14,15673,United Kingdom
537587,21044,HANGING METAL LANTERN,1,2010-12-29 00:00:00,12.57,13914,United Kingdom
537587,21009,BLUE KALMIA CERAMIC MUG,3,2011-03-27 00:00:00,3.58,16021,United Kingdom
537588,21057,SET OF 3 MONOCHROME HEART MUGS,5,2010-12-02 00:00:00,3.16,17594,Netherlands
537589,21041,BLUE KALMIA CERAMIC MUG,3,2010-12-28 00:00:00,3.58,16042,Netherlands
537590,21010,JUMBO BAG RED RETROSPOT,2,2010-12-14 00:00:00,11.11,17145,Portugal
537591,21095,ASSORTED COLOUR BIRD ORNAMENT,7,2010-12-08 00:00:00,2.76,17595,Italy
537592,21047,HEART OF WICKER SMALL,6,2010-12-14 00:00:00,13.06,15093,United Kingdom
537593,21010,JUMBO BAG PINK POLKADOT,3,2011-02-11 00:00:00,8.11,12492,United Kingdom
537593,21092,LOVE BUILDING BLOCK WORD,3,2010-12-03 00:00:00,10.77,16189,Portugal
537594,21057,HEART SHAPED DOUGHNUT,3,2010-12-08 00:00:00,14.56,13874,United Kingdom
537594,21003,HOME BUILDING BLOCK WORD,2,2010-12-24 00:00:00,9.22,12599,France
537595,21095,RETROSPOT TEA SET CERAMIC 11 PC,2,2010-12-15 00:00:00,4.72,14061,Portugal
537596,21019,HANGING METAL LANTERN,6,2011-03-08 00:00:00,12.57,13982,United Kingdom
537597,21062,FAIRY CAKE FLANNEL ASSORTED COLOUR,6,2011-01-13 00:00:00,4.91,15077,United Kingdom
537598,21008,PINK VINTAGE PAISLEY PICNIC BAG,4,2010-12-19 00:00:00,3.14,13405,United Kingdom
537598,21053,JUMBO BAG PINK POLKADOT,15,2011-01-20 00:00:00,8.11,17075,United Kingdom
537599,21086,PARTY BUNTING,1,2010-12-15 00:00:00,9.18,13694,United Kingdom
537600,21036,HOME BUILDING BLOCK WORD,2,2010-12-07 00:00:00,9.22,13112,United Kingdom
537601,21028,LOVE BUILDING BLOCK WORD,2,2010-12-11 00:00:00,10.77,16269,Germany
537602,21058,HOME BUILDING BLOCK WORD,4,2010-12-09 00:00:00,9.22,14328,United Kingdom
537603,21043,CHOCOLATE HOT WATER BOTTLE,9,2010-12-17 00:00:00,6.76,17519,Italy
537604,21007,STRAWBERRY CERAMIC TRINKET POT,8,2010-12-23 00:00:00,1.34,13406,United Kingdom
537604,21078,BLUE KALMIA CERAMIC MUG,1,2010-12-07 00:00:00,3.58,16897,Switzerland
537605,21088,PINK VINTAGE PAISLEY PICNIC BAG,7,2010-12-18 00:00:00,3.14,15791,United Kingdom
537606,21041,HOME BUILDING BLOCK WORD,1,2010-12-21 00:00:00,9.22,12599,Belgium
537607,21056,HANGING METAL LANTERN,1,2010-12-11 00:00:00,12.57,17082,Spain
537607,21041,HEART SHAPED DOUGHNUT,4,2010-12-29 00:00:00,14.56,17004,Spain
537607,21051,WHITE HANGING HEART T-LIGHT HOLDER,3,2011-01-02 00:00:00,5.93,13326,Spain
537608,21050,HANGING METAL LANTERN,1,2010-12-24 00:00:00,12.57,13241,Netherlands
537609,21041,STRAWBERRY CERAMIC TRINKET POT,14,2011-01-07 00:00:00,1.34,14416,United Kingdom
537610,21051,HEART SHAPED DOUGHNUT,3,2011-01-06 00:00:00,14.56,13530,United Kingdom
537611,21020,LOVE BUILDING BLOCK WORD,5,2011-01-09 00:00:00,10.77,18193,United Kingdom
537612,21037,ASSORTED COLOUR BIRD ORNAMENT,1,2010-12-17 00:00:00,2.76,15047,United Kingdom
537613,21064,PARTY BUNTING,4,2010-12-06 00:00:00,9.18,15307,Portugal
537613,21089,JUMBO BAG PINK POLKADOT,2,2010-12-24 00:00:00,8.11,16082,United Kingdom
537614,21039,HEART SHAPED DOUGHNUT,2,2010-12-02 00:00:00,14.56,14857,United Kingdom
537614,21056,LUNCH BAG RED RETROSPOT,11,2011-01-19 00:00:00,2.76,13530,Germany
537615,21031,HEART OF WICKER SMALL,4,2010-12-18 00:00:00,13.06,14393,United Kingdom
537616,21009,LOVE BUILDING BLOCK WORD,2,2011-02-21 00:00:00,10.77,17622,Netherlands
537616,21066,HOME BUILDING BLOCK WORD,2,2011-04-17 00:00:00,9.22,15321,United Kingdom
537617,21039,CHOCOLATE HOT WATER BOTTLE,3,2010-12-06 00:00:00,6.76,17876,Netherlands
537618,21034,HOME BUILDING BLOCK WORD,3,2010-12-24 00:00:00,9.22,15466,France
537619,21055,SET OF 3 MONOCHROME HEART MUGS,3,2011-01-27 00:00:00,3.16,14914,United Kingdom
537619,21054,CHOCOLATE HOT WATER BOTTLE,1,2010-12-16 00:00:00,6.76,13302,United Kingdom
537620,21069,ASSORTED COLOUR BIRD ORNAMENT,1,2010-12-27 00:00:00,2.76,17876,United Kingdom
537620,21017,BLUE KALMIA CERAMIC MUG,3,2010-12-22 00:00:00,3.58,18241,Belgium
537621,21057,REGENCY CAKESTAND 3 TIER,4,2011-01-06 00:00:00,14.29,13493,Germany
537622,21036,PINK VINTAGE PAISLEY PICNIC BAG,5,2010-12-26 00:00:00,3.14,17480,Germany
537623,21086,HEART OF WICKER SMALL,2,2010-12-20 00:00:00,13.06,13176,Netherlands
537623,21015,REGENCY CAKESTAND 3 TIER,2,2010-12-16 00:00:00,14.29,13415,Portugal
537624,21057,HOME BUILDING BLOCK WORD,1,2010-12-04 00:00:00,9.22,17125,United Kingdom
537625,21060,JUMBO BAG RED RETROSPOT,10,2010-12-05 00:00:00,11.11,13045,United Kingdom
537625,21086,FAIRY CAKE FLANNEL ASSORTED COLOUR,2,2010-12-25 00:00:00,4.91,13341,Netherlands
537626,21055,HEART SHAPED DOUGHNUT,3,2010-12-25 00:00:00,14.56,14837,United Kingdom
537627,21014,HOME BUILDING BLOCK WORD,1,2010-12-08 00:00:00,9.22,17788,Italy
537628,21096,SET OF 3 MONOCHROME HEART MUGS,3,2011-01-09 00:00:00,3.16,14327,Netherlands
537629,21052,JUMBO BAG RED RETROSPOT,10,2011-01-18 00:00:00,11.11,12647,Netherlands
537630,21049,JUMBO BAG RED RETROSPOT,3,2011-01-31 00:00:00,11.11,16841,Italy
537630,21031,LOVE BUILDING BLOCK WORD,6,2010-12-06 00:00:00,10.77,16333,United Kingdom
537630,21018,SET OF 3 MONOCHROME HEART MUGS,7,2010-12-09 00:00:00,3.16,12444,United Kingdom
537631,21097,HEART SHAPED DOUGHNUT,2,2011-01-04 00:00:00,14.56,16860,France
537631,21036,REGENCY CAKESTAND 3 TIER,4,2011-01-29 00:00:00,14.29,14825,Netherlands
537631,21065,STRAWBERRY CERAMIC TRINKET POT,1,2010-12-06 00:00:00,1.34,16021,Germany
537631,21077,JUMBO BAG RED RETROSPOT,3,2011-02-08 00:00:00,11.11,12681,United Kingdom
537632,21003,BLUE KALMIA CERAMIC MUG,9,2010-12-12 00:00:00,3.58,16443,United Kingdom
537633,21066,FAIRY CAKE FLANNEL ASSORTED COLOUR,3,2010-12-25 00:00:00,4.91,14384,France
537633,21077,PARTY BUNTING,1,2010-12-04 00:00:00,9.18,16193,United Kingdom
537633,21084,LOVE BUILDING BLOCK WORD,2,2010-12-18 00:00:00,10.77,15907,United Kingdom
537633,21014,JUMBO BAG PINK POLKADOT,8,2011-02-01 00:00:00,8.11,13830,United Kingdom
C537634,21045,HEART SHAPED DOUGHNUT,8,2010-12-06 00:00:00,14.56,12954,United Kingdom
537634,21014,FAIRY CAKE FLANNEL ASSORTED COLOUR,2,2010-12-11 00:00:00,4.91,16628,United Kingdom
537634,21024,BLUE KALMIA CERAMIC MUG,1,2010-12-13 00:00:00,3.58,16209,Italy
537635,21073,REGENCY CAKESTAND 3 TIER,4,2011-02-05 00:00:00,14.29,17082,United Kingdom
537635,21032,JUMBO BAG PINK POLKADOT,1,2010-12-08 00:00:00,8.11,17942,United Kingdom
537635,21084,STRAWBERRY CERAMIC TRINKET POT,1,2010-12-09 00:00:00,1.34,15498,Belgium
537635,21061,ASSORTED COLOUR BIRD ORNAMENT,2,2010-12-01 00:00:00,2.76,15650,Portugal
537636,21063,LUNCH BAG RED RETROSPOT,8,2010-12-09 00:00:00,2.76,14327,United Kingdom
537636,21012,LOVE BUILDING BLOCK WORD,1,2011-04-15 00:00:00,10.77,12883,Italy
537637,21084,FAIRY CAKE FLANNEL ASSORTED COLOUR,2,2010-12-01 00:00:00,4.91,17788,France
537638,21054,SET OF 3 MONOCHROME HEART MUGS,4,2010-12-13 00:00:00,3.16,18105,United Kingdom
537638,21077,JUMBO BAG PINK POLKADOT,1,2011-02-21 00:00:00,8.11,16289,Germany
537638,21092,JUMBO BAG RED RETROSPOT,5,2011-01-12 00:00:00,11.11,16894,United Kingdom
537638,21044,REGENCY CAKESTAND 3 TIER,3,2010-12-10 00:00:00,14.29,12492,United Kingdom
C537639,21016,SET OF 3 MONOCHROME HEART MUGS,4,2011-02-03 00:00:00,3.16,13512,United Kingdom
537639,21006,LOVE BUILDING BLOCK WORD,6,2010-12-19 00:00:00,10.77,13830,United Kingdom
537640,21077,FAIRY CAKE FLANNEL ASSORTED COLOUR,7,2011-02-05 00:00:00,4.91,16375,United Kingdom
537641,21003,STRAWBERRY CERAMIC TRINKET POT,2,2011-01-10 00:00:00,1.34,12546,France
537641,21071,LOVE BUILDING BLOCK WORD,1,2010-12-30 00:00:00,10.77,12473,Portugal
537642,21063,PARTY BUNTING,2,2010-12-01 00:00:00,9.18,13044,France
537643,21058,LOVE BUILDING BLOCK WORD,2,2010-12-02 00:00:00,10.77,18241,United Kingdom
537643,21045,WHITE HANGING HEART T-LIGHT HOLDER,3,2011-04-11 00:00:00,5.93,17625,United Kingdom
537643,21089,REGENCY CAKESTAND 3 TIER,4,2010-12-04 00:00:00,14.29,14148,United Kingdom
537644,21039,CHILLI LIGHTS,1,2011-02-01 00:00:00,0.8,14506,United Kingdom
537645,21070,SET OF 3 MONOCHROME HEART MUGS,3,2010-12-15 00:00:00,3.16,15265,Switzerland
537646,21089,CHOCOLATE HOT WATER BOTTLE,7,2010-12-02 00:00:00,6.76,17880,United Kingdom
537646,21038,CHILLI LIGHTS,3,2011-01-13 00:00:00,0.8,17842,Belgium
537647,21025,HEART OF WICKER SMALL,6,2011-01-13 00:00:00,13.06,15743,United Kingdom
537648,21050,FAIRY CAKE FLANNEL ASSORTED COLOUR,2,2011-01-24 00:00:00,4.91,14327,United Kingdom
537648,21028,JUMBO BAG RED RETROSPOT,9,2010-12-09 00:00:00,11.11,17654,United Kingdom
537648,21038,REGENCY CAKESTAND 3 TIER,7,2010-12-13 00:00:00,14.29,14276,United Kingdom
537649,21033,PARTY BUNTING,3,2010-12-09 00:00:00,9.18,12946,United Kingdom
537650,21042,JUMBO BAG PINK POLKADOT,7,2011-01-01 00:00:00,8.11,14079,United Kingdom
537651,21027,CHILLI LIGHTS,2,2011-01-06 00:00:00,0.8,14640,United Kingdom
537652,21065,SET OF 3 MONOCHROME HEART MUGS,3,2010-12-26 00:00:00,3.16,18210,United Kingdom
537653,21055,LOVE BUILDING BLOCK WORD,1,2010-12-06 00:00:00,10.77,13824,United Kingdom
537653,21081,PARTY BUNTING,6,2011-02-03 00:00:00,9.18,17322,United Kingdom
537653,21063,FAIRY CAKE FLANNEL ASSORTED COLOUR,1,2011-02-09 00:00:00,4.91,17322,France
537654,21051,WHITE HANGING HEART T-LIGHT HOLDER,8,2010-12-18 00:00:00,5.93,16137,United Kingdom
537654,21074,BLUE KALMIA CERAMIC MUG,1,2011-01-04 00:00:00,3.58,14546,United Kingdom
537655,21079,HANGING METAL LANTERN,2,2010-12-13 00:00:00,12.57,15548,Sweden
537656,21018,HOME BUILDING BLOCK WORD,1,2010-12-24 00:00:00,9.22,16901,United Kingdom
537657,21005,JUMBO BAG PINK POLKADOT,4,2010-12-05 00:00:00,8.11,13530,United Kingdom
537657,21090,BLUE KALMIA CERAMIC MUG,4,2010-12-12 00:00:00,3.58,17221,United Kingdom
537658,21021,REGENCY CAKESTAND 3 TIER,1,2010-12-17 00:00:00,14.29,14373,United Kingdom
537659,21058,HANGING METAL LANTERN,18,2010-12-10 00:00:00,12.57,17237,United Kingdom
537659,21073,CHOCOLATE HOT WATER BOTTLE,8,2010-12-18 00:00:00,6.76,13613,Spain
537660,21043,REGENCY CAKESTAND 3 TIER,8,2011-01-03 00:00:00,14.29,16982,United Kingdom
537660,21001,HOME BUILDING BLOCK WORD,4,2011-02-08 00:00:00,9.22,15307,Switzerland
537660,21047,CHILLI LIGHTS,5,2011-01-14 00:00:00,0.8,12838,United Kingdom
537660,21057,JUMBO BAG RED RETROSPOT,4,2010-12-13 00:00:00,11.11,14959,United Kingdom
537660,21052,HEART OF WICKER SMALL,2,2011-01-01 00:00:00,13.06,12608,Italy
537661,21024,LUNCH BAG RED RETROSPOT,6,2010-12-14 00:00:00,2.76,16938,Spain
537661,21092,REGENCY CAKESTAND 3 TIER,1,2010-12-20 00:00:00,14.29,18037,Netherlands
537661,21031,FAIRY CAKE FLANNEL ASSORTED COLOUR,2,2011-01-22 00:00:00,4.91,17809,United Kingdom
537662,21097,LUNCH BAG RED RETROSPOT,10,2011-01-28 00:00:00,2.76,15450,United Kingdom
537662,21028,RETROSPOT TEA SET CERAMIC 11 PC,1,2011-01-27 00:00:00,4.72,15521,Spain
537663,21089,FAIRY CAKE FLANNEL ASSORTED COLOUR,1,2010-12-02 00:00:00,4.91,13628,United Kingdom
537664,21031,HOME BUILDING BLOCK WORD,4,2010-12-18 00:00:00,9.22,17962,United Kingdom
537665,21090,JUMBO BAG RED RETROSPOT,10,2010-12-27 00:00:00,11.11,16839,United Kingdom
537666,21005,CHOCOLATE HOT WATER BOTTLE,3,2011-01-16 00:00:00,6.76,16842,United Kingdom
537667,21069,HANGING METAL LANTERN,3,2011-02-10 00:00:00,12.57,16798,Netherlands
537668,21070,FAIRY CAKE FLANNEL ASSORTED COLOUR,12,2011-01-17 00:00:00,4.91,17962,United Kingdom
537669,21043,HEART SHAPED DOUGHNUT,1,2010-12-12 00:00:00,14.56,17657,United Kingdom
537670,21023,STRAWBERRY CERAMIC TRINKET POT,2,2010-12-30 00:00:00,1.34,15529,Italy
537670,21039,SET OF 3 MONOCHROME HEART MUGS,4,2010-12-18 00:00:00,3.16,17557,United Kingdom
537671,21026,FAIRY CAKE FLANNEL ASSORTED COLOUR,3,2011-01-01 00:00:00,4.91,16339,Belgium
537672,21093,WHITE HANGING HEART T-LIGHT HOLDER,1,2010-12-11 00:00:00,5.93,14327,United Kingdom
537672,21059,PARTY BUNTING,6,2011-01-06 00:00:00,9.18,16144,United Kingdom
537673,21066,HEART SHAPED DOUGHNUT,1,2010-12-28 00:00:00,14.56,17237,Sweden
537674,21062,CHILLI LIGHTS,4,2011-01-11 00:00:00,0.8,15688,Spain
537675,21049,RETROSPOT TEA SET CERAMIC 11 PC,1,2010-12-01 00:00:00,4.72,12647,United Kingdom
537676,21042,FAIRY CAKE FLANNEL ASSORTED COLOUR,2,2010-12-12 00:00:00,4.91,17571,United Kingdom
537677,21043,FAIRY CAKE FLANNEL ASSORTED COLOUR,1,2010-12-14 00:00:00,4.91,17239,Germany
C537678,21084,REGENCY CAKESTAND 3 TIER,2,2010-12-06 00:00:00,14.29,14032,Germany
537679,21005,LUNCH BAG RED RETROSPOT,1,2010-12-06 00:00:00,2.76,15170,Italy
537679,21066,HEART SHAPED DOUGHNUT,3,2010-12-22 00:00:00,14.56,15493,Belgium
537680,21031,CHILLI LIGHTS,2,2010-12-01 00:00:00,0.8,14487,France
537681,21064,RETROSPOT TEA SET CERAMIC 11 PC,1,2011-02-10 00:00:00,4.72,16545,United Kingdom
537682,21077,RETROSPOT TEA SET CERAMIC 11 PC,2,2011-02-02 00:00:00,4.72,16992,United Kingdom
537682,21050,ASSORTED COLOUR BIRD ORNAMENT,1,2010-12-09 00:00:00,2.76,15820,United Kingdom
537683,21032,LUNCH BAG RED RETROSPOT,4,2011-03-04 00:00:00,2.76,17402,United Kingdom
537684,21046,FAIRY CAKE FLANNEL ASSORTED COLOUR,2,2010-12-03 00:00:00,4.91,14902,United Kingdom
537684,21009,WHITE HANGING HEART T-LIGHT HOLDER,3,2010-12-11 00:00:00,5.93,15565,United Kingdom
537685,21086,HANGING METAL LANTERN,4,2011-01-05 00:00:00,12.57,15928,United Kingdom
537685,21028,RETROSPOT TEA SET CERAMIC 11 PC,3,2011-02-01 00:00:00,4.72,16109,United Kingdom
537686,21097,ASSORTED COLOUR BIRD ORNAMENT,1,2010-12-13 00:00:00,2.76,14053,United Kingdom
537686,21024,PARTY BUNTING,4,2010-12-06 00:00:00,9.18,17319,France
537686,21078,CHOCOLATE HOT WATER BOTTLE,1,2011-01-24 00:00:00,6.76,13824,France
537687,21007,HEART SHAPED DOUGHNUT,3,2011-01-20 00:00:00,14.56,17534,Germany
537688,21051,ASSORTED COLOUR BIRD ORNAMENT,6,2010-12-06 00:00:00,2.76,15077,Belgium
537689,21010,HEART SHAPED DOUGHNUT,5,2010-12-02 00:00:00,14.56,12920,Switzerland
537690,21072,PARTY BUNTING,3,2010-12-08 00:00:00,9.18,14241,United Kingdom
537690,21072,FAIRY CAKE FLANNEL ASSORTED COLOUR,10,2011-01-01 00:00:00,4.91,14061,Spain
537690,21045,JUMBO BAG PINK POLKADOT,2,2011-01-18 00:00:00,8.11,13300,United Kingdom
537691,21097,CHILLI LIGHTS,2,2010-12-08 00:00:00,0.8,14835,United Kingdom
537692,21047,PINK VINTAGE PAISLEY PICNIC BAG,3,2011-01-31 00:00:00,3.14,16186,United Kingdom
537693,21043,WHITE HANGING HEART T-LIGHT HOLDER,1,2010-12-06 00:00:00,5.93,13216,Spain
537693,21058,HANGING METAL LANTERN,3,2010-12-25 00:00:00,12.57,13816,United Kingdom
537694,21044,JUMBO BAG RED RETROSPOT,1,2010-12-16 00:00:00,11.11,15433,United Kingdom
537695,21054,PINK VINTAGE PAISLEY PICNIC BAG,6,2010-12-01 00:00:00,3.14,15234,Belgium
537696,21039,LOVE BUILDING BLOCK WORD,1,2010-12-21 00:00:00,10.77,14781,Italy
537697,21073,STRAWBERRY CERAMIC TRINKET POT,9,2010-12-13 00:00:00,1.34,17654,United Kingdom
C537697,21015,JUMBO BAG RED RETROSPOT,7,2010-12-04 00:00:00,11.11,13055,Italy
537698,21032,CHILLI LIGHTS,3,2011-05-19 00:00:00,0.8,17144,Spain
537699,21041,LOVE BUILDING BLOCK WORD,5,2010-12-04 00:00:00,10.77,14305,United Kingdom
537699,21065,SET OF 3 MONOCHROME HEART MUGS,3,2011-01-02 00:00:00,3.16,13427,Spain
537699,21060,HOME BUILDING BLOCK WORD,6,2010-12-30 00:00:00,9.22,12954,United Kingdom
537700,21019,HOME BUILDING BLOCK WORD,3,2010-12-29 00:00:00,9.22,15445,United Kingdom
537701,21059,ASSORTED COLOUR BIRD ORNAMENT,4,2011-03-10 00:00:00,2.76,13981,United Kingdom
537702,21081,CHILLI LIGHTS,2,2011-02-04 00:00:00,0.8,15419,Netherlands
537702,21096,ASSORTED COLOUR BIRD ORNAMENT,2,2010-12-08 00:00:00,2.76,15450,Sweden
537702,21046,HANGING METAL LANTERN,1,2010-12-05 00:00:00,12.57,17083,United Kingdom
537703,21081,ASSORTED COLOUR BIRD ORNAMENT,3,2010-12-10 00:00:00,2.76,14416,Netherlands
537704,21055,RETROSPOT TEA SET CERAMIC 11 PC,3,2011-01-22 00:00:00,4.72,14903,Sweden
537705,21052,LOVE BUILDING BLOCK WORD,3,2010-12-28 00:00:00,10.77,15991,Spain
537706,21091,FAIRY CAKE FLANNEL ASSORTED COLOUR,1,2010-12-01 00:00:00,4.91,13374,United Kingdom
537707,21063,LOVE BUILDING BLOCK WORD,4,2010-12-19 00:00:00,10.77,14009,Germany
537708,21059,CHOCOLATE HOT WATER BOTTLE,4,2010-12-08 00:00:00,6.76,14028,Belgium
537709,21014,PINK VINTAGE PAISLEY PICNIC BAG,2,2010-12-27 00:00:00,3.14,17123,United Kingdom
537710,21071,ASSORTED COLOUR BIRD ORNAMENT,10,2011-01-11 00:00:00,2.76,14276,United Kingdom
537711,21061,RETROSPOT TEA SET CERAMIC 11 PC,4,2010-12-03 00:00:00,4.72,15927,France
537711,21076,PINK VINTAGE PAISLEY PICNIC BAG,2,2011-01-01 00:00:00,3.14,18210,United Kingdom
537712,21095,HEART OF WICKER SMALL,1,2010-12-05 00:00:00,13.06,12858,United Kingdom
537713,21019,PARTY BUNTING,2,2010-12-22 00:00:00,9.18,12838,United Kingdom
537713,21015,HEART SHAPED DOUGHNUT,3,2010-12-21 00:00:00,14.56,16897,Portugal
537714,21068,PARTY BUNTING,2,2011-02-17 00:00:00,9.18,13197,United Kingdom
537714,21026,SET OF 3 MONOCHROME HEART MUGS,6,2010-12-14 00:00:00,3.16,12465,Italy
537715,21012,LUNCH BAG RED RETROSPOT,5,2010-12-20 00:00:00,2.76,12834,Portugal
537716,21005,HEART SHAPED DOUGHNUT,1,2010-12-31 00:00:00,14.56,13500,Belgium
537716,21013,LOVE BUILDING BLOCK WORD,6,2010-12-24 00:00:00,10.77,16845,United Kingdom
537717,21059,CHILLI LIGHTS,2,2010-12-01 00:00:00,0.8,18021,Spain
537717,21045,CHILLI LIGHTS,2,2011-01-10 00:00:00,0.8,14148,Germany
537718,21038,SET OF 3 MONOCHROME HEART MUGS,1,2011-01-08 00:00:00,3.16,13374,United Kingdom
537719,21077,FAIRY CAKE FLANNEL ASSORTED COLOUR,2,2011-01-12 00:00:00,4.91,13362,Germany
537719,21010,CHOCOLATE HOT WATER BOTTLE,6,2011-02-06 00:00:00,6.76,17069,United Kingdom
537720,21003,LOVE BUILDING BLOCK WORD,2,2011-03-10 00:00:00,10.77,13300,Belgium
537721,21093,CHILLI LIGHTS,2,2010-12-11 00:00:00,0.8,12647,United Kingdom
537722,21074,HEART SHAPED DOUGHNUT,3,2010-12-02 00:00:00,14.56,13841,Netherlands
537722,21041,STRAWBERRY CERAMIC TRINKET POT,1,2010-12-06 00:00:00,1.34,13824,United Kingdom
537723,21045,WHITE HANGING HEART T-LIGHT HOLDER,6,2011-01-17 00:00:00,5.93,16628,Germany
537724,21061,JUMBO BAG RED RETROSPOT,4,2010-12-03 00:00:00,11.11,17322,Italy
537725,21044,HOME BUILDING BLOCK WORD,4,2010-12-16 00:00:00,9.22,13150,United Kingdom
537726,21008,SET OF 3 MONOCHROME HEART MUGS,3,2010-12-07 00:00:00,3.16,15405,United Kingdom
537727,21079,SET OF 3 MONOCHROME HEART MUGS,5,2010-12-03 00:00:00,3.16,15700,United Kingdom
537727,21009,HOME BUILDING BLOCK WORD,1,2010-12-27 00:00:00,9.22,16339,United Kingdom
537728,21013,LUNCH BAG RED RETROSPOT,1,2010-12-15 00:00:00,2.76,16982,United Kingdom
C537729,21088,FAIRY CAKE FLANNEL ASSORTED COLOUR,2,2011-02-07 00:00:00,4.91,12462,Germany
537730,21031,BLUE KALMIA CERAMIC MUG,7,2010-12-04 00:00:00,3.58,12915,United Kingdom
537730,21063,ASSORTED COLOUR BIRD ORNAMENT,7,2011-03-29 00:00:00,2.76,16839,Spain
537731,21047,STRAWBERRY CERAMIC TRINKET POT,3,2010-12-03 00:00:00,1.34,14241,United Kingdom
537732,21016,CHOCOLATE HOT WATER BOTTLE,3,2010-12-03 00:00:00,6.76,15852,Sweden
537733,21003,STRAWBERRY CERAMIC TRINKET POT,6,2011-01-10 00:00:00,1.34,14079,United Kingdom
537733,21042,STRAWBERRY CERAMIC TRINKET POT,1,2010-12-29 00:00:00,1.34,12362,France
537734,21038,RETROSPOT TEA SET CERAMIC 11 PC,4,2010-12-03 00:00:00,4.72,12992,Belgium
537735,21049,HEART OF WICKER SMALL,3,2010-12-10 00:00:00,13.06,17964,United Kingdom
537736,21096,STRAWBERRY CERAMIC TRINKET POT,3,2010-12-01 00:00:00,1.34,12926,Sweden
537736,21011,CHILLI LIGHTS,1,2011-02-04 00:00:00,0.8,15247,Switzerland
537737,21082,LOVE BUILDING BLOCK WORD,7,2010-12-19 00:00:00,10.77,17462,Germany
537738,21073,RETROSPOT TEA SET CERAMIC 11 PC,1,2010-12-13 00:00:00,4.72,16839,United Kingdom
537738,21027,HOME BUILDING BLOCK WORD,1,2010-12-09 00:00:00,9.22,14835,Italy
537738,21079,BLUE KALMIA CERAMIC MUG,2,2010-12-20 00:00:00,3.58,17215,France
537739,21012,PINK VINTAGE PAISLEY PICNIC BAG,5,2011-02-02 00:00:00,3.14,15715,France
537740,21005,HEART SHAPED DOUGHNUT,2,2010-12-30 00:00:00,14.56,18037,United Kingdom
537741,21060,STRAWBERRY CERAMIC TRINKET POT,2,2010-12-08 00:00:00,1.34,14042,United Kingdom
537742,21002,CHOCOLATE HOT WATER BOTTLE,11,2010-12-02 00:00:00,6.76,14709,United Kingdom
537743,21078,HOME BUILDING BLOCK WORD,1,2011-02-09 00:00:00,9.22,13224,Switzerland
C537744,21026,REGENCY CAKESTAND 3 TIER,6,2010-12-11 00:00:00,14.29,16992,Netherlands
537744,21021,PINK VINTAGE PAISLEY PICNIC BAG,11,2010-12-03 00:00:00,3.14,14010,Italy
537744,21015,SET OF 3 MONOCHROME HEART MUGS,3,2011-01-02 00:00:00,3.16,15247,United Kingdom
537745,21031,ASSORTED COLOUR BIRD ORNAMENT,7,2010-12-18 00:00:00,2.76,14039,United Kingdom
537746,21033,LOVE BUILDING BLOCK WORD,4,2011-02-18 00:00:00,10.77,16842,United Kingdom
537747,21027,LOVE BUILDING BLOCK WORD,4,2010-12-14 00:00:00,10.77,13086,United Kingdom
537747,21053,RETROSPOT TEA SET CERAMIC 11 PC,2,2010-12-04 00:00:00,4.72,16123,Italy
537748,21028,LOVE BUILDING BLOCK WORD,3,2011-01-24 00:00:00,10.77,16564,United Kingdom
537749,21069,JUMBO BAG PINK POLKADOT,3,2011-01-07 00:00:00,8.11,15345,United Kingdom
537750,21046,PARTY BUNTING,4,2010-12-06 00:00:00,9.18,17518,United Kingdom
537751,21096,HEART OF WICKER SMALL,1,2010-12-07 00:00:00,13.06,13830,United Kingdom
537752,21044,HANGING METAL LANTERN,9,2011-01-08 00:00:00,12.57,13589,Italy
537753,21025,SET OF 3 MONOCHROME HEART MUGS,8,2010-12-01 00:00:00,3.16,15660,United Kingdom
537754,21062,RETROSPOT TEA SET CERAMIC 11 PC,1,2010-12-03 00:00:00,4.72,14831,United Kingdom
537755,21065,LUNCH BAG RED RETROSPOT,6,2010-12-24 00:00:00,2.76,13150,Germany
537756,21057,LOVE BUILDING BLOCK WORD,8,2010-12-26 00:00:00,10.77,15464,United Kingdom
537756,21092,LUNCH BAG RED RETROSPOT,10,2010-12-03 00:00:00,2.76,12870,United Kingdom
537756,21066,HEART OF WICKER SMALL,5,2010-12-08 00:00:00,13.06,14611,Belgium
537756,21051,CHILLI LIGHTS,1,2010-12-29 00:00:00,0.8,14068,United Kingdom
537756,21043,RETROSPOT TEA SET CERAMIC 11 PC,1,2010-12-21 00:00:00,4.72,17927,United Kingdom
C537757,21067,LOVE BUILDING BLOCK WORD,1,2010-12-10 00:00:00,10.77,15740,France
537757,21007,ASSORTED COLOUR BIRD ORNAMENT,16,2010-12-06 00:00:00,2.76,16845,United Kingdom
537758,21097,SET OF 3 MONOCHROME HEART MUGS,5,2010-12-08 00:00:00,3.16,15450,United Kingdom
537759,21060,LUNCH BAG RED RETROSPOT,6,2011-02-10 00:00:00,2.76,13055,France
537760,21030,SET OF 3 MONOCHROME HEART MUGS,2,2010-12-11 00:00:00,3.16,13326,Switzerland
537761,21054,PINK VINTAGE PAISLEY PICNIC BAG,2,2011-01-07 00:00:00,3.14,17857,United Kingdom
537761,21082,STRAWBERRY CERAMIC TRINKET POT,1,2010-12-17 00:00:00,1.34,15648,Netherlands
537762,21071,LOVE BUILDING BLOCK WORD,1,2010-12-26 00:00:00,10.77,17090,Spain
C537763,21077,CHILLI LIGHTS,1,2010-12-07 00:00:00,0.8,17004,Italy
537764,21026,CHOCOLATE HOT WATER BOTTLE,5,2011-01-23 00:00:00,6.76,13341,France
537765,21050,PINK VINTAGE PAISLEY PICNIC BAG,1,2010-12-08 00:00:00,3.14,16413,United Kingdom
537765,21093,FAIRY CAKE FLANNEL ASSORTED COLOUR,2,2010-12-19 00:00:00,4.91,17398,Spain
537766,21018,REGENCY CAKESTAND 3 TIER,7,2011-02-04 00:00:00,14.29,12737,United Kingdom
537767,21001,JUMBO BAG RED RETROSPOT,10,2010-12-15 00:00:00,11.11,15195,Germany
C537768,21051,HANGING METAL LANTERN,2,2010-12-05 00:00:00,12.57,12683,United Kingdom
537768,21044,PARTY BUNTING,2,2010-12-09 00:00:00,9.18,14506,United Kingdom
537769,21062,REGENCY CAKESTAND 3 TIER,1,2010-12-25 00:00:00,14.29,16092,United Kingdom
537770,21017,LUNCH BAG RED RETROSPOT,2,2011-01-19 00:00:00,2.76,18140,France
537771,21050,CHOCOLATE HOT WATER BOTTLE,1,2010-12-04 00:00:00,6.76,17398,United Kingdom
537772,21099,HANGING METAL LANTERN,1,2010-12-07 00:00:00,12.57,16820,Portugal
537773,21086,LUNCH BAG RED RETROSPOT,3,2011-02-03 00:00:00,2.76,14857,United Kingdom
537773,21090,REGENCY CAKESTAND 3 TIER,4,2010-12-07 00:00:00,14.29,17881,United Kingdom
537774,21050,WHITE HANGING HEART T-LIGHT HOLDER,6,2010-12-21 00:00:00,5.93,16346,France
537775,21016,STRAWBERRY CERAMIC TRINKET POT,1,2010-12-13 00:00:00,1.34,18021,United Kingdom
537776,21048,PINK VINTAGE PAISLEY PICNIC BAG,3,2010-12-14 00:00:00,3.14,13994,United Kingdom
537777,21057,HANGING METAL LANTERN,4,2011-01-11 00:00:00,12.57,15902,United Kingdom
537778,21040,RETROSPOT TEA SET CERAMIC 11 PC,3,2010-12-30 00:00:00,4.72,17338,Belgium
537779,21069,BLUE KALMIA CERAMIC MUG,5,2010-12-09 00:00:00,3.58,16622,United Kingdom
537780,21081,LOVE BUILDING BLOCK WORD,3,2011-01-11 00:00:00,10.77,15433,Belgium
537781,21074,LOVE BUILDING BLOCK WORD,2,2010-12-02 00:00:00,10.77,17788,United Kingdom
537781,21060,LUNCH BAG RED RETROSPOT,3,2011-01-15 00:00:00,2.76,17402,Germany
537782,21010,JUMBO BAG PINK POLKADOT,3,2011-02-07 00:00:00,8.11,14162,Spain
537782,21056,REGENCY CAKESTAND 3 TIER,3,2011-01-18 00:00:00,14.29,17518,Germany
537783,21056,LOVE BUILDING BLOCK WORD,1,2010-12-13 00:00:00,10.77,14487,Spain
C537783,21021,LUNCH BAG RED RETROSPOT,1,2010-12-07 00:00:00,2.76,14152,United Kingdom
537784,21052,FAIRY CAKE FLANNEL ASSORTED COLOUR,4,2010-12-28 00:00:00,4.91,14673,France
537785,21099,BLUE KALMIA CERAMIC MUG,1,2010-12-24 00:00:00,3.58,17277,United Kingdom
537785,21006,LUNCH BAG RED RETROSPOT,1,2011-01-19 00:00:00,2.76,12920,United Kingdom
537786,21093,LOVE BUILDING BLOCK WORD,1,2010-12-03 00:00:00,10.77,15162,Portugal
537787,21004,LOVE BUILDING BLOCK WORD,1,2010-12-14 00:00:00,10.77,16842,United Kingdom
537788,21050,REGENCY CAKESTAND 3 TIER,2,2010-12-04 00:00:00,14.29,14187,United Kingdom
537788,21035,ASSORTED COLOUR BIRD ORNAMENT,3,2010-12-05 00:00:00,2.76,15195,Spain
537789,21085,FAIRY CAKE FLANNEL ASSORTED COLOUR,1,2011-01-12 00:00:00,4.91,17493,United Kingdom
537790,21088,SET OF 3 MONOCHROME HEART MUGS,13,2010-12-15 00:00:00,3.16,16069,Belgium
537790,21063,JUMBO BAG PINK POLKADOT,1,2011-01-13 00:00:00,8.11,18215,Spain
537790,21042,HEART SHAPED DOUGHNUT,2,2010-12-09 00:00:00,14.56,18137,United Kingdom
537791,21061,HEART SHAPED DOUGHNUT,8,2010-12-23 00:00:00,14.56,17625,United Kingdom
537792,21097,JUMBO BAG PINK POLKADOT,1,2010-12-11 00:00:00,8.11,15079,United Kingdom
537793,21071,REGENCY CAKESTAND 3 TIER,1,2011-04-17 00:00:00,14.29,16289,Netherlands
537794,21096,BLUE KALMIA CERAMIC MUG,13,2010-12-09 00:00:00,3.58,18037,France
537795,21048,FAIRY CAKE FLANNEL ASSORTED COLOUR,4,2011-02-07 00:00:00,4.91,13943,United Kingdom
537795,21055,PARTY BUNTING,2,2010-12-17 00:00:00,9.18,15470,Netherlands
537795,21025,HEART OF WICKER SMALL,5,2010-12-24 00:00:00,13.06,14305,Portugal
537796,21073,BLUE KALMIA CERAMIC MUG,4,2010-12-21 00:00:00,3.58,12926,United Kingdom
537796,21015,STRAWBERRY CERAMIC TRINKET POT,2,2010-12-01 00:00:00,1.34,14140,United Kingdom
537796,21092,BLUE KALMIA CERAMIC MUG,7,2010-12-23 00:00:00,3.58,17100,United Kingdom
537797,21015,RETROSPOT TEA SET CERAMIC 11 PC,2,2011-01-11 00:00:00,4.72,16018,Netherlands
537798,21033,WHITE HANGING HEART T-LIGHT HOLDER,17,2010-12-14 00:00:00,5.93,12380,United Kingdom
537799,21003,JUMBO BAG PINK POLKADOT,1,2011-02-15 00:00:00,8.11,13367,United Kingdom
537800,21017,JUMBO BAG PINK POLKADOT,4,2010-12-22 00:00:00,8.11,14042,Italy
537800,21015,BLUE KALMIA CERAMIC MUG,1,2010-12-28 00:00:00,3.58,17657,Italy
537801,21005,HOME BUILDING BLOCK WORD,1,2011-02-08 00:00:00,9.22,15080,Netherlands
537802,21050,JUMBO BAG PINK POLKADOT,5,2010-12-24 00:00:00,8.11,13824,United Kingdom
537803,21074,JUMBO BAG PINK POLKADOT,2,2011-01-24 00:00:00,8.11,17144,Switzerland
537803,21081,JUMBO BAG PINK POLKADOT,5,2011-01-07 00:00:00,8.11,17279,Italy
537804,21041,HEART OF WICKER SMALL,1,2011-01-26 00:00:00,13.06,14773,Belgium
537804,21005,CHILLI LIGHTS,1,2010-12-21 00:00:00,0.8,13422,Italy
537805,21066,LUNCH BAG RED RETROSPOT,2,2011-01-03 00:00:00,2.76,17402,Switzerland
537806,21051,CHILLI LIGHTS,2,2010-12-06 00:00:00,0.8,13391,United Kingdom
537807,21048,LOVE BUILDING BLOCK WORD,3,2010-12-03 00:00:00,10.77,17669,United Kingdom
537808,21004,JUMBO BAG RED RETROSPOT,5,2011-01-15 00:00:00,11.11,12362,Germany
537808,21024,LOVE BUILDING BLOCK WORD,5,2010-12-01 00:00:00,10.77,13428,United Kingdom
537809,21005,JUMBO BAG RED RETROSPOT,6,2011-01-27 00:00:00,11.11,18140,Germany
537809,21017,SET OF 3 MONOCHROME HEART MUGS,9,2011-02-27 00:00:00,3.16,17257,Germany
537810,21068,HOME BUILDING BLOCK WORD,3,2011-01-25 00:00:00,9.22,17519,Switzerland
537810,21061,ASSORTED COLOUR BIRD ORNAMENT,6,2010-12-06 00:00:00,2.76,13055,United Kingdom
537811,21027,WHITE HANGING HEART T-LIGHT HOLDER,2,2010-12-17 00:00:00,5.93,12683,Germany
537812,21078,HANGING METAL LANTERN,1,2010-12-29 00:00:00,12.57,18210,Spain
537812,21093,JUMBO BAG PINK POLKADOT,1,2010-12-29 00:00:00,8.11,16137,United Kingdom
537812,21016,HEART SHAPED DOUGHNUT,10,2011-01-07 00:00:00,14.56,14245,United Kingdom
537813,21044,HOME BUILDING BLOCK WORD,4,2010-12-19 00:00:00,9.22,15766,Portugal
537813,21078,BLUE KALMIA CERAMIC MUG,6,2010-12-10 00:00:00,3.58,14384,Germany
C537813,21094,HEART SHAPED DOUGHNUT,1,2011-02-01 00:00:00,14.56,18073,United Kingdom
537814,21096,SET OF 3 MONOCHROME HEART MUGS,4,2010-12-05 00:00:00,3.16,12473,Germany
537815,21099,ASSORTED COLOUR BIRD ORNAMENT,2,2010-12-02 00:00:00,2.76,14837,United Kingdom
537816,21017,WHITE HANGING HEART T-LIGHT HOLDER,1,2011-01-29 00:00:00,5.93,16413,Spain
537817,21065,RETROSPOT TEA SET CERAMIC 11 PC,4,2010-12-24 00:00:00,4.72,15928,Spain
537818,21033,JUMBO BAG RED RETROSPOT,1,2010-12-20 00:00:00,11.11,14773,Switzerland
537819,21040,PINK VINTAGE PAISLEY PICNIC BAG,3,2011-03-15 00:00:00,3.14,12410,United Kingdom
537820,21026,LOVE BUILDING BLOCK WORD,8,2010-12-14 00:00:00,10.77,18227,Netherlands
537821,21036,FAIRY CAKE FLANNEL ASSORTED COLOUR,4,2011-02-01 00:00:00,4.91,12848,United Kingdom
537822,21045,HEART OF WICKER SMALL,1,2010-12-27 00:00:00,13.06,17796,United Kingdom
537822,21068,PINK VINTAGE PAISLEY PICNIC BAG,7,2010-12-24 00:00:00,3.14,15618,United Kingdom
537822,21060,CHILLI LIGHTS,1,2010-12-03 00:00:00,0.8,13709,United Kingdom
537822,21075,STRAWBERRY CERAMIC TRINKET POT,3,2011-01-27 00:00:00,1.34,14199,United Kingdom
537823,21023,PINK VINTAGE PAISLEY PICNIC BAG,1,2011-01-12 00:00:00,3.14,14328,United Kingdom
537824,21050,PARTY BUNTING,5,2010-12-30 00:00:00,9.18,16193,United Kingdom
537825,21048,HOME BUILDING BLOCK WORD,1,2011-04-09 00:00:00,9.22,14277,Netherlands
537826,21017,LUNCH BAG RED RETROSPOT,3,2010-12-17 00:00:00,2.76,12362,United Kingdom
537827,21013,HANGING METAL LANTERN,1,2010-12-06 00:00:00,12.57,12834,United Kingdom
537828,21030,SET OF 3 MONOCHROME HEART MUGS,1,2010-12-12 00:00:00,3.16,16021,United Kingdom
537828,21047,HANGING METAL LANTERN,4,2011-01-22 00:00:00,12.57,13427,United Kingdom
537828,21096,ASSORTED COLOUR BIRD ORNAMENT,1,2010-12-14 00:00:00,2.76,18037,United Kingdom
537829,21047,CHOCOLATE HOT WATER BOTTLE,1,2010-12-11 00:00:00,6.76,12571,United Kingdom
537829,21086,SET OF 3 MONOCHROME HEART MUGS,7,2010-12-19 00:00:00,3.16,12465,Portugal
537829,21048,JUMBO BAG RED RETROSPOT,2,2010-12-29 00:00:00,11.11,17414,United Kingdom
537830,21040,REGENCY CAKESTAND 3 TIER,1,2010-12-08 00:00:00,14.29,14241,United Kingdom
537831,21096,HANGING METAL LANTERN,2,2010-12-10 00:00:00,12.57,12737,Germany
537832,21060,CHOCOLATE HOT WATER BOTTLE,3,2010-12-04 00:00:00,6.76,12536,United Kingdom
537833,21018,HOME BUILDING BLOCK WORD,6,2010-12-09 00:00:00,9.22,15516,Portugal
537833,21005,CHOCOLATE HOT WATER BOTTLE,1,2010-12-06 00:00:00,6.76,16537,Italy
537834,21057,HANGING METAL LANTERN,2,2010-12-17 00:00:00,12.57,14241,United Kingdom
537835,21054,HANGING METAL LANTERN,3,2010-12-15 00:00:00,12.57,17362,United Kingdom
537836,21056,HEART OF WICKER SMALL,1,2010-12-29 00:00:00,13.06,15597,United Kingdom
537837,21078,STRAWBERRY CERAMIC TRINKET POT,2,2010-12-03 00:00:00,1.34,16092,Spain
537838,21091,RETROSPOT TEA SET CERAMIC 11 PC,9,2010-12-31 00:00:00,4.72,13362,United Kingdom
537838,21005,RETROSPOT TEA SET CERAMIC 11 PC,7,2010-12-26 00:00:00,4.72,15673,United Kingdom
537839,21035,REGENCY CAKESTAND 3 TIER,10,2010-12-10 00:00:00,14.29,12535,United Kingdom
537839,21054,RETROSPOT TEA SET CERAMIC 11 PC,3,2010-12-17 00:00:00,4.72,16845,Germany
537840,21009,ASSORTED COLOUR BIRD ORNAMENT,8,2011-01-14 00:00:00,2.76,12870,Netherlands
537841,21022,PINK VINTAGE PAISLEY PICNIC BAG,3,2010-12-05 00:00:00,3.14,15466,United Kingdom
537842,21094,PINK VINTAGE PAISLEY PICNIC BAG,2,2010-12-02 00:00:00,3.14,14959,United Kingdom
537843,21058,HANGING METAL LANTERN,2,2010-12-17 00:00:00,12.57,18073,United Kingdom
537843,21076,HANGING METAL LANTERN,3,2011-02-15 00:00:00,12.57,12546,Germany
537844,21035,CHILLI LIGHTS,1,2011-02-03 00:00:00,0.8,14506,United Kingdom
537845,21063,CHOCOLATE HOT WATER BOTTLE,2,2010-12-12 00:00:00,6.76,12870,Sweden
537846,21078,LOVE BUILDING BLOCK WORD,6,2010-12-15 00:00:00,10.77,17557,United Kingdom
537847,21017,PINK VINTAGE PAISLEY PICNIC BAG,4,2011-01-10 00:00:00,3.14,17237,United Kingdom
537848,21087,ASSORTED COLOUR BIRD ORNAMENT,5,2011-02-05 00:00:00,2.76,14673,United Kingdom
537849,21068,REGENCY CAKESTAND 3 TIER,11,2010-12-28 00:00:00,14.29,15565,United Kingdom
537850,21067,FAIRY CAKE FLANNEL ASSORTED COLOUR,2,2011-02-16 00:00:00,4.91,13362,Germany
537851,21023,PARTY BUNTING,2,2010-12-14 00:00:00,9.18,17557,United Kingdom
537852,21099,LOVE BUILDING BLOCK WORD,1,2010-12-31 00:00:00,10.77,14800,Switzerland
537853,21024,WHITE HANGING HEART T-LIGHT HOLDER,5,2010-12-06 00:00:00,5.93,13222,United Kingdom
537854,21011,RETROSPOT TEA SET CERAMIC 11 PC,5,2010-12-20 00:00:00,4.72,15123,United Kingdom
C537855,21074,CHILLI LIGHTS,2,2011-01-31 00:00:00,0.8,16360,United Kingdom
537856,21021,HEART OF WICKER SMALL,1,2010-12-29 00:00:00,13.06,15702,Spain
537856,21074,WHITE HANGING HEART T-LIGHT HOLDER,1,2010-12-13 00:00:00,5.93,17583,United Kingdom
537857,21052,CHILLI LIGHTS,15,2011-01-22 00:00:00,0.8,14332,France
537857,21088,FAIRY CAKE FLANNEL ASSORTED COLOUR,2,2011-02-07 00:00:00,4.91,17082,United Kingdom
537857,21090,LUNCH BAG RED RETROSPOT,4,2011-02-04 00:00:00,2.76,15907,United Kingdom
537858,21060,PARTY BUNTING,3,2011-01-06 00:00:00,9.18,17938,United Kingdom
537858,21076,BLUE KALMIA CERAMIC MUG,4,2010-12-24 00:00:00,3.58,15120,United Kingdom
537859,21084,HEART OF WICKER SMALL,1,2010-12-13 00:00:00,13.06,15433,France
537860,21052,LOVE BUILDING BLOCK WORD,2,2010-12-04 00:00:00,10.77,12926,United Kingdom
537861,21049,HEART OF WICKER SMALL,2,2010-12-18 00:00:00,13.06,13715,France
537861,21091,HEART SHAPED DOUGHNUT,5,2010-12-07 00:00:00,14.56,17561,United Kingdom
537862,21040,PINK VINTAGE PAISLEY PICNIC BAG,2,2011-01-07 00:00:00,3.14,17277,United Kingdom
537863,21095,LUNCH BAG RED RETROSPOT,9,2010-12-20 00:00:00,2.76,16360,United Kingdom
537864,21021,JUMBO BAG RED RETROSPOT,8,2010-12-13 00:00:00,11.11,14327,Portugal
537864,21033,SET OF 3 MONOCHROME HEART MUGS,1,2010-12-14 00:00:00,3.16,13493,Belgium
537864,21036,CHOCOLATE HOT WATER BOTTLE,1,2010-12-03 00:00:00,6.76,13755,United Kingdom
537864,21087,RETROSPOT TEA SET CERAMIC 11 PC,2,2010-12-22 00:00:00,4.72,12362,United Kingdom
537864,21027,REGENCY CAKESTAND 3 TIER,1,2010-12-23 00:00:00,14.29,16333,United Kingdom
537865,21085,ASSORTED COLOUR BIRD ORNAMENT,6,2010-12-03 00:00:00,2.76,16391,United Kingdom
537866,21020,ASSORTED COLOUR BIRD ORNAMENT,2,2010-12-22 00:00:00,2.76,15215,Spain
537867,21072,PINK VINTAGE PAISLEY PICNIC BAG,4,2010-12-09 00:00:00,3.14,12552,United Kingdom
537868,21037,ASSORTED COLOUR BIRD ORNAMENT,1,2010-12-13 00:00:00,2.76,14506,United Kingdom
537869,21019,HOME BUILDING BLOCK WORD,4,2010-12-12 00:00:00,9.22,14673,United Kingdom
537869,21017,LUNCH BAG RED RETROSPOT,2,2010-12-06 00:00:00,2.76,16798,United Kingdom
537870,21046,HANGING METAL LANTERN,5,2011-01-03 00:00:00,12.57,13044,France
537870,21068,PARTY BUNTING,2,2011-04-03 00:00:00,9.18,12954,Belgium
537871,21070,FAIRY CAKE FLANNEL ASSORTED COLOUR,2,2011-01-05 00:00:00,4.91,17946,United Kingdom
537872,21054,STRAWBERRY CERAMIC TRINKET POT,4,2010-12-13 00:00:00,1.34,12952,United Kingdom
537872,21067,PINK VINTAGE PAISLEY PICNIC BAG,2,2010-12-04 00:00:00,3.14,17075,United Kingdom
537873,21011,LUNCH BAG RED RETROSPOT,2,2011-01-03 00:00:00,2.76,12981,United Kingdom
537874,21068,CHOCOLATE HOT WATER BOTTLE,4,2010-12-18 00:00:00,6.76,16944,United Kingdom
537875,21084,HOME BUILDING BLOCK WORD,2,2010-12-26 00:00:00,9.22,15185,Spain
537876,21077,PARTY BUNTING,1,2010-12-26 00:00:00,9.18,17604,United Kingdom
537876,21028,STRAWBERRY CERAMIC TRINKET POT,1,2011-01-06 00:00:00,1.34,16391,United Kingdom
537877,21037,HANGING METAL LANTERN,4,2011-01-14 00:00:00,12.57,15152,Belgium
537877,21061,PARTY BUNTING,5,2010-12-12 00:00:00,9.18,12507,United Kingdom
537877,21031,HANGING METAL LANTERN,2,2011-05-06 00:00:00,12.57,15790,United Kingdom
537877,21076,WHITE HANGING HEART T-LIGHT HOLDER,6,2011-01-11 00:00:00,5.93,16929,United Kingdom
537877,21002,HOME BUILDING BLOCK WORD,10,2011-01-08 00:00:00,9.22,13824,United Kingdom
537878,21093,HEART SHAPED DOUGHNUT,2,2011-01-08 00:00:00,14.56,17769,United Kingdom
537879,21020,LUNCH BAG RED RETROSPOT,3,2011-01-16 00:00:00,2.76,16944,Portugal
537880,21067,REGENCY CAKESTAND 3 TIER,1,2010-12-17 00:00:00,14.29,14959,United Kingdom
537881,21010,HOME BUILDING BLOCK WORD,4,2010-12-09 00:00:00,9.22,16779,Sweden
537882,21077,BLUE KALMIA CERAMIC MUG,2,2011-01-28 00:00:00,3.58,17069,United Kingdom
537883,21088,CHILLI LIGHTS,1,2011-02-15 00:00:00,0.8,13846,United Kingdom
537884,21041,STRAWBERRY CERAMIC TRINKET POT,4,2010-12-01 00:00:00,1.34,13873,United Kingdom
537885,21066,CHOCOLATE HOT WATER BOTTLE,2,2010-12-09 00:00:00,6.76,13055,United Kingdom
537886,21053,PARTY BUNTING,2,2010-12-14 00:00:00,9.18,16839,United Kingdom
537886,21029,RETROSPOT TEA SET CERAMIC 11 PC,4,2011-01-12 00:00:00,4.72,15195,Italy
537886,21070,HANGING METAL LANTERN,1,2010-12-09 00:00:00,12.57,13755,United Kingdom
537886,21038,RETROSPOT TEA SET CERAMIC 11 PC,4,2011-01-15 00:00:00,4.72,18105,United Kingdom
537887,21054,CHILLI LIGHTS,5,2010-12-07 00:00:00,0.8,14958,United Kingdom
537888,21078,SET OF 3 MONOCHROME HEART MUGS,5,2011-01-13 00:00:00,3.16,14332,Spain
537889,21045,JUMBO BAG RED RETROSPOT,2,2010-12-09 00:00:00,11.11,15927,United Kingdom
537890,21001,JUMBO BAG RED RETROSPOT,9,2010-12-04 00:00:00,11.11,18210,United Kingdom
537890,21037,RETROSPOT TEA SET CERAMIC 11 PC,8,2010-12-29 00:00:00,4.72,16109,United Kingdom
537891,21042,BLUE KALMIA CERAMIC MUG,6,2011-01-01 00:00:00,3.58,18045,Portugal
537891,21079,JUMBO BAG RED RETROSPOT,14,2011-01-23 00:00:00,11.11,13358,United Kingdom
537892,21053,RETROSPOT TEA SET CERAMIC 11 PC,1,2011-03-08 00:00:00,4.72,17796,United Kingdom
537892,21018,PARTY BUNTING,1,2011-01-09 00:00:00,9.18,16076,United Kingdom
537893,21001,SET OF 3 MONOCHROME HEART MUGS,2,2010-12-04 00:00:00,3.16,13628,United Kingdom
537894,21080,REGENCY CAKESTAND 3 TIER,1,2011-01-17 00:00:00,14.29,16894,United Kingdom
537894,21002,RETROSPOT TEA SET CERAMIC 11 PC,4,2010-12-12 00:00:00,4.72,16094,United Kingdom
C537895,21005,PARTY BUNTING,2,2011-01-13 00:00:00,9.18,12362,Spain
537896,21096,ASSORTED COLOUR BIRD ORNAMENT,5,2011-01-06 00:00:00,2.76,14148,United Kingdom
537897,21073,CHOCOLATE HOT WATER BOTTLE,3,2010-12-15 00:00:00,6.76,17362,Portugal
537898,21080,CHILLI LIGHTS,1,2011-01-13 00:00:00,0.8,13422,Italy
537899,21094,JUMBO BAG PINK POLKADOT,5,2010-12-17 00:00:00,8.11,16333,United Kingdom
537900,21013,PINK VINTAGE PAISLEY PICNIC BAG,2,2010-12-18 00:00:00,3.14,15498,Germany
537900,21003,LUNCH BAG RED RETROSPOT,5,2011-01-11 00:00:00,2.76,14914,France
537900,21092,JUMBO BAG PINK POLKADOT,3,2010-12-05 00:00:00,8.11,15580,Germany
537901,21025,SET OF 3 MONOCHROME HEART MUGS,5,2010-12-26 00:00:00,3.16,15673,United Kingdom
537901,21007,CHILLI LIGHTS,3,2010-12-31 00:00:00,0.8,13875,Belgium
537902,21059,RETROSPOT TEA SET CERAMIC 11 PC,3,2010-12-16 00:00:00,4.72,16289,Germany
537903,21024,BLUE KALMIA CERAMIC MUG,2,2010-12-07 00:00:00,3.58,12981,United Kingdom
537903,21054,HANGING METAL LANTERN,1,2010-12-22 00:00:00,12.57,15648,United Kingdom
537904,21071,BLUE KALMIA CERAMIC MUG,4,2011-03-13 00:00:00,3.58,12410,United Kingdom
537905,21084,STRAWBERRY CERAMIC TRINKET POT,6,2010-12-08 00:00:00,1.34,16186,France
537906,21043,PARTY BUNTING,3,2010-12-19 00:00:00,9.18,13150,United Kingdom
537907,21041,LOVE BUILDING BLOCK WORD,4,2010-12-16 00:00:00,10.77,14140,Germany
537908,21085,RETROSPOT TEA SET CERAMIC 11 PC,6,2011-01-20 00:00:00,4.72,14305,United Kingdom
537908,21047,BLUE KALMIA CERAMIC MUG,1,2011-03-28 00:00:00,3.58,14402,France
537909,21018,HEART SHAPED DOUGHNUT,6,2011-04-08 00:00:00,14.56,16992,United Kingdom
537910,21053,REGENCY CAKESTAND 3 TIER,3,2011-01-06 00:00:00,14.29,14189,Italy
537911,21010,HEART OF WICKER SMALL,1,2010-12-07 00:00:00,13.06,14914,Spain
537912,21057,JUMBO BAG RED RETROSPOT,8,2010-12-25 00:00:00,11.11,14831,United Kingdom
537913,21084,HANGING METAL LANTERN,4,2011-01-10 00:00:00,12.57,15450,Germany
537913,21043,HANGING METAL LANTERN,2,2010-12-16 00:00:00,12.57,15991,United Kingdom
537913,21003,HANGING METAL LANTERN,1,2010-12-10 00:00:00,12.57,13150,United Kingdom
537914,21052,HOME BUILDING BLOCK WORD,4,2011-01-26 00:00:00,9.22,15119,United Kingdom
537915,21011,JUMBO BAG PINK POLKADOT,1,2010-12-15 00:00:00,8.11,16929,United Kingdom
537915,21031,HEART SHAPED DOUGHNUT,2,2011-01-09 00:00:00,14.56,15257,Sweden
537916,21090,HEART SHAPED DOUGHNUT,5,2010-12-10 00:00:00,14.56,17976,France
537917,21071,FAIRY CAKE FLANNEL ASSORTED COLOUR,2,2010-12-31 00:00:00,4.91,15307,United Kingdom
537918,21029,CHILLI LIGHTS,8,2010-12-07 00:00:00,0.8,15321,United Kingdom
537919,21048,PARTY BUNTING,8,2010-12-15 00:00:00,9.18,16894,United Kingdom
537920,21030,HEART SHAPED DOUGHNUT,4,2010-12-04 00:00:00,14.56,13589,United Kingdom
537921,21078,PINK VINTAGE PAISLEY PICNIC BAG,2,2010-12-12 00:00:00,3.14,17338,United Kingdom
537922,21042,BLUE KALMIA CERAMIC MUG,3,2010-12-01 00:00:00,3.58,14800,Netherlands
537923,21065,JUMBO BAG PINK POLKADOT,1,2010-12-22 00:00:00,8.11,16021,Germany
537924,21028,JUMBO BAG RED RETROSPOT,5,2011-01-16 00:00:00,11.11,12725,Netherlands
537924,21084,CHOCOLATE HOT WATER BOTTLE,10,2010-12-07 00:00:00,6.76,14583,Netherlands
537924,21035,WHITE HANGING HEART T-LIGHT HOLDER,3,2010-12-29 00:00:00,5.93,14387,United Kingdom
537925,21006,REGENCY CAKESTAND 3 TIER,2,2011-01-02 00:00:00,14.29,15136,United Kingdom
537925,21094,CHILLI LIGHTS,4,2011-01-17 00:00:00,0.8,12681,Spain
537926,21061,BLUE KALMIA CERAMIC MUG,1,2010-12-04 00:00:00,3.58,17625,United Kingdom
537926,21071,CHOCOLATE HOT WATER BOTTLE,4,2011-01-04 00:00:00,6.76,17921,Portugal
537927,21058,HEART SHAPED DOUGHNUT,3,2010-12-09 00:00:00,14.56,12883,Sweden
537928,21025,WHITE HANGING HEART T-LIGHT HOLDER,1,2010-12-15 00:00:00,5.93,17754,Switzerland
537929,21056,JUMBO BAG RED RETROSPOT,6,2011-01-06 00:00:00,11.11,17857,United Kingdom
537930,21093,LUNCH BAG RED RETROSPOT,1,2010-12-14 00:00:00,2.76,13914,United Kingdom
537931,21006,STRAWBERRY CERAMIC TRINKET POT,5,2010-12-26 00:00:00,1.34,18137,Germany
537931,21027,HOME BUILDING BLOCK WORD,1,2010-12-01 00:00:00,9.22,17583,United Kingdom
537932,21005,PARTY BUNTING,7,2010-12-19 00:00:00,9.18,17257,United Kingdom
537933,21083,RETROSPOT TEA SET CERAMIC 11 PC,4,2011-05-09 00:00:00,4.72,15355,United Kingdom
537934,21001,LOVE BUILDING BLOCK WORD,1,2011-01-12 00:00:00,10.77,14039,Germany
537935,21047,PARTY BUNTING,5,2010-12-08 00:00:00,9.18,16929,United Kingdom
537935,21017,HANGING METAL LANTERN,1,2010-12-17 00:00:00,12.57,15807,Spain
537936,21039,ASSORTED COLOUR BIRD ORNAMENT,2,2011-01-06 00:00:00,2.76,13589,Spain
537937,21088,SET OF 3 MONOCHROME HEART MUGS,3,2010-12-12 00:00:00,3.16,12858,United Kingdom
537938,21075,PINK VINTAGE PAISLEY PICNIC BAG,6,2010-12-06 00:00:00,3.14,15493,United Kingdom
537939,21066,HEART OF WICKER SMALL,9,2011-04-15 00:00:00,13.06,13637,United Kingdom
537940,21018,RETROSPOT TEA SET CERAMIC 11 PC,11,2010-12-04 00:00:00,4.72,13621,United Kingdom
537941,21047,LOVE BUILDING BLOCK WORD,3,2011-01-23 00:00:00,10.77,14904,Germany
537941,21037,PARTY BUNTING,13,2010-12-09 00:00:00,9.18,17625,United Kingdom
537941,21062,LUNCH BAG RED RETROSPOT,1,2010-12-03 00:00:00,2.76,16200,United Kingdom
537941,21068,HEART SHAPED DOUGHNUT,10,2010-12-10 00:00:00,14.56,15464,Switzerland
537942,21068,HOME BUILDING BLOCK WORD,2,2010-12-10 00:00:00,9.22,13150,United Kingdom
537943,21048,HEART SHAPED DOUGHNUT,4,2010-12-09 00:00:00,14.56,14187,United Kingdom
537944,21081,CHILLI LIGHTS,10,2011-02-03 00:00:00,0.8,15006,United Kingdom
537945,21024,HEART SHAPED DOUGHNUT,7,2010-12-01 00:00:00,14.56,16069,United Kingdom
537945,21019,PINK VINTAGE PAISLEY PICNIC BAG,3,2011-01-17 00:00:00,3.14,16360,United Kingdom
537946,21086,HANGING METAL LANTERN,1,2010-12-26 00:00:00,12.57,12380,Germany
537947,21083,JUMBO BAG PINK POLKADOT,1,2011-01-17 00:00:00,8.11,16911,United Kingdom
537948,21073,PINK VINTAGE PAISLEY PICNIC BAG,4,2010-12-03 00:00:00,3.14,18201,United Kingdom
537948,21087,JUMBO BAG PINK POLKADOT,4,2010-12-08 00:00:00,8.11,16236,Belgium
537949,21054,LOVE BUILDING BLOCK WORD,5,2010-12-06 00:00:00,10.77,15215,Germany
537950,21049,LOVE BUILDING BLOCK WORD,1,2011-01-31 00:00:00,10.77,16416,United Kingdom
537951,21083,REGENCY CAKESTAND 3 TIER,3,2010-12-04 00:00:00,14.29,15450,Portugal
537952,21004,WHITE HANGING HEART T-LIGHT HOLDER,1,2010-12-18 00:00:00,5.93,18140,France
537953,21037,STRAWBERRY CERAMIC TRINKET POT,2,2010-12-25 00:00:00,1.34,15185,United Kingdom
537954,21090,HANGING METAL LANTERN,2,2010-12-03 00:00:00,12.57,16443,Switzerland
537954,21097,BLUE KALMIA CERAMIC MUG,3,2010-12-07 00:00:00,3.58,15565,United Kingdom
537955,21016,HOME BUILDING BLOCK WORD,3,2010-12-01 00:00:00,9.22,16436,France
537956,21066,PINK VINTAGE PAISLEY PICNIC BAG,4,2011-02-09 00:00:00,3.14,15892,Germany
537957,21041,PARTY BUNTING,2,2011-02-24 00:00:00,9.18,17625,Spain
537957,21063,REGENCY CAKESTAND 3 TIER,11,2010-12-05 00:00:00,14.29,15450,Spain
537958,21079,WHITE HANGING HEART T-LIGHT HOLDER,2,2011-01-20 00:00:00,5.93,13361,United Kingdom
537959,21079,HEART OF WICKER SMALL,4,2010-12-07 00:00:00,13.06,15450,Germany
537960,21087,RETROSPOT TEA SET CERAMIC 11 PC,3,2010-12-20 00:00:00,4.72,17850,United Kingdom
537960,21062,JUMBO BAG RED RETROSPOT,2,2011-02-02 00:00:00,11.11,14162,Switzerland
537961,21004,CHILLI LIGHTS,6,2010-12-04 00:00:00,0.8,18193,United Kingdom
537962,21047,HANGING METAL LANTERN,1,2010-12-20 00:00:00,12.57,12883,United Kingdom
537963,21052,LUNCH BAG RED RETROSPOT,1,2010-12-08 00:00:00,2.76,15498,United Kingdom
537964,21072,JUMBO BAG RED RETROSPOT,1,2011-01-28 00:00:00,11.11,12536,United Kingdom
537965,21074,STRAWBERRY CERAMIC TRINKET POT,1,2011-01-12 00:00:00,1.34,13209,Germany
537966,21011,REGENCY CAKESTAND 3 TIER,2,2010-12-01 00:00:00,14.29,14837,United Kingdom
537966,21051,WHITE HANGING HEART T-LIGHT HOLDER,1,2010-12-07 00:00:00,5.93,18261,United Kingdom
537966,21080,JUMBO BAG RED RETROSPOT,1,2011-01-02 00:00:00,11.11,16137,Belgium
537967,21044,HEART OF WICKER SMALL,2,2010-12-02 00:00:00,13.06,12920,Portugal
537967,21080,LUNCH BAG RED RETROSPOT,10,2010-12-09 00:00:00,2.76,14959,United Kingdom
C537967,21005,HANGING METAL LANTERN,11,2011-03-01 00:00:00,12.57,13427,Germany
537967,21081,JUMBO BAG PINK POLKADOT,12,2010-12-02 00:00:00,8.11,15466,Portugal
537967,21072,HEART SHAPED DOUGHNUT,1,2011-01-02 00:00:00,14.56,12647,United Kingdom
537967,21039,CHILLI LIGHTS,3,2010-12-10 00:00:00,0.8,15093,Portugal
537968,21076,SET OF 3 MONOCHROME HEART MUGS,2,2011-01-01 00:00:00,3.16,14009,United Kingdom
537969,21090,BLUE KALMIA CERAMIC MUG,3,2011-01-13 00:00:00,3.58,12444,Netherlands
537970,21077,ASSORTED COLOUR BIRD ORNAMENT,7,2011-01-17 00:00:00,2.76,15084,France
537970,21072,LOVE BUILDING BLOCK WORD,2,2010-12-11 00:00:00,10.77,12571,United Kingdom
537971,21060,HEART SHAPED DOUGHNUT,8,2010-12-06 00:00:00,14.56,18241,Netherlands
537972,21091,HANGING METAL LANTERN,1,2011-03-30 00:00:00,12.57,15157,United Kingdom
537973,21042,CHOCOLATE HOT WATER BOTTLE,3,2010-12-12 00:00:00,6.76,14277,Switzerland
537973,21081,PARTY BUNTING,1,2010-12-01 00:00:00,9.18,16403,United Kingdom
537974,21083,WHITE HANGING HEART T-LIGHT HOLDER,1,2010-12-15 00:00:00,5.93,14079,Germany
537974,21027,JUMBO BAG PINK POLKADOT,3,2010-12-11 00:00:00,8.11,15039,United Kingdom
537975,21033,HANGING METAL LANTERN,7,2011-03-17 00:00:00,12.57,12683,United Kingdom
537976,21036,WHITE HANGING HEART T-LIGHT HOLDER,3,2011-02-22 00:00:00,5.93,12981,United Kingdom
537977,21059,PINK VINTAGE PAISLEY PICNIC BAG,3,2011-01-03 00:00:00,3.14,14551,United Kingdom
537977,21062,HEART OF WICKER SMALL,4,2010-12-19 00:00:00,13.06,12543,Belgium
537978,21097,PARTY BUNTING,6,2010-12-31 00:00:00,9.18,13494,United Kingdom
537979,21075,STRAWBERRY CERAMIC TRINKET POT,2,2010-12-07 00:00:00,1.34,14903,Netherlands
537980,21046,HEART OF WICKER SMALL,2,2011-02-06 00:00:00,13.06,17399,Italy
537981,21019,REGENCY CAKESTAND 3 TIER,1,2011-01-04 00:00:00,14.29,16982,Germany
537982,21010,LOVE BUILDING BLOCK WORD,6,2011-01-01 00:00:00,10.77,15673,United Kingdom
537982,21068,REGENCY CAKESTAND 3 TIER,1,2010-12-01 00:00:00,14.29,12500,Netherlands
537983,21083,LUNCH BAG RED RETROSPOT,3,2010-12-02 00:00:00,2.76,16545,United Kingdom
537983,21056,ASSORTED COLOUR BIRD ORNAMENT,6,2010-12-23 00:00:00,2.76,17098,United Kingdom
537984,21080,HANGING METAL LANTERN,1,2011-04-24 00:00:00,12.57,13326,United Kingdom
537985,21080,CHOCOLATE HOT WATER BOTTLE,1,2011-03-03 00:00:00,6.76,15973,United Kingdom
537986,21047,REGENCY CAKESTAND 3 TIER,9,2010-12-01 00:00:00,14.29,16416,United Kingdom
C537987,21058,SET OF 3 MONOCHROME HEART MUGS,8,2011-01-04 00:00:00,3.16,13755,United Kingdom
537987,21093,BLUE KALMIA CERAMIC MUG,17,2011-01-28 00:00:00,3.58,17067,United Kingdom
537988,21058,STRAWBERRY CERAMIC TRINKET POT,1,2010-12-05 00:00:00,1.34,14373,Spain
537989,21025,WHITE HANGING HEART T-LIGHT HOLDER,1,2010-12-05 00:00:00,5.93,15351,United Kingdom
537990,21090,STRAWBERRY CERAMIC TRINKET POT,8,2011-02-03 00:00:00,1.34,16798,Italy
537990,21046,CHILLI LIGHTS,11,2010-12-11 00:00:00,0.8,16109,United Kingdom
537991,21006,FAIRY CAKE FLANNEL ASSORTED COLOUR,1,2010-12-16 00:00:00,4.91,16842,United Kingdom
537991,21079,HEART OF WICKER SMALL,4,2011-01-14 00:00:00,13.06,16643,Italy
537992,21047,PINK VINTAGE PAISLEY PICNIC BAG,5,2011-05-20 00:00:00,3.14,16076,United Kingdom
537993,21033,HANGING METAL LANTERN,3,2010-12-27 00:00:00,12.57,14958,Belgium
537994,21055,WHITE HANGING HEART T-LIGHT HOLDER,18,2010-12-10 00:00:00,5.93,17275,United Kingdom
537995,21057,HOME BUILDING BLOCK WORD,3,2011-01-22 00:00:00,9.22,15021,United Kingdom
537996,21032,LUNCH BAG RED RETROSPOT,1,2011-04-07 00:00:00,2.76,16710,Switzerland
537997,21085,STRAWBERRY CERAMIC TRINKET POT,1,2010-12-31 00:00:00,1.34,15516,France
537998,21030,HANGING METAL LANTERN,1,2010-12-10 00:00:00,12.57,13846,United Kingdom
537998,21031,FAIRY CAKE FLANNEL ASSORTED COLOUR,4,2010-12-26 00:00:00,4.91,16375,United Kingdom
537998,21027,STRAWBERRY CERAMIC TRINKET POT,2,2010-12-06 00:00:00,1.34,17594,United Kingdom
537999,21050,PARTY BUNTING,6,2010-12-07 00:00:00,9.18,12725,United Kingdom
538000,21064,HEART SHAPED DOUGHNUT,8,2010-12-06 00:00:00,14.56,15405,Germany
538001,21032,JUMBO BAG PINK POLKADOT,1,2010-12-17 00:00:00,8.11,17126,United Kingdom
538001,21008,JUMBO BAG RED RETROSPOT,5,2010-12-13 00:00:00,11.11,13209,United Kingdom
538002,21086,LUNCH BAG RED RETROSPOT,5,2010-12-05 00:00:00,2.76,17769,United Kingdom
538002,21060,JUMBO BAG PINK POLKADOT,7,2011-02-03 00:00:00,8.11,13161,France
538003,21008,SET OF 3 MONOCHROME HEART MUGS,7,2011-02-05 00:00:00,3.16,14825,United Kingdom
538004,21007,HEART SHAPED DOUGHNUT,5,2010-12-13 00:00:00,14.56,14276,United Kingdom
538004,21072,PARTY BUNTING,2,2010-12-20 00:00:00,9.18,12683,United Kingdom
538004,21077,PARTY BUNTING,3,2010-12-02 00:00:00,9.18,17004,United Kingdom
538004,21017,REGENCY CAKESTAND 3 TIER,2,2011-02-09 00:00:00,14.29,15601,France
538005,21019,LUNCH BAG RED RETROSPOT,1,2011-01-14 00:00:00,2.76,18238,France
538005,21063,LOVE BUILDING BLOCK WORD,2,2011-05-10 00:00:00,10.77,16897,France
538006,21080,LOVE BUILDING BLOCK WORD,2,2011-01-31 00:00:00,10.77,18147,United Kingdom
538007,21071,REGENCY CAKESTAND 3 TIER,1,2010-12-09 00:00:00,14.29,17594,Spain
538008,21074,REGENCY CAKESTAND 3 TIER,2,2010-12-30 00:00:00,14.29,15466,United Kingdom
538009,21026,WHITE HANGING HEART T-LIGHT HOLDER,12,2011-01-30 00:00:00,5.93,13197,Spain
538010,21065,CHOCOLATE HOT WATER BOTTLE,3,2010-12-21 00:00:00,6.76,14028,Switzerland
538011,21043,HANGING METAL LANTERN,2,2010-12-04 00:00:00,12.57,17399,Switzerland
538011,21058,LUNCH BAG RED RETROSPOT,5,2011-01-09 00:00:00,2.76,14344,Germany
538012,21096,JUMBO BAG RED RETROSPOT,4,2011-06-05 00:00:00,11.11,18241,United Kingdom
538012,21082,HANGING METAL LANTERN,1,2011-01-02 00:00:00,12.57,15084,Germany
538013,21078,HEART OF WICKER SMALL,3,2010-12-08 00:00:00,13.06,12858,United Kingdom
538013,21079,STRAWBERRY CERAMIC TRINKET POT,1,2010-12-18 00:00:00,1.34,14039,United Kingdom
538014,21066,JUMBO BAG PINK POLKADOT,5,2011-02-05 00:00:00,8.11,13337,France
C538015,21022,RETROSPOT TEA SET CERAMIC 11 PC,1,2010-12-08 00:00:00,4.72,14344,Italy
538016,21052,PARTY BUNTING,4,2011-02-06 00:00:00,9.18,15991,United Kingdom
538017,21049,RETROSPOT TEA SET CERAMIC 11 PC,5,2010-12-29 00:00:00,4.72,17842,France
538018,21016,HEART SHAPED DOUGHNUT,1,2010-12-13 00:00:00,14.56,13646,United Kingdom
538019,21072,STRAWBERRY CERAMIC TRINKET POT,1,2010-12-08 00:00:00,1.34,14601,United Kingdom
538020,21018,HEART OF WICKER SMALL,2,2010-12-02 00:00:00,13.06,15907,United Kingdom
538021,21008,LOVE BUILDING BLOCK WORD,1,2011-01-10 00:00:00,10.77,16759,United Kingdom
538021,21015,ASSORTED COLOUR BIRD ORNAMENT,1,2011-01-11 00:00:00,2.76,13613,United Kingdom
538022,21004,SET OF 3 MONOCHROME HEART MUGS,1,2010-12-12 00:00:00,3.16,15419,United Kingdom
538023,21070,LUNCH BAG RED RETROSPOT,1,2011-01-08 00:00:00,2.76,14714,United Kingdom
538024,21024,LOVE BUILDING BLOCK WORD,1,2010-12-02 00:00:00,10.77,16042,United Kingdom
538025,21020,HEART OF WICKER SMALL,1,2011-01-09 00:00:00,13.06,13715,United Kingdom
538026,21091,HEART SHAPED DOUGHNUT,1,2011-02-07 00:00:00,14.56,15902,Netherlands
538027,21075,HOME BUILDING BLOCK WORD,2,2011-01-08 00:00:00,9.22,17399,United Kingdom
538028,21077,HEART OF WICKER SMALL,4,2011-06-09 00:00:00,13.06,13358,United Kingdom
538029,21002,PINK VINTAGE PAISLEY PICNIC BAG,3,2010-12-02 00:00:00,3.14,13406,United Kingdom
538030,21060,HEART OF WICKER SMALL,1,2010-12-28 00:00:00,13.06,15413,Spain
538031,21005,ASSORTED COLOUR BIRD ORNAMENT,2,2011-01-19 00:00:00,2.76,16735,United Kingdom
538032,21076,STRAWBERRY CERAMIC TRINKET POT,4,2011-06-06 00:00:00,1.34,16236,United Kingdom
538033,21013,REGENCY CAKESTAND 3 TIER,2,2010-12-08 00:00:00,14.29,17480,Portugal
538033,21098,CHOCOLATE HOT WATER BOTTLE,3,2011-02-08 00:00:00,6.76,12380,Spain
538033,21086,PINK VINTAGE PAISLEY PICNIC BAG,4,2010-12-09 00:00:00,3.14,12737,United Kingdom
538033,21087,HEART OF WICKER SMALL,2,2011-03-19 00:00:00,13.06,14731,United Kingdom
538034,21086,ASSORTED COLOUR BIRD ORNAMENT,3,2010-12-20 00:00:00,2.76,13977,United Kingdom
538034,21040,ASSORTED COLOUR BIRD ORNAMENT,4,2011-01-02 00:00:00,2.76,12380,United Kingdom
538035,21097,REGENCY CAKESTAND 3 TIER,1,2011-03-03 00:00:00,14.29,17625,Germany
538036,21099,SET OF 3 MONOCHROME HEART MUGS,1,2010-12-21 00:00:00,3.16,16236,United Kingdom
538037,21030,PARTY BUNTING,1,2011-03-18 00:00:00,9.18,16094,United Kingdom
538037,21056,HANGING METAL LANTERN,4,2010-12-10 00:00:00,12.57,13613,United Kingdom
538038,21023,ASSORTED COLOUR BIRD ORNAMENT,12,2010-12-17 00:00:00,2.76,16839,Germany
538039,21095,LUNCH BAG RED RETROSPOT,2,2010-12-04 00:00:00,2.76,17850,Italy
538040,21021,STRAWBERRY CERAMIC TRINKET POT,8,2010-12-07 00:00:00,1.34,14971,United Kingdom
538041,21014,PINK VINTAGE PAISLEY PICNIC BAG,2,2011-03-11 00:00:00,3.14,17669,Sweden
538042,21048,FAIRY CAKE FLANNEL ASSORTED COLOUR,1,2010-12-09 00:00:00,4.91,16839,Portugal
538043,21047,WHITE HANGING HEART T-LIGHT HOLDER,4,2010-12-15 00:00:00,5.93,13161,United Kingdom
538043,21025,HEART OF WICKER SMALL,1,2010-12-04 00:00:00,13.06,17257,United Kingdom
538043,21017,STRAWBERRY CERAMIC TRINKET POT,1,2010-12-02 00:00:00,1.34,12969,France
538043,21021,JUMBO BAG RED RETROSPOT,2,2010-12-17 00:00:00,11.11,16200,France
538043,21087,REGENCY CAKESTAND 3 TIER,2,2011-02-02 00:00:00,14.29,15277,Belgium
538044,21099,REGENCY CAKESTAND 3 TIER,1,2010-12-27 00:00:00,14.29,17090,United Kingdom
538044,21030,PINK VINTAGE PAISLEY PICNIC BAG,1,2011-01-05 00:00:00,3.14,13121,United Kingdom
538045,21038,STRAWBERRY CERAMIC TRINKET POT,5,2010-12-06 00:00:00,1.34,12905,United Kingdom
538045,21037,JUMBO BAG RED RETROSPOT,5,2010-12-11 00:00:00,11.11,15907,United Kingdom
538046,21004,WHITE HANGING HEART T-LIGHT HOLDER,2,2010-12-28 00:00:00,5.93,15470,Switzerland
538047,21045,LUNCH BAG RED RETROSPOT,3,2010-12-07 00:00:00,2.76,14061,United Kingdom
538047,21030,JUMBO BAG RED RETROSPOT,6,2010-12-09 00:00:00,11.11,16416,Belgium
538047,21002,WHITE HANGING HEART T-LIGHT HOLDER,4,2010-12-15 00:00:00,5.93,13494,United Kingdom
538048,21063,HANGING METAL LANTERN,1,2011-01-27 00:00:00,12.57,15077,France
538049,21007,CHOCOLATE HOT WATER BOTTLE,1,2010-12-11 00:00:00,6.76,13931,United Kingdom
538050,21079,JUMBO BAG PINK POLKADOT,2,2011-01-16 00:00:00,8.11,13994,France
538050,21055,BLUE KALMIA CERAMIC MUG,9,2010-12-14 00:00:00,3.58,15397,United Kingdom
538050,21012,FAIRY CAKE FLANNEL ASSORTED COLOUR,2,2010-12-26 00:00:00,4.91,15991,Belgium
538051,21051,LOVE BUILDING BLOCK WORD,2,2011-02-09 00:00:00,10.77,16894,Germany
538052,21047,LUNCH BAG RED RETROSPOT,1,2011-01-25 00:00:00,2.76,14506,United Kingdom
538053,21083,CHILLI LIGHTS,1,2010-12-06 00:00:00,0.8,14801,United Kingdom
538054,21054,HOME BUILDING BLOCK WORD,1,2010-12-06 00:00:00,9.22,13981,Germany
538055,21099,FAIRY CAKE FLANNEL ASSORTED COLOUR,2,2010-12-10 00:00:00,4.91,16894,Portugal
538055,21039,PARTY BUNTING,5,2011-01-23 00:00:00,9.18,15307,United Kingdom
538055,21009,JUMBO BAG RED RETROSPOT,1,2010-12-04 00:00:00,11.11,12926,France
538056,21024,JUMBO BAG PINK POLKADOT,2,2011-01-06 00:00:00,8.11,14332,Germany
538057,21077,CHOCOLATE HOT WATER BOTTLE,1,2010-12-03 00:00:00,6.76,16407,United Kingdom
538058,21026,REGENCY CAKESTAND 3 TIER,7,2010-12-13 00:00:00,14.29,15597,United Kingdom
538058,21037,HEART OF WICKER SMALL,3,2011-02-03 00:00:00,13.06,14904,Belgium
538059,21006,PINK VINTAGE PAISLEY PICNIC BAG,7,2010-12-04 00:00:00,3.14,15565,United Kingdom
538059,21070,BLUE KALMIA CERAMIC MUG,3,2010-12-26 00:00:00,3.58,12683,Netherlands
538060,21004,JUMBO BAG RED RETROSPOT,1,2010-12-15 00:00:00,11.11,17434,United Kingdom
538061,21017,SET OF 3 MONOCHROME HEART MUGS,2,2011-01-06 00:00:00,3.16,13197,France
538062,21026,HANGING METAL LANTERN,2,2010-12-21 00:00:00,12.57,16537,United Kingdom
538062,21037,RETROSPOT TEA SET CERAMIC 11 PC,1,2010-12-03 00:00:00,4.72,18146,United Kingdom
538062,21091,CHOCOLATE HOT WATER BOTTLE,2,2011-01-28 00:00:00,6.76,13358,Sweden
538063,21026,HANGING METAL LANTERN,1,2010-12-10 00:00:00,12.57,15450,Netherlands
538064,21037,HOME BUILDING BLOCK WORD,4,2011-02-27 00:00:00,9.22,15084,Italy
538065,21081,RETROSPOT TEA SET CERAMIC 11 PC,1,2011-01-26 00:00:00,4.72,15321,United Kingdom
538066,21004,BLUE KALMIA CERAMIC MUG,2,2010-12-06 00:00:00,3.58,17438,Switzerland
538067,21097,FAIRY CAKE FLANNEL ASSORTED COLOUR,4,2010-12-30 00:00:00,4.91,13161,United Kingdom
538068,21011,JUMBO BAG RED RETROSPOT,2,2010-12-13 00:00:00,11.11,15580,United Kingdom
538069,21081,JUMBO BAG RED RETROSPOT,9,2011-01-04 00:00:00,11.11,12380,France
538070,21022,HOME BUILDING BLOCK WORD,1,2010-12-08 00:00:00,9.22,15673,Italy
538070,21083,HOME BUILDING BLOCK WORD,1,2011-01-20 00:00:00,9.22,13199,United Kingdom
538071,21046,RETROSPOT TEA SET CERAMIC 11 PC,1,2011-01-11 00:00:00,4.72,13055,United Kingdom
538072,21068,HOME BUILDING BLOCK WORD,2,2010-12-07 00:00:00,9.22,16894,United Kingdom
538073,21026,HEART SHAPED DOUGHNUT,3,2010-12-17 00:00:00,14.56,13112,United Kingdom
538073,21016,RETROSPOT TEA SET CERAMIC 11 PC,5,2010-12-07 00:00:00,4.72,14673,Germany
538074,21085,JUMBO BAG PINK POLKADOT,9,2010-12-13 00:00:00,8.11,17100,United Kingdom
538075,21005,CHILLI LIGHTS,1,2010-12-20 00:00:00,0.8,15123,United Kingdom
538076,21097,HEART OF WICKER SMALL,1,2011-01-03 00:00:00,13.06,17788,Spain
538077,21016,ASSORTED COLOUR BIRD ORNAMENT,1,2010-12-23 00:00:00,2.76,13112,United Kingdom
538077,21092,PARTY BUNTING,9,2011-02-27 00:00:00,9.18,17004,United Kingdom
538078,21008,PINK VINTAGE PAISLEY PICNIC BAG,1,2011-02-26 00:00:00,3.14,16436,United Kingdom
538079,21026,JUMBO BAG PINK POLKADOT,3,2010-12-28 00:00:00,8.11,13841,Spain
538080,21088,JUMBO BAG PINK POLKADOT,14,2010-12-11 00:00:00,8.11,16957,United Kingdom
538081,21041,JUMBO BAG RED RETROSPOT,5,2011-02-28 00:00:00,11.11,15588,United Kingdom
538082,21091,LUNCH BAG RED RETROSPOT,3,2010-12-07 00:00:00,2.76,17083,Spain
538083,21097,CHOCOLATE HOT WATER BOTTLE,1,2011-01-23 00:00:00,6.76,17594,United Kingdom
538084,21072,PARTY BUNTING,1,2011-01-14 00:00:00,9.18,16929,United Kingdom
538084,21079,JUMBO BAG RED RETROSPOT,4,2010-12-28 00:00:00,11.11,13405,United Kingdom
538084,21046,HANGING METAL LANTERN,1,2010-12-02 00:00:00,12.57,14825,Italy
538085,21048,CHILLI LIGHTS,2,2011-01-05 00:00:00,0.8,15782,United Kingdom
538086,21002,CHOCOLATE HOT WATER BOTTLE,4,2010-12-16 00:00:00,6.76,16076,France
538087,21097,HANGING METAL LANTERN,6,2011-04-14 00:00:00,12.57,13362,United Kingdom
538088,21031,CHILLI LIGHTS,1,2011-01-31 00:00:00,0.8,17450,United Kingdom
538089,21090,LUNCH BAG RED RETROSPOT,8,2011-03-18 00:00:00,2.76,12858,United Kingdom
538090,21047,HANGING METAL LANTERN,4,2010-12-23 00:00:00,12.57,13391,Netherlands
538091,21027,REGENCY CAKESTAND 3 TIER,3,2010-12-04 00:00:00,14.29,13337,Germany
538092,21015,JUMBO BAG RED RETROSPOT,4,2010-12-24 00:00:00,11.11,17414,Germany
538093,21007,CHILLI LIGHTS,1,2010-12-02 00:00:00,0.8,15907,United Kingdom
538094,21060,JUMBO BAG PINK POLKADOT,2,2011-01-16 00:00:00,8.11,16337,Switzerland
538094,21081,ASSORTED COLOUR BIRD ORNAMENT,7,2010-12-16 00:00:00,2.76,12548,United Kingdom
538094,21074,HEART SHAPED DOUGHNUT,2,2010-12-09 00:00:00,14.56,15673,Germany
538095,21076,CHILLI LIGHTS,7,2010-12-30 00:00:00,0.8,17414,United Kingdom
538095,21072,STRAWBERRY CERAMIC TRINKET POT,5,2010-12-28 00:00:00,1.34,17657,United Kingdom
538096,21089,HEART OF WICKER SMALL,8,2010-12-11 00:00:00,13.06,18265,United Kingdom
538097,21018,ASSORTED COLOUR BIRD ORNAMENT,9,2010-12-26 00:00:00,2.76,15807,United Kingdom
538098,21051,BLUE KALMIA CERAMIC MUG,7,2010-12-27 00:00:00,3.58,14061,United Kingdom
538099,21074,STRAWBERRY CERAMIC TRINKET POT,6,2010-12-28 00:00:00,1.34,13222,Sweden
538099,21014,CHILLI LIGHTS,2,2011-01-25 00:00:00,0.8,17319,United Kingdom
538099,21091,JUMBO BAG PINK POLKADOT,1,2010-12-08 00:00:00,8.11,15047,United Kingdom
538099,21066,RETROSPOT TEA SET CERAMIC 11 PC,6,2011-01-14 00:00:00,4.72,13628,United Kingdom
538100,21095,LUNCH BAG RED RETROSPOT,8,2010-12-18 00:00:00,2.76,14714,Spain
538100,21063,HOME BUILDING BLOCK WORD,6,2011-02-07 00:00:00,9.22,14902,United Kingdom
538100,21092,HEART SHAPED DOUGHNUT,5,2010-12-13 00:00:00,14.56,12681,United Kingdom
538101,21001,SET OF 3 MONOCHROME HEART MUGS,7,2011-01-11 00:00:00,3.16,14024,United Kingdom
538102,21013,RETROSPOT TEA SET CERAMIC 11 PC,3,2011-01-05 00:00:00,4.72,17221,United Kingdom
538103,21055,BLUE KALMIA CERAMIC MUG,3,2010-12-29 00:00:00,3.58,16186,United Kingdom
538104,21044,CHILLI LIGHTS,1,2010-12-13 00:00:00,0.8,13199,United Kingdom
538105,21031,JUMBO BAG PINK POLKADOT,8,2011-02-15 00:00:00,8.11,13875,United Kingdom
538106,21064,PINK VINTAGE PAISLEY PICNIC BAG,1,2011-02-26 00:00:00,3.14,14103,United Kingdom
538107,21055,BLUE KALMIA CERAMIC MUG,1,2010-12-10 00:00:00,3.58,16545,United Kingdom
538108,21009,HANGING METAL LANTERN,1,2010-12-19 00:00:00,12.57,14152,Germany
538109,21099,STRAWBERRY CERAMIC TRINKET POT,9,2010-12-10 00:00:00,1.34,15588,United Kingdom
538110,21070,JUMBO BAG PINK POLKADOT,2,2010-12-26 00:00:00,8.11,18085,France
538111,21042,REGENCY CAKESTAND 3 TIER,9,2010-12-14 00:00:00,14.29,15119,United Kingdom
538112,21003,BLUE KALMIA CERAMIC MUG,4,2011-01-26 00:00:00,3.58,15041,United Kingdom
538113,21032,HEART OF WICKER SMALL,1,2010-12-08 00:00:00,13.06,18146,United Kingdom
538113,21017,RETROSPOT TEA SET CERAMIC 11 PC,5,2010-12-20 00:00:00,4.72,18215,United Kingdom
538114,21042,LOVE BUILDING BLOCK WORD,3,2010-12-04 00:00:00,10.77,15521,Portugal
538115,21075,BLUE KALMIA CERAMIC MUG,3,2010-12-21 00:00:00,3.58,17754,United Kingdom
538115,21082,BLUE KALMIA CERAMIC MUG,7,2010-12-12 00:00:00,3.58,13367,France
538116,21080,HEART OF WICKER SMALL,3,2010-12-17 00:00:00,13.06,18076,United Kingdom
538117,21064,LUNCH BAG RED RETROSPOT,2,2010-12-19 00:00:00,2.76,16360,United Kingdom
538118,21019,HEART SHAPED DOUGHNUT,2,2010-12-29 00:00:00,14.56,12683,United Kingdom
538118,21062,CHILLI LIGHTS,5,2010-12-08 00:00:00,0.8,15470,United Kingdom
538118,21002,SET OF 3 MONOCHROME HEART MUGS,1,2011-01-23 00:00:00,3.16,13045,United Kingdom
538119,21066,LOVE BUILDING BLOCK WORD,5,2010-12-19 00:00:00,10.77,14835,Germany
538120,21037,HEART OF WICKER SMALL,4,2010-12-02 00:00:00,13.06,16018,Belgium
538120,21077,ASSORTED COLOUR BIRD ORNAMENT,8,2010-12-09 00:00:00,2.76,16089,United Kingdom
538121,21023,JUMBO BAG RED RETROSPOT,2,2011-01-16 00:00:00,11.11,15120,United Kingdom
538121,21060,SET OF 3 MONOCHROME HEART MUGS,6,2010-12-12 00:00:00,3.16,17362,United Kingdom
538122,21093,SET OF 3 MONOCHROME HEART MUGS,11,2010-12-03 00:00:00,3.16,13422,Belgium
538123,21044,STRAWBERRY CERAMIC TRINKET POT,2,2010-12-01 00:00:00,1.34,14373,United Kingdom
538124,21016,WHITE HANGING HEART T-LIGHT HOLDER,1,2010-12-20 00:00:00,5.93,12952,United Kingdom
538125,21094,HANGING METAL LANTERN,1,2010-12-09 00:00:00,12.57,13222,United Kingdom
538126,21057,BLUE KALMIA CERAMIC MUG,2,2010-12-12 00:00:00,3.58,12362,Netherlands
538127,21031,BLUE KALMIA CERAMIC MUG,1,2011-01-13 00:00:00,3.58,12350,United Kingdom
538128,21050,PARTY BUNTING,3,2010-12-09 00:00:00,9.18,17090,Germany
538129,21037,ASSORTED COLOUR BIRD ORNAMENT,2,2010-12-19 00:00:00,2.76,18073,United Kingdom
538130,21059,FAIRY CAKE FLANNEL ASSORTED COLOUR,1,2010-12-26 00:00:00,4.91,12350,United Kingdom
538130,21012,HEART OF WICKER SMALL,4,2010-12-16 00:00:00,13.06,17480,United Kingdom
538131,21074,STRAWBERRY CERAMIC TRINKET POT,1,2011-01-08 00:00:00,1.34,16209,United Kingdom
538131,21059,RETROSPOT TEA SET CERAMIC 11 PC,3,2010-12-11 00:00:00,4.72,13824,United Kingdom
538131,21067,RETROSPOT TEA SET CERAMIC 11 PC,3,2010-12-02 00:00:00,4.72,16845,United Kingdom
538132,21014,HOME BUILDING BLOCK WORD,5,2011-01-03 00:00:00,9.22,17338,France
538132,21025,PINK VINTAGE PAISLEY PICNIC BAG,3,2011-01-13 00:00:00,3.14,17561,United Kingdom
538133,21089,LUNCH BAG RED RETROSPOT,5,2010-12-07 00:00:00,2.76,14305,United Kingdom
538133,21081,LUNCH BAG RED RETROSPOT,2,2010-12-08 00:00:00,2.76,14080,United Kingdom
C538134,21051,REGENCY CAKESTAND 3 TIER,2,2011-01-06 00:00:00,14.29,18227,United Kingdom
538135,21066,LUNCH BAG RED RETROSPOT,2,2010-12-21 00:00:00,2.76,16403,Netherlands
538136,21063,HANGING METAL LANTERN,2,2010-12-09 00:00:00,12.57,12838,United Kingdom
538137,21068,PARTY BUNTING,5,2011-02-20 00:00:00,9.18,13224,United Kingdom
538138,21073,HOME BUILDING BLOCK WORD,4,2010-12-04 00:00:00,9.22,14487,Germany
538139,21077,HEART SHAPED DOUGHNUT,2,2010-12-25 00:00:00,14.56,14958,United Kingdom
538140,21039,HOME BUILDING BLOCK WORD,2,2011-01-13 00:00:00,9.22,15493,Portugal
538140,21052,CHOCOLATE HOT WATER BOTTLE,3,2010-12-17 00:00:00,6.76,16897,United Kingdom
538141,21019,LUNCH BAG RED RETROSPOT,1,2010-12-21 00:00:00,2.76,15498,Germany
538142,21069,SET OF 3 MONOCHROME HEART MUGS,1,2010-12-12 00:00:00,3.16,16834,United Kingdom
538143,21068,PARTY BUNTING,1,2011-01-20 00:00:00,9.18,12915,France
538143,21069,PARTY BUNTING,1,2010-12-10 00:00:00,9.18,12681,Italy
538143,21059,REGENCY CAKESTAND 3 TIER,2,2011-01-03 00:00:00,14.29,14387,Germany
538144,21052,WHITE HANGING HEART T-LIGHT HOLDER,1,2010-12-12 00:00:00,5.93,12883,United Kingdom
538145,21025,HOME BUILDING BLOCK WORD,1,2010-12-26 00:00:00,9.22,16957,United Kingdom
538146,21046,WHITE HANGING HEART T-LIGHT HOLDER,5,2010-12-03 00:00:00,5.93,13916,United Kingdom
538147,21045,PINK VINTAGE PAISLEY PICNIC BAG,1,2010-12-02 00:00:00,3.14,17462,Spain
538147,21083,LUNCH BAG RED RETROSPOT,10,2010-12-12 00:00:00,2.76,16929,Germany
538148,21039,LOVE BUILDING BLOCK WORD,3,2011-05-28 00:00:00,10.77,17921,Sweden
538148,21071,REGENCY CAKESTAND 3 TIER,3,2010-12-06 00:00:00,14.29,14709,United Kingdom
538149,21031,RETROSPOT TEA SET CERAMIC 11 PC,4,2010-12-15 00:00:00,4.72,15090,United Kingdom
538149,21070,LUNCH BAG RED RETROSPOT,3,2011-01-13 00:00:00,2.76,12536,Spain
538150,21041,LOVE BUILDING BLOCK WORD,6,2011-01-20 00:00:00,10.77,12834,United Kingdom
538151,21052,JUMBO BAG PINK POLKADOT,1,2010-12-26 00:00:00,8.11,13755,United Kingdom
538151,21037,RETROSPOT TEA SET CERAMIC 11 PC,2,2010-12-15 00:00:00,4.72,15351,Spain
538152,21026,CHILLI LIGHTS,2,2011-01-01 00:00:00,0.8,14032,Italy
C538153,21015,SET OF 3 MONOCHROME HEART MUGS,1,2010-12-23 00:00:00,3.16,15084,Switzerland
538154,21061,HEART OF WICKER SMALL,8,2010-12-16 00:00:00,13.06,16834,United Kingdom
538154,21005,JUMBO BAG RED RETROSPOT,1,2011-01-31 00:00:00,11.11,17571,United Kingdom
538155,21022,SET OF 3 MONOCHROME HEART MUGS,4,2010-12-21 00:00:00,3.16,15006,Switzerland
538156,21024,SET OF 3 MONOCHROME HEART MUGS,1,2011-01-06 00:00:00,3.16,13317,United Kingdom
538156,21081,FAIRY CAKE FLANNEL ASSORTED COLOUR,2,2011-01-16 00:00:00,4.91,17322,United Kingdom
538157,21060,HEART OF WICKER SMALL,1,2011-01-05 00:00:00,13.06,13824,Belgium
538158,21074,PINK VINTAGE PAISLEY PICNIC BAG,1,2010-12-09 00:00:00,3.14,12500,Germany
538159,21091,HOME BUILDING BLOCK WORD,6,2010-12-04 00:00:00,9.22,14506,United Kingdom
538160,21073,LOVE BUILDING BLOCK WORD,2,2010-12-13 00:00:00,10.77,13361,United Kingdom
538161,21012,RETROSPOT TEA SET CERAMIC 11 PC,18,2011-03-03 00:00:00,4.72,17604,United Kingdom
538161,21099,WHITE HANGING HEART T-LIGHT HOLDER,10,2011-01-02 00:00:00,5.93,17028,United Kingdom
538162,21044,RETROSPOT TEA SET CERAMIC 11 PC,3,2010-12-19 00:00:00,4.72,13846,United Kingdom
538162,21079,RETROSPOT TEA SET CERAMIC 11 PC,4,2011-01-03 00:00:00,4.72,13621,United Kingdom
538163,21085,FAIRY CAKE FLANNEL ASSORTED COLOUR,4,2010-12-25 00:00:00,4.91,15907,United Kingdom
538163,21041,PARTY BUNTING,2,2011-02-23 00:00:00,9.18,12350,United Kingdom
538163,21073,WHITE HANGING HEART T-LIGHT HOLDER,7,2010-12-02 00:00:00,5.93,15548,United Kingdom
538164,21071,HEART SHAPED DOUGHNUT,1,2010-12-03 00:00:00,14.56,17398,United Kingdom
538164,21007,HEART SHAPED DOUGHNUT,1,2010-12-08 00:00:00,14.56,14837,United Kingdom
538164,21062,SET OF 3 MONOCHROME HEART MUGS,2,2011-01-16 00:00:00,3.16,16944,Portugal
538165,21045,JUMBO BAG RED RETROSPOT,1,2010-12-19 00:00:00,11.11,13589,United Kingdom
538165,21006,HEART OF WICKER SMALL,2,2010-12-18 00:00:00,13.06,13112,Netherlands
538165,21033,PARTY BUNTING,1,2010-12-13 00:00:00,9.18,14277,United Kingdom
538165,21066,HEART OF WICKER SMALL,3,2010-12-27 00:00:00,13.06,15322,Spain
538166,21005,SET OF 3 MONOCHROME HEART MUGS,2,2010-12-06 00:00:00,3.16,13493,United Kingdom
538167,21094,JUMBO BAG RED RETROSPOT,3,2010-12-15 00:00:00,11.11,16209,Germany
538167,21090,FAIRY CAKE FLANNEL ASSORTED COLOUR,6,2011-01-20 00:00:00,4.91,13321,United Kingdom
538168,21076,REGENCY CAKESTAND 3 TIER,4,2011-02-25 00:00:00,14.29,13621,United Kingdom
538168,21090,PARTY BUNTING,9,2010-12-22 00:00:00,9.18,13628,Belgium
538169,21042,HEART SHAPED DOUGHNUT,1,2011-02-01 00:00:00,14.56,17796,United Kingdom
538170,21041,HEART OF WICKER SMALL,7,2010-12-11 00:00:00,13.06,14914,United Kingdom
538171,21052,PINK VINTAGE PAISLEY PICNIC BAG,1,2010-12-01 00:00:00,3.14,12981,United Kingdom
538172,21092,FAIRY CAKE FLANNEL ASSORTED COLOUR,3,2011-01-01 00:00:00,4.91,12380,United Kingdom
538172,21068,LOVE BUILDING BLOCK WORD,6,2010-12-12 00:00:00,10.77,14773,Spain
538173,21019,PARTY BUNTING,1,2011-02-08 00:00:00,9.18,17004,Spain
538174,21002,HEART OF WICKER SMALL,3,2011-02-09 00:00:00,13.06,14009,Germany
538175,21064,ASSORTED COLOUR BIRD ORNAMENT,2,2010-12-11 00:00:00,2.76,15039,United Kingdom
538176,21057,SET OF 3 MONOCHROME HEART MUGS,1,2010-12-02 00:00:00,3.16,16545,United Kingdom
538177,21058,STRAWBERRY CERAMIC TRINKET POT,1,2011-01-05 00:00:00,1.34,13646,United Kingdom
538178,21005,PARTY BUNTING,1,2010-12-07 00:00:00,9.18,17796,United Kingdom
538179,21083,HEART OF WICKER SMALL,7,2010-12-01 00:00:00,13.06,14395,Portugal
538180,21047,STRAWBERRY CERAMIC TRINKET POT,7,2010-12-01 00:00:00,1.34,13391,United Kingdom
538180,21084,REGENCY CAKESTAND 3 TIER,7,2010-12-26 00:00:00,14.29,15419,United Kingdom
538181,21086,HANGING METAL LANTERN,4,2010-12-01 00:00:00,12.57,14407,Netherlands
C538182,21056,HEART OF WICKER SMALL,4,2010-12-30 00:00:00,13.06,13589,United Kingdom
538182,21017,PARTY BUNTING,5,2010-12-30 00:00:00,9.18,14773,Italy
538182,21011,LOVE BUILDING BLOCK WORD,5,2010-12-11 00:00:00,10.77,14061,Germany
538182,21050,STRAWBERRY CERAMIC TRINKET POT,8,2010-12-26 00:00:00,1.34,13494,United Kingdom
538182,21067,CHILLI LIGHTS,8,2010-12-01 00:00:00,0.8,15081,Netherlands
538182,21090,JUMBO BAG PINK POLKADOT,4,2010-12-02 00:00:00,8.11,14904,France
538183,21005,LUNCH BAG RED RETROSPOT,4,2010-12-23 00:00:00,2.76,17699,United Kingdom
538184,21053,RETROSPOT TEA SET CERAMIC 11 PC,1,2011-06-24 00:00:00,4.72,14373,United Kingdom
538185,21007,STRAWBERRY CERAMIC TRINKET POT,2,2010-12-09 00:00:00,1.34,16094,United Kingdom
538185,21043,HANGING METAL LANTERN,2,2010-12-10 00:00:00,12.57,13709,United Kingdom
538186,21015,WHITE HANGING HEART T-LIGHT HOLDER,2,2010-12-12 00:00:00,5.93,15766,Sweden
538187,21079,CHILLI LIGHTS,1,2011-01-15 00:00:00,0.8,13197,United Kingdom
538187,21091,CHOCOLATE HOT WATER BOTTLE,2,2011-01-07 00:00:00,6.76,17402,United Kingdom
538187,21019,SET OF 3 MONOCHROME HEART MUGS,4,2011-01-04 00:00:00,3.16,16436,Germany
538188,21085,HOME BUILDING BLOCK WORD,1,2010-12-03 00:00:00,9.22,14402,Netherlands
538188,21017,BLUE KALMIA CERAMIC MUG,3,2010-12-12 00:00:00,3.58,13222,France
538189,21078,LUNCH BAG RED RETROSPOT,2,2010-12-16 00:00:00,2.76,15355,United Kingdom
538189,21027,PARTY BUNTING,2,2010-12-06 00:00:00,9.18,16407,France
538190,21077,SET OF 3 MONOCHROME HEART MUGS,4,2010-12-18 00:00:00,3.16,13361,Portugal
538191,21014,HOME BUILDING BLOCK WORD,5,2010-12-28 00:00:00,9.22,17075,United Kingdom
538192,21001,STRAWBERRY CERAMIC TRINKET POT,1,2011-01-02 00:00:00,1.34,17946,United Kingdom
538193,21028,HANGING METAL LANTERN,1,2010-12-02 00:00:00,12.57,18073,United Kingdom
538194,21014,BLUE KALMIA CERAMIC MUG,1,2010-12-15 00:00:00,3.58,16735,United Kingdom
538194,21074,PARTY BUNTING,7,2010-12-11 00:00:00,9.18,15807,United Kingdom
538195,21090,FAIRY CAKE FLANNEL ASSORTED COLOUR,2,2010-12-05 00:00:00,4.91,17005,United Kingdom
538195,21029,STRAWBERRY CERAMIC TRINKET POT,7,2011-01-21 00:00:00,1.34,17876,Spain
538195,21041,STRAWBERRY CERAMIC TRINKET POT,6,2011-01-18 00:00:00,1.34,12737,France
538196,21068,HANGING METAL LANTERN,9,2010-12-06 00:00:00,12.57,15321,Spain
538197,21057,HEART OF WICKER SMALL,3,2010-12-06 00:00:00,13.06,18146,United Kingdom
538197,21061,PARTY BUNTING,1,2011-02-20 00:00:00,9.18,13485,Germany
538198,21068,STRAWBERRY CERAMIC TRINKET POT,1,2011-01-11 00:00:00,1.34,12410,United Kingdom
538199,21097,HEART OF WICKER SMALL,4,2010-12-27 00:00:00,13.06,13224,United Kingdom
538200,21037,CHILLI LIGHTS,1,2010-12-10 00:00:00,0.8,14411,Switzerland
C538201,21094,HOME BUILDING BLOCK WORD,2,2011-02-03 00:00:00,9.22,14857,United Kingdom
538202,21019,HOME BUILDING BLOCK WORD,1,2011-01-19 00:00:00,9.22,12870,United Kingdom
538203,21032,JUMBO BAG PINK POLKADOT,2,2010-12-05 00:00:00,8.11,17600,Sweden
538203,21064,PARTY BUNTING,1,2011-02-27 00:00:00,9.18,14245,United Kingdom
538204,21046,REGENCY CAKESTAND 3 TIER,5,2011-01-06 00:00:00,14.29,12647,Germany
538204,21084,PARTY BUNTING,2,2011-03-16 00:00:00,9.18,14373,United Kingdom
538205,21016,HOME BUILDING BLOCK WORD,4,2011-03-04 00:00:00,9.22,16092,Belgium
538205,21095,LUNCH BAG RED RETROSPOT,4,2011-01-04 00:00:00,2.76,13150,United Kingdom
538205,21036,BLUE KALMIA CERAMIC MUG,3,2010-12-27 00:00:00,3.58,17583,United Kingdom
538206,21044,SET OF 3 MONOCHROME HEART MUGS,6,2010-12-25 00:00:00,3.16,15548,United Kingdom
538206,21061,HEART OF WICKER SMALL,1,2010-12-05 00:00:00,13.06,13005,United Kingdom
538206,21094,JUMBO BAG RED RETROSPOT,1,2010-12-30 00:00:00,11.11,13130,Switzerland
538207,21025,ASSORTED COLOUR BIRD ORNAMENT,20,2010-12-06 00:00:00,2.76,15792,Belgium
538208,21073,BLUE KALMIA CERAMIC MUG,1,2010-12-25 00:00:00,3.58,14393,United Kingdom
538209,21052,PARTY BUNTING,7,2010-12-04 00:00:00,9.18,18200,Portugal
538210,21010,HANGING METAL LANTERN,1,2010-12-23 00:00:00,12.57,17125,Portugal
538210,21077,STRAWBERRY CERAMIC TRINKET POT,6,2010-12-05 00:00:00,1.34,16123,France
538211,21053,HEART OF WICKER SMALL,1,2011-02-27 00:00:00,13.06,17221,Germany
538212,21059,HEART SHAPED DOUGHNUT,7,2010-12-05 00:00:00,14.56,16069,United Kingdom
C538213,21036,FAIRY CAKE FLANNEL ASSORTED COLOUR,1,2010-12-14 00:00:00,4.91,17277,United Kingdom
538213,21003,HANGING METAL LANTERN,5,2010-12-07 00:00:00,12.57,16845,United Kingdom
538213,21079,RETROSPOT TEA SET CERAMIC 11 PC,2,2010-12-08 00:00:00,4.72,17233,United Kingdom
538214,21043,REGENCY CAKESTAND 3 TIER,2,2010-12-12 00:00:00,14.29,15093,Germany
538215,21065,SET OF 3 MONOCHROME HEART MUGS,1,2010-12-26 00:00:00,3.16,18137,United Kingdom
538216,21094,REGENCY CAKESTAND 3 TIER,2,2010-12-22 00:00:00,14.29,15307,Germany
538217,21067,FAIRY CAKE FLANNEL ASSORTED COLOUR,1,2011-01-07 00:00:00,4.91,14024,United Kingdom
538218,21094,JUMBO BAG PINK POLKADOT,8,2010-12-11 00:00:00,8.11,17399,Spain
538219,21050,HOME BUILDING BLOCK WORD,1,2010-12-14 00:00:00,9.22,17126,United Kingdom
538220,21078,HEART OF WICKER SMALL,4,2011-03-11 00:00:00,13.06,15195,Germany
538221,21021,LOVE BUILDING BLOCK WORD,3,2010-12-06 00:00:00,10.77,12981,Switzerland
538222,21091,LUNCH BAG RED RETROSPOT,6,2010-12-09 00:00:00,2.76,13044,United Kingdom
538222,21036,JUMBO BAG RED RETROSPOT,4,2011-03-02 00:00:00,11.11,14276,United Kingdom
538223,21061,LUNCH BAG RED RETROSPOT,8,2010-12-12 00:00:00,2.76,13824,United Kingdom
538224,21038,WHITE HANGING HEART T-LIGHT HOLDER,7,2011-01-05 00:00:00,5.93,15355,United Kingdom
538225,21053,JUMBO BAG RED RETROSPOT,1,2010-12-14 00:00:00,11.11,15892,United Kingdom
538225,21054,HEART SHAPED DOUGHNUT,4,2010-12-04 00:00:00,14.56,17100,Spain
538225,21070,CHILLI LIGHTS,3,2010-12-24 00:00:00,0.8,12599,Belgium
538225,21024,LUNCH BAG RED RETROSPOT,7,2010-12-22 00:00:00,2.76,17221,United Kingdom
538225,21028,REGENCY CAKESTAND 3 TIER,3,2010-12-27 00:00:00,14.29,12946,United Kingdom
538225,21067,HOME BUILDING BLOCK WORD,1,2011-02-11 00:00:00,9.22,15322,United Kingdom
538226,21086,STRAWBERRY CERAMIC TRINKET POT,4,2010-12-25 00:00:00,1.34,18224,United Kingdom
538226,21096,RETROSPOT TEA SET CERAMIC 11 PC,1,2010-12-12 00:00:00,4.72,15345,Italy
538227,21081,JUMBO BAG RED RETROSPOT,1,2010-12-03 00:00:00,11.11,14080,United Kingdom
538228,21017,HANGING METAL LANTERN,4,2010-12-04 00:00:00,12.57,12535,Portugal
538229,21033,PINK VINTAGE PAISLEY PICNIC BAG,2,2010-12-26 00:00:00,3.14,13300,United Kingdom
538229,21018,REGENCY CAKESTAND 3 TIER,6,2010-12-19 00:00:00,14.29,14039,Italy
538230,21022,HEART SHAPED DOUGHNUT,6,2010-12-29 00:00:00,14.56,12462,United Kingdom
538231,21068,JUMBO BAG PINK POLKADOT,2,2011-01-31 00:00:00,8.11,17669,United Kingdom
538232,21090,CHILLI LIGHTS,4,2010-12-03 00:00:00,0.8,14714,United Kingdom
538233,21025,SET OF 3 MONOCHROME HEART MUGS,2,2010-12-16 00:00:00,3.16,17493,France
538233,21050,HANGING METAL LANTERN,1,2010-12-01 00:00:00,12.57,15516,United Kingdom
538233,21069,CHILLI LIGHTS,1,2011-01-26 00:00:00,0.8,12548,Germany
538233,21088,JUMBO BAG RED RETROSPOT,1,2010-12-30 00:00:00,11.11,17090,United Kingdom
C538234,21035,CHOCOLATE HOT WATER BOTTLE,1,2010-12-03 00:00:00,6.76,16289,Germany
538235,21056,ASSORTED COLOUR BIRD ORNAMENT,4,2011-02-13 00:00:00,2.76,17850,United Kingdom
538235,21002,LUNCH BAG RED RETROSPOT,1,2011-02-27 00:00:00,2.76,14148,United Kingdom
538236,21066,PARTY BUNTING,5,2010-12-03 00:00:00,9.18,14140,United Kingdom
538237,21060,CHILLI LIGHTS,1,2011-01-25 00:00:00,0.8,17857,United Kingdom
538237,21028,FAIRY CAKE FLANNEL ASSORTED COLOUR,2,2010-12-28 00:00:00,4.91,13652,Germany
538238,21013,PARTY BUNTING,1,2010-12-10 00:00:00,9.18,15493,United Kingdom
538239,21079,WHITE HANGING HEART T-LIGHT HOLDER,1,2010-12-13 00:00:00,5.93,13362,United Kingdom
538240,21015,HOME BUILDING BLOCK WORD,5,2010-12-11 00:00:00,9.22,14773,United Kingdom
538240,21040,JUMBO BAG RED RETROSPOT,5,2010-12-01 00:00:00,11.11,15123,United Kingdom
538241,21040,PARTY BUNTING,5,2011-01-11 00:00:00,9.18,17279,United Kingdom
538242,21005,JUMBO BAG RED RETROSPOT,5,2010-12-15 00:00:00,11.11,13494,Belgium
538243,21067,JUMBO BAG RED RETROSPOT,3,2010-12-18 00:00:00,11.11,15075,Germany
538244,21005,HEART OF WICKER SMALL,5,2010-12-16 00:00:00,13.06,12473,Netherlands
538245,21065,BLUE KALMIA CERAMIC MUG,5,2010-12-12 00:00:00,3.58,15093,United Kingdom
538246,21072,STRAWBERRY CERAMIC TRINKET POT,4,2010-12-08 00:00:00,1.34,15601,Portugal
538246,21002,LUNCH BAG RED RETROSPOT,6,2010-12-16 00:00:00,2.76,15454,France
538247,21005,RETROSPOT TEA SET CERAMIC 11 PC,2,2011-04-24 00:00:00,4.72,18085,United Kingdom
538247,21021,WHITE HANGING HEART T-LIGHT HOLDER,1,2011-02-16 00:00:00,5.93,13530,France
538248,21040,FAIRY CAKE FLANNEL ASSORTED COLOUR,3,2010-12-14 00:00:00,4.91,14103,United Kingdom
538249,21001,HEART SHAPED DOUGHNUT,2,2010-12-21 00:00:00,14.56,13428,United Kingdom
538250,21033,HANGING METAL LANTERN,3,2011-04-03 00:00:00,12.57,18215,United Kingdom
538250,21025,LUNCH BAG RED RETROSPOT,2,2010-12-08 00:00:00,2.76,13222,Spain
538251,21068,JUMBO BAG RED RETROSPOT,2,2011-01-19 00:00:00,11.11,15077,France
538251,21006,CHOCOLATE HOT WATER BOTTLE,1,2010-12-01 00:00:00,6.76,14328,United Kingdom
538252,21048,LUNCH BAG RED RETROSPOT,2,2010-12-19 00:00:00,2.76,15162,United Kingdom
538253,21044,PARTY BUNTING,1,2011-01-20 00:00:00,9.18,17661,United Kingdom
538253,21024,LUNCH BAG RED RETROSPOT,3,2010-12-26 00:00:00,2.76,14958,France
538254,21074,REGENCY CAKESTAND 3 TIER,1,2011-01-17 00:00:00,14.29,15470,United Kingdom
538255,21020,CHOCOLATE HOT WATER BOTTLE,3,2011-01-02 00:00:00,6.76,13916,United Kingdom
538256,21084,REGENCY CAKESTAND 3 TIER,2,2010-12-26 00:00:00,14.29,18085,United Kingdom
538257,21024,ASSORTED COLOUR BIRD ORNAMENT,1,2011-01-17 00:00:00,2.76,15673,Netherlands
538258,21016,HEART SHAPED DOUGHNUT,1,2010-12-23 00:00:00,14.56,14835,United Kingdom
538258,21052,HEART OF WICKER SMALL,5,2011-02-06 00:00:00,13.06,17594,United Kingdom
538258,21006,CHILLI LIGHTS,1,2010-12-28 00:00:00,0.8,14640,United Kingdom
538259,21024,LUNCH BAG RED RETROSPOT,1,2010-12-20 00:00:00,2.76,14506,Netherlands
538260,21015,JUMBO BAG RED RETROSPOT,2,2010-12-03 00:00:00,11.11,16391,Germany
538261,21049,HEART SHAPED DOUGHNUT,1,2010-12-21 00:00:00,14.56,16375,United Kingdom
538262,21048,CHILLI LIGHTS,2,2010-12-07 00:00:00,0.8,13150,Germany
538263,21060,RETROSPOT TEA SET CERAMIC 11 PC,5,2010-12-05 00:00:00,4.72,13086,Spain
538263,21075,HOME BUILDING BLOCK WORD,3,2010-12-19 00:00:00,9.22,16834,Portugal
538264,21085,JUMBO BAG PINK POLKADOT,1,2010-12-09 00:00:00,8.11,14402,United Kingdom
538265,21020,FAIRY CAKE FLANNEL ASSORTED COLOUR,2,2011-01-09 00:00:00,4.91,14902,United Kingdom
538266,21049,STRAWBERRY CERAMIC TRINKET POT,5,2010-12-19 00:00:00,1.34,17275,United Kingdom
538267,21049,BLUE KALMIA CERAMIC MUG,1,2011-03-21 00:00:00,3.58,17739,Italy
538268,21005,CHILLI LIGHTS,2,2011-02-14 00:00:00,0.8,14825,France
538268,21047,LUNCH BAG RED RETROSPOT,1,2011-01-20 00:00:00,2.76,17832,France
538269,21009,FAIRY CAKE FLANNEL ASSORTED COLOUR,9,2010-12-24 00:00:00,4.91,16860,Sweden
538270,21065,JUMBO BAG RED RETROSPOT,3,2011-02-10 00:00:00,11.11,13564,Netherlands
538271,21036,BLUE KALMIA CERAMIC MUG,4,2011-04-06 00:00:00,3.58,14411,Switzerland
538272,21049,STRAWBERRY CERAMIC TRINKET POT,1,2011-02-05 00:00:00,1.34,14911,Germany
538273,21013,WHITE HANGING HEART T-LIGHT HOLDER,4,2010-12-04 00:00:00,5.93,15660,Spain
538273,21039,HOME BUILDING BLOCK WORD,1,2011-03-02 00:00:00,9.22,17275,United Kingdom
538274,21088,LUNCH BAG RED RETROSPOT,8,2011-02-12 00:00:00,2.76,15548,France
538275,21003,LOVE BUILDING BLOCK WORD,2,2010-12-17 00:00:00,10.77,13841,Portugal
538276,21031,LOVE BUILDING BLOCK WORD,2,2010-12-19 00:00:00,10.77,13830,United Kingdom
538276,21051,RETROSPOT TEA SET CERAMIC 11 PC,6,2011-02-24 00:00:00,4.72,15702,United Kingdom
538277,21096,PARTY BUNTING,12,2011-01-06 00:00:00,9.18,16992,United Kingdom
538278,21047,SET OF 3 MONOCHROME HEART MUGS,2,2011-03-07 00:00:00,3.16,17661,Netherlands
538278,21020,STRAWBERRY CERAMIC TRINKET POT,2,2010-12-10 00:00:00,1.34,16901,United Kingdom
538279,21030,PARTY BUNTING,3,2011-01-04 00:00:00,9.18,16834,United Kingdom
538280,21030,PINK VINTAGE PAISLEY PICNIC BAG,2,2010-12-27 00:00:00,3.14,16416,France
538281,21066,HEART SHAPED DOUGHNUT,1,2010-12-06 00:00:00,14.56,13415,France
538282,21022,PARTY BUNTING,1,2010-12-19 00:00:00,9.18,16416,United Kingdom
538282,21017,RETROSPOT TEA SET CERAMIC 11 PC,3,2010-12-06 00:00:00,4.72,16944,Germany
538283,21052,REGENCY CAKESTAND 3 TIER,8,2010-12-19 00:00:00,14.29,12462,United Kingdom
538284,21075,HOME BUILDING BLOCK WORD,2,2010-12-26 00:00:00,9.22,17275,United Kingdom
538285,21055,BLUE KALMIA CERAMIC MUG,6,2010-12-30 00:00:00,3.58,14276,United Kingdom
538286,21065,HEART SHAPED DOUGHNUT,1,2010-12-30 00:00:00,14.56,15516,United Kingdom
538286,21070,STRAWBERRY CERAMIC TRINKET POT,21,2010-12-09 00:00:00,1.34,13981,Netherlands
538287,21084,SET OF 3 MONOCHROME HEART MUGS,3,2011-01-08 00:00:00,3.16,16092,United Kingdom
538288,21067,PINK VINTAGE PAISLEY PICNIC BAG,1,2010-12-12 00:00:00,3.14,13652,France
538289,21080,LOVE BUILDING BLOCK WORD,2,2011-02-18 00:00:00,10.77,13914,Netherlands
538290,21049,JUMBO BAG PINK POLKADOT,7,2010-12-12 00:00:00,8.11,17081,Italy
538291,21009,HOME BUILDING BLOCK WORD,1,2010-12-01 00:00:00,9.22,15136,Germany
538291,21073,PARTY BUNTING,2,2010-12-10 00:00:00,9.18,16992,Netherlands
538291,21087,JUMBO BAG PINK POLKADOT,2,2010-12-08 00:00:00,8.11,16403,France
538291,21019,HEART OF WICKER SMALL,2,2010-12-06 00:00:00,13.06,12909,Sweden
538292,21088,REGENCY CAKESTAND 3 TIER,3,2011-01-14 00:00:00,14.29,12834,United Kingdom
538293,21053,WHITE HANGING HEART T-LIGHT HOLDER,3,2010-12-10 00:00:00,5.93,16845,Belgium
538294,21076,JUMBO BAG RED RETROSPOT,10,2010-12-30 00:00:00,11.11,17796,United Kingdom
538295,21021,CHOCOLATE HOT WATER BOTTLE,1,2010-12-16 00:00:00,6.76,17123,United Kingdom
538296,21012,CHOCOLATE HOT WATER BOTTLE,1,2010-12-02 00:00:00,6.76,15766,Portugal
538297,21022,WHITE HANGING HEART T-LIGHT HOLDER,2,2011-01-16 00:00:00,5.93,15039,Belgium
538298,21042,HOME BUILDING BLOCK WORD,2,2010-12-16 00:00:00,9.22,14601,United Kingdom
538299,21003,HANGING METAL LANTERN,2,2010-12-15 00:00:00,12.57,15807,United Kingdom
538300,21026,PINK VINTAGE PAISLEY PICNIC BAG,1,2010-12-03 00:00:00,3.14,15782,Netherlands
538301,21063,CHOCOLATE HOT WATER BOTTLE,2,2011-03-03 00:00:00,6.76,13943,France
538302,21049,RETROSPOT TEA SET CERAMIC 11 PC,5,2011-02-02 00:00:00,4.72,16957,United Kingdom
538302,21032,CHILLI LIGHTS,9,2010-12-09 00:00:00,0.8,18201,Italy
538303,21047,HEART SHAPED DOUGHNUT,2,2010-12-23 00:00:00,14.56,14387,United Kingdom
538304,21097,STRAWBERRY CERAMIC TRINKET POT,7,2010-12-05 00:00:00,1.34,17338,Netherlands
538305,21058,SET OF 3 MONOCHROME HEART MUGS,5,2010-12-24 00:00:00,3.16,16992,United Kingdom
538306,21096,HANGING METAL LANTERN,3,2011-01-21 00:00:00,12.57,14187,Portugal
538307,21087,LUNCH BAG RED RETROSPOT,23,2010-12-27 00:00:00,2.76,17233,France
538308,21028,SET OF 3 MONOCHROME HEART MUGS,2,2010-12-23 00:00:00,3.16,17233,Spain
538308,21052,FAIRY CAKE FLANNEL ASSORTED COLOUR,3,2011-01-01 00:00:00,4.91,15927,United Kingdom
538309,21077,CHILLI LIGHTS,7,2011-01-07 00:00:00,0.8,14611,United Kingdom
538310,21073,HOME BUILDING BLOCK WORD,3,2011-05-25 00:00:00,9.22,14831,United Kingdom
538311,21042,JUMBO BAG RED RETROSPOT,6,2010-12-21 00:00:00,11.11,12500,United Kingdom
538312,21048,PARTY BUNTING,1,2011-02-12 00:00:00,9.18,16477,United Kingdom
538312,21038,JUMBO BAG PINK POLKADOT,1,2011-03-14 00:00:00,8.11,15648,France
538313,21065,RETROSPOT TEA SET CERAMIC 11 PC,3,2010-12-09 00:00:00,4.72,14914,Germany
538314,21063,HOME BUILDING BLOCK WORD,3,2010-12-04 00:00:00,9.22,16537,United Kingdom
538315,21097,HANGING METAL LANTERN,2,2010-12-13 00:00:00,12.57,15454,United Kingdom
538315,21077,PARTY BUNTING,3,2010-12-29 00:00:00,9.18,16416,France
538316,21058,PINK VINTAGE PAISLEY PICNIC BAG,2,2011-02-11 00:00:00,3.14,17578,United Kingdom
538317,21037,JUMBO BAG PINK POLKADOT,1,2010-12-15 00:00:00,8.11,18229,United Kingdom
538318,21080,CHILLI LIGHTS,2,2010-12-10 00:00:00,0.8,15991,Switzerland
538319,21021,FAIRY CAKE FLANNEL ASSORTED COLOUR,3,2010-12-03 00:00:00,4.91,15516,United Kingdom
538320,21087,WHITE HANGING HEART T-LIGHT HOLDER,2,2011-03-07 00:00:00,5.93,14837,Germany
538321,21042,CHILLI LIGHTS,1,2011-02-03 00:00:00,0.8,16779,United Kingdom
538322,21083,BLUE KALMIA CERAMIC MUG,6,2011-01-20 00:00:00,3.58,16845,United Kingdom
538323,21023,PINK VINTAGE PAISLEY PICNIC BAG,12,2010-12-01 00:00:00,3.14,16894,Belgium
538323,21063,LOVE BUILDING BLOCK WORD,1,2010-12-28 00:00:00,10.77,15689,Spain
538324,21085,SET OF 3 MONOCHROME HEART MUGS,1,2010-12-21 00:00:00,3.16,15081,Spain
538324,21072,HANGING METAL LANTERN,3,2010-12-05 00:00:00,12.57,14384,Sweden
538325,21066,BLUE KALMIA CERAMIC MUG,1,2011-01-09 00:00:00,3.58,16115,Belgium
538326,21054,JUMBO BAG PINK POLKADOT,7,2010-12-26 00:00:00,8.11,15607,Italy
538327,21028,PARTY BUNTING,1,2010-12-18 00:00:00,9.18,14857,United Kingdom
538328,21031,HOME BUILDING BLOCK WORD,4,2011-01-21 00:00:00,9.22,12473,United Kingdom
538329,21040,LOVE BUILDING BLOCK WORD,1,2010-12-10 00:00:00,10.77,18137,France
538330,21092,JUMBO BAG PINK POLKADOT,2,2011-02-02 00:00:00,8.11,16537,Germany
538331,21061,HOME BUILDING BLOCK WORD,8,2010-12-09 00:00:00,9.22,18103,France
538332,21047,RETROSPOT TEA SET CERAMIC 11 PC,1,2011-02-05 00:00:00,4.72,13841,Sweden
538333,21040,CHILLI LIGHTS,1,2010-12-03 00:00:00,0.8,15093,United Kingdom
538334,21018,PINK VINTAGE PAISLEY PICNIC BAG,4,2010-12-01 00:00:00,3.14,13916,United Kingdom
538335,21059,BLUE KALMIA CERAMIC MUG,1,2010-12-27 00:00:00,3.58,16894,United Kingdom
538336,21067,FAIRY CAKE FLANNEL ASSORTED COLOUR,6,2010-12-20 00:00:00,4.91,15715,Spain
538337,21072,LUNCH BAG RED RETROSPOT,2,2010-12-05 00:00:00,2.76,13875,United Kingdom
538338,21038,BLUE KALMIA CERAMIC MUG,5,2011-02-09 00:00:00,3.58,17654,Switzerland
538339,21029,HEART SHAPED DOUGHNUT,2,2011-01-07 00:00:00,14.56,15152,United Kingdom
538340,21045,HEART SHAPED DOUGHNUT,2,2010-12-04 00:00:00,14.56,17850,United Kingdom
538341,21090,HOME BUILDING BLOCK WORD,1,2011-05-01 00:00:00,9.22,13931,United Kingdom
538342,21030,FAIRY CAKE FLANNEL ASSORTED COLOUR,6,2010-12-20 00:00:00,4.91,15516,United Kingdom
538343,21087,CHILLI LIGHTS,1,2011-01-07 00:00:00,0.8,16094,Netherlands
538343,21078,FAIRY CAKE FLANNEL ASSORTED COLOUR,1,2010-12-04 00:00:00,4.91,14583,Netherlands
538344,21067,JUMBO BAG PINK POLKADOT,3,2011-01-10 00:00:00,8.11,17098,United Kingdom
538345,21031,PINK VINTAGE PAISLEY PICNIC BAG,2,2011-01-08 00:00:00,3.14,14277,United Kingdom
538346,21019,RETROSPOT TEA SET CERAMIC 11 PC,2,2011-01-02 00:00:00,4.72,16938,United Kingdom
538347,21005,ASSORTED COLOUR BIRD ORNAMENT,5,2011-03-08 00:00:00,2.76,14103,Germany
538348,21093,ASSORTED COLOUR BIRD ORNAMENT,2,2011-02-27 00:00:00,2.76,14781,Germany
538349,21011,ASSORTED COLOUR BIRD ORNAMENT,1,2010-12-03 00:00:00,2.76,13931,United Kingdom
538350,21067,LUNCH BAG RED RETROSPOT,1,2010-12-12 00:00:00,2.76,14857,Spain
538351,21097,HANGING METAL LANTERN,5,2010-12-12 00:00:00,12.57,14408,United Kingdom
538352,21015,CHILLI LIGHTS,1,2011-03-27 00:00:00,0.8,13637,United Kingdom
538353,21018,PINK VINTAGE PAISLEY PICNIC BAG,5,2011-01-04 00:00:00,3.14,14583,United Kingdom
538354,21036,HEART SHAPED DOUGHNUT,2,2010-12-12 00:00:00,14.56,17125,Germany
538355,21094,REGENCY CAKESTAND 3 TIER,1,2010-12-09 00:00:00,14.29,13874,United Kingdom
538355,21048,JUMBO BAG RED RETROSPOT,7,2010-12-19 00:00:00,11.11,17237,United Kingdom
538355,21072,HEART OF WICKER SMALL,1,2011-01-26 00:00:00,13.06,17414,Spain
538356,21065,WHITE HANGING HEART T-LIGHT HOLDER,1,2011-01-28 00:00:00,5.93,13931,Germany
538357,21013,CHILLI LIGHTS,2,2011-01-11 00:00:00,0.8,14624,Italy
538358,21051,JUMBO BAG RED RETROSPOT,3,2010-12-08 00:00:00,11.11,13816,United Kingdom
538359,21074,HANGING METAL LANTERN,4,2010-12-18 00:00:00,12.57,13791,Italy
538360,21031,RETROSPOT TEA SET CERAMIC 11 PC,4,2010-12-03 00:00:00,4.72,16897,Germany
538361,21085,LUNCH BAG RED RETROSPOT,1,2010-12-31 00:00:00,2.76,15516,Netherlands
538362,21066,REGENCY CAKESTAND 3 TIER,7,2010-12-06 00:00:00,14.29,17098,United Kingdom
538363,21014,ASSORTED COLOUR BIRD ORNAMENT,3,2011-01-13 00:00:00,2.76,16628,United Kingdom
538364,21039,HEART OF WICKER SMALL,2,2011-01-28 00:00:00,13.06,12725,Sweden
538365,21058,CHILLI LIGHTS,5,2011-01-04 00:00:00,0.8,12506,United Kingdom
538366,21090,REGENCY CAKESTAND 3 TIER,3,2010-12-16 00:00:00,14.29,14199,United Kingdom
538367,21015,WHITE HANGING HEART T-LIGHT HOLDER,4,2011-01-09 00:00:00,5.93,15493,Portugal
538368,21080,HEART SHAPED DOUGHNUT,1,2010-12-08 00:00:00,14.56,17067,Belgium
538369,21036,STRAWBERRY CERAMIC TRINKET POT,5,2010-12-02 00:00:00,1.34,13200,United Kingdom
538369,21014,CHILLI LIGHTS,3,2010-12-13 00:00:00,0.8,14883,Spain
538370,21043,HANGING METAL LANTERN,1,2011-01-07 00:00:00,12.57,13374,United Kingdom
538371,21045,HANGING METAL LANTERN,3,2011-01-01 00:00:00,12.57,14162,France
538372,21038,FAIRY CAKE FLANNEL ASSORTED COLOUR,5,2010-12-17 00:00:00,4.91,17399,United Kingdom
538373,21055,HOME BUILDING BLOCK WORD,1,2011-02-05 00:00:00,9.22,13791,United Kingdom
538374,21079,HEART SHAPED DOUGHNUT,13,2011-01-05 00:00:00,14.56,13791,United Kingdom
538374,21069,CHILLI LIGHTS,8,2011-02-03 00:00:00,0.8,15791,United Kingdom
538375,21088,PINK VINTAGE PAISLEY PICNIC BAG,3,2010-12-18 00:00:00,3.14,15892,United Kingdom
538375,21074,ASSORTED COLOUR BIRD ORNAMENT,5,2010-12-12 00:00:00,2.76,14958,United Kingdom
538376,21090,LOVE BUILDING BLOCK WORD,2,2010-12-16 00:00:00,10.77,16069,Germany
538376,21050,SET OF 3 MONOCHROME HEART MUGS,2,2011-01-10 00:00:00,3.16,17594,Switzerland
538377,21021,HEART SHAPED DOUGHNUT,1,2010-12-07 00:00:00,14.56,17699,United Kingdom
538377,21009,CHILLI LIGHTS,5,2010-12-19 00:00:00,0.8,15257,United Kingdom
538378,21053,HEART OF WICKER SMALL,2,2010-12-11 00:00:00,13.06,17233,United Kingdom
538378,21029,HANGING METAL LANTERN,7,2010-12-18 00:00:00,12.57,16094,United Kingdom
538379,21089,LOVE BUILDING BLOCK WORD,4,2010-12-28 00:00:00,10.77,17583,United Kingdom
538380,21073,WHITE HANGING HEART T-LIGHT HOLDER,3,2010-12-23 00:00:00,5.93,13914,Italy
538381,21041,HANGING METAL LANTERN,1,2011-01-22 00:00:00,12.57,16236,United Kingdom
538381,21085,HOME BUILDING BLOCK WORD,11,2011-01-30 00:00:00,9.22,15516,Sweden
538382,21020,CHILLI LIGHTS,6,2010-12-07 00:00:00,0.8,18140,United Kingdom
538382,21077,SET OF 3 MONOCHROME HEART MUGS,2,2011-01-14 00:00:00,3.16,15700,Belgium
538383,21073,CHILLI LIGHTS,2,2010-12-06 00:00:00,0.8,14407,Spain
538383,21077,BLUE KALMIA CERAMIC MUG,6,2010-12-05 00:00:00,3.58,13317,United Kingdom
538384,21036,REGENCY CAKESTAND 3 TIER,4,2010-12-03 00:00:00,14.29,13197,United Kingdom
538385,21017,JUMBO BAG PINK POLKADOT,4,2010-12-22 00:00:00,8.11,16236,Spain
538386,21072,SET OF 3 MONOCHROME HEART MUGS,1,2011-01-08 00:00:00,3.16,17754,United Kingdom
538387,21032,HEART OF WICKER SMALL,2,2011-01-12 00:00:00,13.06,17399,Germany
538387,21033,REGENCY CAKESTAND 3 TIER,4,2010-12-04 00:00:00,14.29,16894,United Kingdom
538387,21013,FAIRY CAKE FLANNEL ASSORTED COLOUR,5,2010-12-14 00:00:00,4.91,13130,United Kingdom
538388,21006,JUMBO BAG PINK POLKADOT,1,2011-01-03 00:00:00,8.11,15445,France
538389,21099,LUNCH BAG RED RETROSPOT,2,2011-01-08 00:00:00,2.76,17568,Portugal
538389,21026,PINK VINTAGE PAISLEY PICNIC BAG,2,2010-12-06 00:00:00,3.14,13406,United Kingdom
538389,21060,HEART OF WICKER SMALL,7,2011-02-22 00:00:00,13.06,17123,United Kingdom
538390,21024,PINK VINTAGE PAISLEY PICNIC BAG,1,2010-12-16 00:00:00,3.14,15856,Italy
538391,21030,SET OF 3 MONOCHROME HEART MUGS,1,2010-12-08 00:00:00,3.16,14773,United Kingdom
538392,21044,PINK VINTAGE PAISLEY PICNIC BAG,1,2010-12-09 00:00:00,3.14,13530,United Kingdom
538393,21082,SET OF 3 MONOCHROME HEART MUGS,1,2010-12-11 00:00:00,3.16,12552,United Kingdom
538393,21053,SET OF 3 MONOCHROME HEART MUGS,1,2010-12-04 00:00:00,3.16,15466,United Kingdom
538393,21006,RETROSPOT TEA SET CERAMIC 11 PC,1,2010-12-27 00:00:00,4.72,13361,United Kingdom
538393,21058,LUNCH BAG RED RETROSPOT,2,2010-12-09 00:00:00,2.76,16082,United Kingdom
538394,21011,LOVE BUILDING BLOCK WORD,1,2011-01-17 00:00:00,10.77,16545,United Kingdom
538395,21032,REGENCY CAKESTAND 3 TIER,9,2010-12-01 00:00:00,14.29,16628,United Kingdom
538396,21048,SET OF 3 MONOCHROME HEART MUGS,8,2011-01-13 00:00:00,3.16,17519,Belgium
538397,21013,HEART SHAPED DOUGHNUT,3,2011-01-09 00:00:00,14.56,14506,Italy
538398,21095,HANGING METAL LANTERN,3,2010-12-08 00:00:00,12.57,13197,United Kingdom
538399,21079,PINK VINTAGE PAISLEY PICNIC BAG,5,2010-12-18 00:00:00,3.14,13982,United Kingdom
538399,21009,CHOCOLATE HOT WATER BOTTLE,1,2010-12-08 00:00:00,6.76,13646,United Kingdom
538400,21053,HOME BUILDING BLOCK WORD,4,2010-12-26 00:00:00,9.22,17962,United Kingdom
538400,21039,HOME BUILDING BLOCK WORD,2,2010-12-13 00:00:00,9.22,13200,United Kingdom
538400,21045,WHITE HANGING HEART T-LIGHT HOLDER,4,2011-01-25 00:00:00,5.93,13222,Belgium
538401,21072,CHOCOLATE HOT WATER BOTTLE,6,2011-02-06 00:00:00,6.76,17126,Portugal
538402,21016,PINK VINTAGE PAISLEY PICNIC BAG,2,2011-01-18 00:00:00,3.14,17962,United Kingdom
538403,21082,JUMBO BAG RED RETROSPOT,3,2010-12-13 00:00:00,11.11,18137,United Kingdom
538404,21044,SET OF 3 MONOCHROME HEART MUGS,13,2010-12-01 00:00:00,3.16,15006,United Kingdom
538405,21038,HOME BUILDING BLOCK WORD,4,2011-01-31 00:00:00,9.22,17126,United Kingdom
538406,21063,CHILLI LIGHTS,2,2010-12-03 00:00:00,0.8,14902,United Kingdom
538406,21080,REGENCY CAKESTAND 3 TIER,6,2010-12-22 00:00:00,14.29,16897,United Kingdom
538406,21082,BLUE KALMIA CERAMIC MUG,1,2010-12-01 00:00:00,3.58,18103,United Kingdom
538407,21087,PINK VINTAGE PAISLEY PICNIC BAG,4,2010-12-09 00:00:00,3.14,14640,United Kingdom
538407,21041,CHOCOLATE HOT WATER BOTTLE,1,2010-12-01 00:00:00,6.76,17067,United Kingdom
538407,21004,HANGING METAL LANTERN,4,2010-12-08 00:00:00,12.57,17583,United Kingdom
C538408,21048,JUMBO BAG PINK POLKADOT,1,2010-12-07 00:00:00,8.11,18085,United Kingdom
538409,21094,LUNCH BAG RED RETROSPOT,7,2011-01-24 00:00:00,2.76,16894,United Kingdom
538410,21084,REGENCY CAKESTAND 3 TIER,3,2010-12-07 00:00:00,14.29,14276,Belgium
538411,21066,LOVE BUILDING BLOCK WORD,1,2010-12-20 00:00:00,10.77,17769,United Kingdom
538412,21060,PINK VINTAGE PAISLEY PICNIC BAG,2,2010-12-16 00:00:00,3.14,15184,United Kingdom
538413,21027,SET OF 3 MONOCHROME HEART MUGS,2,2010-12-12 00:00:00,3.16,17625,France
538414,21053,FAIRY CAKE FLANNEL ASSORTED COLOUR,9,2010-12-16 00:00:00,4.91,16115,United Kingdom
538415,21072,RETROSPOT TEA SET CERAMIC 11 PC,3,2010-12-05 00:00:00,4.72,12883,United Kingdom
538416,21063,JUMBO BAG PINK POLKADOT,2,2010-12-08 00:00:00,8.11,15618,United Kingdom
538417,21011,JUMBO BAG PINK POLKADOT,2,2010-12-28 00:00:00,8.11,14601,United Kingdom
538418,21018,PINK VINTAGE PAISLEY PICNIC BAG,6,2010-12-01 00:00:00,3.14,15445,Germany
538419,21010,CHILLI LIGHTS,1,2010-12-08 00:00:00,0.8,15715,United Kingdom
538420,21019,PARTY BUNTING,1,2010-12-31 00:00:00,9.18,17090,United Kingdom
538420,21046,PINK VINTAGE PAISLEY PICNIC BAG,1,2010-12-26 00:00:00,3.14,15413,United Kingdom
538421,21088,CHILLI LIGHTS,1,2011-01-09 00:00:00,0.8,14327,Germany
538422,21020,PARTY BUNTING,1,2011-05-04 00:00:00,9.18,17971,United Kingdom
538422,21089,WHITE HANGING HEART T-LIGHT HOLDER,1,2011-01-18 00:00:00,5.93,12946,Netherlands
538422,21077,JUMBO BAG PINK POLKADOT,3,2011-01-12 00:00:00,8.11,13362,United Kingdom
538423,21025,CHOCOLATE HOT WATER BOTTLE,2,2011-01-17 00:00:00,6.76,13406,Sweden
538424,21056,RETROSPOT TEA SET CERAMIC 11 PC,7,2010-12-03 00:00:00,4.72,13931,Switzerland
538425,21023,JUMBO BAG PINK POLKADOT,1,2010-12-08 00:00:00,8.11,15688,United Kingdom
538425,21034,CHILLI LIGHTS,7,2010-12-11 00:00:00,0.8,16416,Germany
538426,21088,LOVE BUILDING BLOCK WORD,1,2011-01-10 00:00:00,10.77,12552,Germany
538427,21080,PINK VINTAGE PAISLEY PICNIC BAG,7,2010-12-22 00:00:00,3.14,18215,France
538427,21057,FAIRY CAKE FLANNEL ASSORTED COLOUR,1,2010-12-07 00:00:00,4.91,14971,United Kingdom
538428,21003,HEART SHAPED DOUGHNUT,2,2011-03-12 00:00:00,14.56,14032,United Kingdom
538428,21076,BLUE KALMIA CERAMIC MUG,4,2011-01-10 00:00:00,3.58,13341,Portugal
538428,21078,CHOCOLATE HOT WATER BOTTLE,8,2010-12-20 00:00:00,6.76,16820,Germany
538429,21068,BLUE KALMIA CERAMIC MUG,3,2010-12-08 00:00:00,3.58,17100,United Kingdom
538430,21099,CHOCOLATE HOT WATER BOTTLE,6,2011-02-02 00:00:00,6.76,17239,Belgium
538430,21070,STRAWBERRY CERAMIC TRINKET POT,1,2011-01-10 00:00:00,1.34,15650,United Kingdom
538431,21037,REGENCY CAKESTAND 3 TIER,1,2011-02-05 00:00:00,14.29,16735,United Kingdom
538431,21056,RETROSPOT TEA SET CERAMIC 11 PC,1,2011-01-21 00:00:00,4.72,15152,United Kingdom
538432,21025,REGENCY CAKESTAND 3 TIER,1,2010-12-04 00:00:00,14.29,14025,United Kingdom
538433,21051,HANGING METAL LANTERN,3,2010-12-22 00:00:00,12.57,14079,Switzerland
538434,21038,CHILLI LIGHTS,4,2010-12-07 00:00:00,0.8,18193,United Kingdom
538435,21064,REGENCY CAKESTAND 3 TIER,1,2010-12-03 00:00:00,14.29,16842,United Kingdom
538435,21013,ASSORTED COLOUR BIRD ORNAMENT,1,2011-01-02 00:00:00,2.76,14301,Netherlands
538435,21035,PARTY BUNTING,3,2010-12-10 00:00:00,9.18,15079,United Kingdom
538435,21083,ASSORTED COLOUR BIRD ORNAMENT,6,2010-12-04 00:00:00,2.76,15413,United Kingdom
538435,21021,ASSORTED COLOUR BIRD ORNAMENT,3,2010-12-03 00:00:00,2.76,16938,United Kingdom
538436,21061,ASSORTED COLOUR BIRD ORNAMENT,1,2011-01-25 00:00:00,2.76,14800,United Kingdom
538437,21050,CHOCOLATE HOT WATER BOTTLE,11,2011-02-21 00:00:00,6.76,14384,United Kingdom
538438,21034,WHITE HANGING HEART T-LIGHT HOLDER,3,2011-01-11 00:00:00,5.93,17067,United Kingdom
C538439,21004,LOVE BUILDING BLOCK WORD,2,2011-02-07 00:00:00,10.77,17850,United Kingdom
538440,21014,CHILLI LIGHTS,2,2011-01-02 00:00:00,0.8,14328,United Kingdom
538441,21081,JUMBO BAG RED RETROSPOT,2,2011-01-06 00:00:00,11.11,15791,United Kingdom
538442,21099,LOVE BUILDING BLOCK WORD,5,2011-02-05 00:00:00,10.77,15041,United Kingdom
538443,21087,HEART OF WICKER SMALL,4,2011-05-21 00:00:00,13.06,17519,Portugal
538444,21073,HEART OF WICKER SMALL,2,2010-12-03 00:00:00,13.06,14551,Netherlands
538445,21087,WHITE HANGING HEART T-LIGHT HOLDER,6,2011-01-27 00:00:00,5.93,13150,United Kingdom
538446,21059,SET OF 3 MONOCHROME HEART MUGS,1,2010-12-19 00:00:00,3.16,13493,United Kingdom
538447,21069,REGENCY CAKESTAND 3 TIER,4,2011-02-05 00:00:00,14.29,14068,United Kingdom
538448,21048,PARTY BUNTING,1,2010-12-07 00:00:00,9.18,18076,United Kingdom
538449,21084,HEART OF WICKER SMALL,7,2010-12-19 00:00:00,13.06,16834,Germany
538450,21022,REGENCY CAKESTAND 3 TIER,2,2010-12-03 00:00:00,14.29,15790,United Kingdom
538450,21067,CHOCOLATE HOT WATER BOTTLE,8,2010-12-11 00:00:00,6.76,18229,France
538451,21096,FAIRY CAKE FLANNEL ASSORTED COLOUR,4,2011-01-12 00:00:00,4.91,14053,United Kingdom
538452,21042,HANGING METAL LANTERN,1,2011-01-07 00:00:00,12.57,16403,France
538453,21060,PINK VINTAGE PAISLEY PICNIC BAG,8,2011-01-09 00:00:00,3.14,17976,Portugal
538454,21002,LUNCH BAG RED RETROSPOT,4,2010-12-21 00:00:00,2.76,13715,Netherlands
538455,21016,LUNCH BAG RED RETROSPOT,8,2011-01-12 00:00:00,2.76,17069,Portugal
538455,21031,JUMBO BAG RED RETROSPOT,4,2010-12-26 00:00:00,11.11,15234,United Kingdom
538455,21031,HOME BUILDING BLOCK WORD,8,2011-04-30 00:00:00,9.22,16236,United Kingdom
538455,21099,HOME BUILDING BLOCK WORD,9,2010-12-03 00:00:00,9.22,17842,United Kingdom
538455,21048,JUMBO BAG PINK POLKADOT,7,2011-01-03 00:00:00,8.11,12909,Spain
538456,21054,REGENCY CAKESTAND 3 TIER,1,2010-12-16 00:00:00,14.29,14601,France
538457,21033,HOME BUILDING BLOCK WORD,1,2011-01-02 00:00:00,9.22,16337,United Kingdom
538457,21086,LOVE BUILDING BLOCK WORD,14,2011-01-27 00:00:00,10.77,13824,United Kingdom
538458,21053,JUMBO BAG RED RETROSPOT,2,2010-12-27 00:00:00,11.11,15185,France
538459,21057,REGENCY CAKESTAND 3 TIER,1,2010-12-16 00:00:00,14.29,15498,France
538460,21079,HEART OF WICKER SMALL,2,2010-12-29 00:00:00,13.06,18140,United Kingdom
538461,21003,PINK VINTAGE PAISLEY PICNIC BAG,2,2010-12-23 00:00:00,3.14,17809,Italy
538461,21036,ASSORTED COLOUR BIRD ORNAMENT,3,2010-12-11 00:00:00,2.76,15405,Switzerland
538462,21067,RETROSPOT TEA SET CERAMIC 11 PC,5,2010-12-19 00:00:00,4.72,15080,France
538462,21001,CHOCOLATE HOT WATER BOTTLE,1,2010-12-12 00:00:00,6.76,17654,France
538462,21023,FAIRY CAKE FLANNEL ASSORTED COLOUR,1,2011-02-02 00:00:00,4.91,18252,France
538463,21044,JUMBO BAG RED RETROSPOT,4,2011-03-11 00:00:00,11.11,14305,Switzerland
538464,21083,JUMBO BAG RED RETROSPOT,3,2011-03-01 00:00:00,11.11,12535,Italy
538465,21033,HOME BUILDING BLOCK WORD,1,2010-12-05 00:00:00,9.22,17523,Germany
538466,21002,PARTY BUNTING,10,2010-12-06 00:00:00,9.18,17600,United Kingdom
538467,21085,CHOCOLATE HOT WATER BOTTLE,3,2010-12-22 00:00:00,6.76,17625,United Kingdom
538468,21089,WHITE HANGING HEART T-LIGHT HOLDER,1,2011-02-05 00:00:00,5.93,16436,Netherlands
538469,21026,HANGING METAL LANTERN,3,2011-02-11 00:00:00,12.57,15700,United Kingdom
538470,21038,REGENCY CAKESTAND 3 TIER,4,2011-04-12 00:00:00,14.29,17523,United Kingdom
538471,21013,HEART OF WICKER SMALL,3,2010-12-26 00:00:00,13.06,16860,United Kingdom
538472,21045,CHOCOLATE HOT WATER BOTTLE,1,2010-12-02 00:00:00,6.76,15803,United Kingdom
538473,21082,RETROSPOT TEA SET CERAMIC 11 PC,1,2010-12-24 00:00:00,4.72,16209,Netherlands
538473,21020,LOVE BUILDING BLOCK WORD,5,2011-02-05 00:00:00,10.77,17583,United Kingdom
538474,21057,ASSORTED COLOUR BIRD ORNAMENT,1,2011-02-17 00:00:00,2.76,12969,Germany
538475,21011,HANGING METAL LANTERN,2,2011-05-01 00:00:00,12.57,12834,Sweden
538476,21005,JUMBO BAG RED RETROSPOT,5,2010-12-08 00:00:00,11.11,14837,United Kingdom
538477,21021,CHOCOLATE HOT WATER BOTTLE,1,2011-02-04 00:00:00,6.76,15928,United Kingdom
538478,21052,PINK VINTAGE PAISLEY PICNIC BAG,2,2011-02-06 00:00:00,3.14,15715,France
538479,21049,JUMBO BAG RED RETROSPOT,1,2011-01-13 00:00:00,11.11,14061,United Kingdom
538480,21099,HANGING METAL LANTERN,2,2010-12-08 00:00:00,12.57,12507,Belgium
538481,21007,FAIRY CAKE FLANNEL ASSORTED COLOUR,3,2011-01-25 00:00:00,4.91,13197,United Kingdom
538481,21088,HEART OF WICKER SMALL,1,2010-12-12 00:00:00,13.06,16982,United Kingdom
538482,21062,PINK VINTAGE PAISLEY PICNIC BAG,1,2011-05-05 00:00:00,3.14,17322,United Kingdom
538483,21078,BLUE KALMIA CERAMIC MUG,2,2011-02-01 00:00:00,3.58,17028,United Kingdom
538483,21061,LUNCH BAG RED RETROSPOT,4,2010-12-09 00:00:00,2.76,12462,United Kingdom
538483,21084,LUNCH BAG RED RETROSPOT,1,2011-01-24 00:00:00,2.76,17145,United Kingdom
538484,21035,CHOCOLATE HOT WATER BOTTLE,2,2010-12-06 00:00:00,6.76,15305,United Kingdom
538484,21029,HOME BUILDING BLOCK WORD,4,2010-12-07 00:00:00,9.22,13300,France
538485,21002,CHILLI LIGHTS,19,2011-02-03 00:00:00,0.8,15516,Portugal
538486,21006,HOME BUILDING BLOCK WORD,1,2010-12-15 00:00:00,9.22,16860,United Kingdom
538487,21076,LOVE BUILDING BLOCK WORD,2,2010-12-27 00:00:00,10.77,14971,Portugal
538488,21008,RETROSPOT TEA SET CERAMIC 11 PC,5,2010-12-15 00:00:00,4.72,17399,United Kingdom
538488,21068,JUMBO BAG RED RETROSPOT,6,2011-01-14 00:00:00,11.11,17832,Belgium
538489,21038,PINK VINTAGE PAISLEY PICNIC BAG,6,2010-12-27 00:00:00,3.14,12909,United Kingdom
538490,21060,JUMBO BAG RED RETROSPOT,2,2010-12-16 00:00:00,11.11,17257,United Kingdom
538491,21053,RETROSPOT TEA SET CERAMIC 11 PC,1,2011-01-09 00:00:00,4.72,13841,Spain
538492,21031,PINK VINTAGE PAISLEY PICNIC BAG,2,2011-06-20 00:00:00,3.14,13361,Belgium
538493,21001,ASSORTED COLOUR BIRD ORNAMENT,1,2011-01-03 00:00:00,2.76,17842,United Kingdom
538494,21025,JUMBO BAG PINK POLKADOT,5,2010-12-02 00:00:00,8.11,13841,Portugal
538494,21091,HEART OF WICKER SMALL,6,2011-01-17 00:00:00,13.06,14277,Portugal
538494,21060,LOVE BUILDING BLOCK WORD,3,2010-12-18 00:00:00,10.77,17145,United Kingdom
538494,21003,LUNCH BAG RED RETROSPOT,2,2010-12-05 00:00:00,2.76,13326,Germany
538495,21049,LOVE BUILDING BLOCK WORD,4,2010-12-12 00:00:00,10.77,14162,Netherlands
C538496,21036,PINK VINTAGE PAISLEY PICNIC BAG,4,2011-01-03 00:00:00,3.14,17788,Italy
538496,21040,PINK VINTAGE PAISLEY PICNIC BAG,12,2010-12-03 00:00:00,3.14,16360,United Kingdom
538496,21065,PINK VINTAGE PAISLEY PICNIC BAG,11,2010-12-07 00:00:00,3.14,16092,Germany
538497,21040,CHOCOLATE HOT WATER BOTTLE,3,2010-12-02 00:00:00,6.76,14328,Spain
538498,21026,REGENCY CAKESTAND 3 TIER,1,2010-12-04 00:00:00,14.29,17561,United Kingdom
538498,21072,SET OF 3 MONOCHROME HEART MUGS,5,2010-12-02 00:00:00,3.16,12946,United Kingdom
538499,21035,HANGING METAL LANTERN,1,2011-01-17 00:00:00,12.57,15607,United Kingdom
538500,21028,JUMBO BAG RED RETROSPOT,3,2011-01-15 00:00:00,11.11,15322,United Kingdom
538501,21047,HEART OF WICKER SMALL,2,2010-12-22 00:00:00,13.06,18223,United Kingdom
538502,21011,WHITE HANGING HEART T-LIGHT HOLDER,2,2010-12-30 00:00:00,5.93,12883,Spain
538502,21050,PARTY BUNTING,1,2011-01-03 00:00:00,9.18,16929,Spain
538503,21050,HANGING METAL LANTERN,1,2011-01-21 00:00:00,12.57,15856,Germany
538504,21078,HANGING METAL LANTERN,7,2010-12-19 00:00:00,12.57,16710,United Kingdom
538505,21093,WHITE HANGING HEART T-LIGHT HOLDER,3,2011-02-07 00:00:00,5.93,12725,United Kingdom
538506,21071,CHOCOLATE HOT WATER BOTTLE,1,2011-01-20 00:00:00,6.76,15157,United Kingdom
538506,21007,HEART SHAPED DOUGHNUT,1,2011-02-14 00:00:00,14.56,13199,United Kingdom
538507,21094,WHITE HANGING HEART T-LIGHT HOLDER,2,2011-01-07 00:00:00,5.93,16622,United Kingdom
538507,21033,JUMBO BAG RED RETROSPOT,1,2010-12-07 00:00:00,11.11,17221,United Kingdom
538507,21024,FAIRY CAKE FLANNEL ASSORTED COLOUR,2,2011-02-01 00:00:00,4.91,13873,Germany
538508,21001,HEART OF WICKER SMALL,1,2011-03-09 00:00:00,13.06,15322,Spain
538509,21032,LOVE BUILDING BLOCK WORD,1,2011-01-01 00:00:00,10.77,17126,France
538510,21059,REGENCY CAKESTAND 3 TIER,6,2010-12-07 00:00:00,14.29,16545,Germany
538510,21044,CHILLI LIGHTS,3,2010-12-18 00:00:00,0.8,16841,United Kingdom
538511,21043,JUMBO BAG RED RETROSPOT,1,2010-12-06 00:00:00,11.11,16069,United Kingdom
538511,21077,CHILLI LIGHTS,5,2010-12-01 00:00:00,0.8,12599,United Kingdom
538512,21016,HEART OF WICKER SMALL,1,2010-12-13 00:00:00,13.06,14042,Germany
538512,21007,RETROSPOT TEA SET CERAMIC 11 PC,5,2011-01-01 00:00:00,4.72,15322,Switzerland
538512,21097,HOME BUILDING BLOCK WORD,1,2010-12-02 00:00:00,9.22,16407,Germany
538513,21067,ASSORTED COLOUR BIRD ORNAMENT,5,2010-12-12 00:00:00,2.76,18224,Netherlands
538514,21075,HANGING METAL LANTERN,5,2011-01-13 00:00:00,12.57,17669,United Kingdom
538515,21090,JUMBO BAG RED RETROSPOT,2,2011-01-04 00:00:00,11.11,12647,United Kingdom
538516,21094,CHOCOLATE HOT WATER BOTTLE,4,2011-01-11 00:00:00,6.76,13241,United Kingdom
538517,21083,PINK VINTAGE PAISLEY PICNIC BAG,1,2010-12-08 00:00:00,3.14,16443,United Kingdom
538518,21072,CHOCOLATE HOT WATER BOTTLE,4,2010-12-30 00:00:00,6.76,15660,United Kingdom
538519,21016,HANGING METAL LANTERN,7,2010-12-04 00:00:00,12.57,15892,United Kingdom
538520,21052,JUMBO BAG RED RETROSPOT,2,2010-12-05 00:00:00,11.11,17921,United Kingdom
538521,21051,BLUE KALMIA CERAMIC MUG,3,2011-02-12 00:00:00,3.58,17654,France
538521,21041,CHOCOLATE HOT WATER BOTTLE,1,2010-12-04 00:00:00,6.76,17938,France
538522,21065,WHITE HANGING HEART T-LIGHT HOLDER,2,2010-12-26 00:00:00,5.93,13628,United Kingdom
538523,21088,LUNCH BAG RED RETROSPOT,5,2010-12-01 00:00:00,2.76,15660,United Kingdom
538524,21089,HEART OF WICKER SMALL,1,2011-01-08 00:00:00,13.06,13914,Belgium
538525,21075,CHILLI LIGHTS,9,2010-12-28 00:00:00,0.8,15548,France
538526,21043,HOME BUILDING BLOCK WORD,1,2010-12-03 00:00:00,9.22,14408,United Kingdom
538527,21015,LOVE BUILDING BLOCK WORD,3,2011-01-06 00:00:00,10.77,15973,United Kingdom
538528,21024,WHITE HANGING HEART T-LIGHT HOLDER,4,2011-01-06 00:00:00,5.93,12410,United Kingdom
538529,21016,JUMBO BAG PINK POLKADOT,7,2011-02-20 00:00:00,8.11,14028,Germany
C538529,21085,SET OF 3 MONOCHROME HEART MUGS,4,2010-12-30 00:00:00,3.16,14731,France
538529,21086,PINK VINTAGE PAISLEY PICNIC BAG,3,2010-12-06 00:00:00,3.14,12915,United Kingdom
538530,21030,JUMBO BAG RED RETROSPOT,2,2010-12-12 00:00:00,11.11,12858,United Kingdom
538531,21062,PARTY BUNTING,1,2010-12-07 00:00:00,9.18,12981,France
538531,21095,LUNCH BAG RED RETROSPOT,1,2010-12-10 00:00:00,2.76,15700,United Kingdom
538532,21056,BLUE KALMIA CERAMIC MUG,2,2010-12-08 00:00:00,3.58,15529,United Kingdom
538532,21068,HEART OF WICKER SMALL,1,2011-02-17 00:00:00,13.06,18229,United Kingdom
538533,21035,HEART SHAPED DOUGHNUT,1,2010-12-22 00:00:00,14.56,15740,United Kingdom
538534,21095,REGENCY CAKESTAND 3 TIER,1,2011-02-13 00:00:00,14.29,15120,United Kingdom
538535,21029,LOVE BUILDING BLOCK WORD,3,2010-12-06 00:00:00,10.77,13209,France
538535,21017,LUNCH BAG RED RETROSPOT,2,2011-01-11 00:00:00,2.76,17083,Netherlands
538536,21039,HEART OF WICKER SMALL,1,2010-12-18 00:00:00,13.06,16094,United Kingdom
538537,21078,CHOCOLATE HOT WATER BOTTLE,2,2011-01-17 00:00:00,6.76,13428,United Kingdom
538538,21031,SET OF 3 MONOCHROME HEART MUGS,4,2010-12-12 00:00:00,3.16,14332,Germany
538539,21091,ASSORTED COLOUR BIRD ORNAMENT,7,2010-12-01 00:00:00,2.76,15406,United Kingdom
538540,21058,PARTY BUNTING,5,2010-12-16 00:00:00,9.18,16643,United Kingdom
538541,21094,RETROSPOT TEA SET CERAMIC 11 PC,1,2011-01-23 00:00:00,4.72,15537,Switzerland
C538542,21055,CHILLI LIGHTS,3,2010-12-04 00:00:00,0.8,15803,United Kingdom
538543,21029,BLUE KALMIA CERAMIC MUG,1,2010-12-12 00:00:00,3.58,15470,Spain
538544,21069,FAIRY CAKE FLANNEL ASSORTED COLOUR,4,2010-12-09 00:00:00,4.91,16092,Sweden
538545,21015,HEART OF WICKER SMALL,1,2011-02-05 00:00:00,13.06,13715,United Kingdom
538546,21075,BLUE KALMIA CERAMIC MUG,2,2011-02-13 00:00:00,3.58,13005,United Kingdom
538547,21026,HEART OF WICKER SMALL,1,2010-12-24 00:00:00,13.06,15580,Switzerland
538548,21073,HANGING METAL LANTERN,2,2011-01-12 00:00:00,12.57,14640,Portugal
538549,21068,ASSORTED COLOUR BIRD ORNAMENT,4,2010-12-01 00:00:00,2.76,16492,United Kingdom
538550,21084,FAIRY CAKE FLANNEL ASSORTED COLOUR,4,2011-02-18 00:00:00,4.91,17069,United Kingdom
538551,21079,JUMBO BAG PINK POLKADOT,1,2011-01-28 00:00:00,8.11,16333,United Kingdom
538551,21053,HOME BUILDING BLOCK WORD,4,2011-02-22 00:00:00,9.22,18261,France
538551,21029,LOVE BUILDING BLOCK WORD,4,2010-12-04 00:00:00,10.77,16488,United Kingdom
538552,21016,ASSORTED COLOUR BIRD ORNAMENT,1,2011-02-08 00:00:00,2.76,17069,Netherlands
538552,21003,CHILLI LIGHTS,3,2011-01-14 00:00:00,0.8,17876,United Kingdom
538553,21031,BLUE KALMIA CERAMIC MUG,4,2011-01-07 00:00:00,3.58,16944,Italy
538554,21072,FAIRY CAKE FLANNEL ASSORTED COLOUR,3,2011-02-24 00:00:00,4.91,13841,United Kingdom
538555,21081,HEART OF WICKER SMALL,1,2010-12-07 00:00:00,13.06,13367,France
538555,21051,PARTY BUNTING,8,2010-12-18 00:00:00,9.18,15991,United Kingdom
538555,21072,PARTY BUNTING,6,2010-12-10 00:00:00,9.18,17571,United Kingdom
538555,21035,REGENCY CAKESTAND 3 TIER,2,2010-12-05 00:00:00,14.29,15548,Portugal
538556,21068,HOME BUILDING BLOCK WORD,2,2011-01-09 00:00:00,9.22,17568,United Kingdom
538557,21007,PINK VINTAGE PAISLEY PICNIC BAG,4,2011-01-07 00:00:00,3.14,15498,United Kingdom
538558,21053,ASSORTED COLOUR BIRD ORNAMENT,5,2011-01-06 00:00:00,2.76,15041,Netherlands
538559,21010,PARTY BUNTING,4,2010-12-15 00:00:00,9.18,13709,Spain
538559,21015,CHILLI LIGHTS,3,2010-12-24 00:00:00,0.8,15928,Belgium
538559,21022,ASSORTED COLOUR BIRD ORNAMENT,1,2011-02-06 00:00:00,2.76,14781,United Kingdom
538559,21028,LUNCH BAG RED RETROSPOT,3,2010-12-07 00:00:00,2.76,18215,Spain
538560,21041,JUMBO BAG RED RETROSPOT,2,2010-12-03 00:00:00,11.11,12571,Germany
538561,21013,JUMBO BAG PINK POLKADOT,11,2011-01-11 00:00:00,8.11,14162,United Kingdom
538562,21028,CHOCOLATE HOT WATER BOTTLE,4,2010-12-11 00:00:00,6.76,18224,France
538563,21008,REGENCY CAKESTAND 3 TIER,5,2010-12-10 00:00:00,14.29,13994,France
538564,21038,PINK VINTAGE PAISLEY PICNIC BAG,5,2010-12-11 00:00:00,3.14,16944,United Kingdom
538564,21028,CHOCOLATE HOT WATER BOTTLE,6,2010-12-15 00:00:00,6.76,14551,Sweden
538564,21080,STRAWBERRY CERAMIC TRINKET POT,3,2010-12-06 00:00:00,1.34,14801,Sweden
538565,21071,WHITE HANGING HEART T-LIGHT HOLDER,2,2011-01-17 00:00:00,5.93,15648,Portugal
538566,21075,JUMBO BAG RED RETROSPOT,5,2011-01-01 00:00:00,11.11,16477,United Kingdom
538566,21028,HEART OF WICKER SMALL,6,2010-12-20 00:00:00,13.06,18037,Germany
538567,21093,LUNCH BAG RED RETROSPOT,5,2010-12-01 00:00:00,2.76,15927,Belgium
538568,21018,LUNCH BAG RED RETROSPOT,3,2010-12-05 00:00:00,2.76,12954,Netherlands
538569,21029,HANGING METAL LANTERN,1,2010-12-02 00:00:00,12.57,17921,United Kingdom
538569,21063,HOME BUILDING BLOCK WORD,1,2011-01-06 00:00:00,9.22,16200,United Kingdom
538570,21048,CHILLI LIGHTS,3,2011-02-08 00:00:00,0.8,14411,United Kingdom
538571,21025,RETROSPOT TEA SET CERAMIC 11 PC,5,2010-12-21 00:00:00,4.72,13427,United Kingdom
538572,21098,LUNCH BAG RED RETROSPOT,7,2010-12-19 00:00:00,2.76,15565,Netherlands
538572,21090,PARTY BUNTING,1,2010-12-23 00:00:00,9.18,12546,Spain
538573,21007,HANGING METAL LANTERN,1,2010-12-13 00:00:00,12.57,14611,Portugal
538574,21060,ASSORTED COLOUR BIRD ORNAMENT,2,2011-01-27 00:00:00,2.76,16643,United Kingdom
538574,21035,ASSORTED COLOUR BIRD ORNAMENT,4,2010-12-12 00:00:00,2.76,17832,Germany
538574,21017,BLUE KALMIA CERAMIC MUG,2,2011-01-24 00:00:00,3.58,15498,Netherlands
538574,21075,SET OF 3 MONOCHROME HEART MUGS,2,2011-01-25 00:00:00,3.16,15902,Belgium
538575,21026,JUMBO BAG RED RETROSPOT,1,2010-12-06 00:00:00,11.11,15700,United Kingdom
538575,21068,CHILLI LIGHTS,1,2010-12-04 00:00:00,0.8,15529,United Kingdom
538576,21014,HANGING METAL LANTERN,2,2010-12-21 00:00:00,12.57,15548,Netherlands
538577,21058,FAIRY CAKE FLANNEL ASSORTED COLOUR,1,2011-01-25 00:00:00,4.91,17754,United Kingdom
538578,21038,JUMBO BAG PINK POLKADOT,1,2010-12-18 00:00:00,8.11,13589,United Kingdom
538579,21013,HEART OF WICKER SMALL,5,2011-01-27 00:00:00,13.06,12915,Germany
538580,21025,HEART SHAPED DOUGHNUT,4,2010-12-05 00:00:00,14.56,13589,United Kingdom
538581,21033,ASSORTED COLOUR BIRD ORNAMENT,2,2011-03-04 00:00:00,2.76,13199,United Kingdom
538582,21077,JUMBO BAG PINK POLKADOT,3,2011-01-10 00:00:00,8.11,17362,United Kingdom
538582,21065,SET OF 3 MONOCHROME HEART MUGS,2,2010-12-01 00:00:00,3.16,14902,Netherlands
538583,21038,RETROSPOT TEA SET CERAMIC 11 PC,1,2011-03-15 00:00:00,4.72,15081,United Kingdom
538584,21015,PARTY BUNTING,1,2010-12-18 00:00:00,9.18,14103,United Kingdom
538584,21079,JUMBO BAG PINK POLKADOT,6,2010-12-04 00:00:00,8.11,14611,Germany
538585,21044,FAIRY CAKE FLANNEL ASSORTED COLOUR,1,2010-12-11 00:00:00,4.91,16595,United Kingdom
538586,21093,LUNCH BAG RED RETROSPOT,4,2011-03-10 00:00:00,2.76,15077,United Kingdom
538587,21032,PARTY BUNTING,1,2010-12-10 00:00:00,9.18,16860,Italy
538587,21011,PARTY BUNTING,3,2010-12-30 00:00:00,9.18,14393,United Kingdom
538588,21088,HEART SHAPED DOUGHNUT,4,2010-12-14 00:00:00,14.56,14395,Spain
538589,21058,FAIRY CAKE FLANNEL ASSORTED COLOUR,1,2010-12-02 00:00:00,4.91,14911,United Kingdom
538589,21014,PINK VINTAGE PAISLEY PICNIC BAG,3,2010-12-28 00:00:00,3.14,16339,United Kingdom
538589,21043,PARTY BUNTING,6,2010-12-19 00:00:00,9.18,15119,Portugal
538589,21039,LOVE BUILDING BLOCK WORD,2,2010-12-19 00:00:00,10.77,15445,Portugal
538590,21089,LOVE BUILDING BLOCK WORD,6,2010-12-04 00:00:00,10.77,15075,United Kingdom
538591,21060,CHILLI LIGHTS,2,2010-12-13 00:00:00,0.8,15419,United Kingdom
538591,21060,PINK VINTAGE PAISLEY PICNIC BAG,3,2011-02-04 00:00:00,3.14,17450,United Kingdom
538592,21007,ASSORTED COLOUR BIRD ORNAMENT,3,2011-01-03 00:00:00,2.76,13209,Italy
538593,21069,REGENCY CAKESTAND 3 TIER,5,2010-12-02 00:00:00,14.29,17322,Portugal
538594,21084,LUNCH BAG RED RETROSPOT,6,2010-12-13 00:00:00,2.76,13791,Switzerland
538595,21033,FAIRY CAKE FLANNEL ASSORTED COLOUR,1,2010-12-08 00:00:00,4.91,14506,United Kingdom
538595,21069,WHITE HANGING HEART T-LIGHT HOLDER,1,2010-12-14 00:00:00,5.93,12870,United Kingdom
538596,21026,LOVE BUILDING BLOCK WORD,8,2011-02-08 00:00:00,10.77,17322,Netherlands
538597,21041,LOVE BUILDING BLOCK WORD,1,2010-12-21 00:00:00,10.77,13875,United Kingdom
538597,21058,CHOCOLATE HOT WATER BOTTLE,2,2011-03-15 00:00:00,6.76,12380,United Kingdom
538598,21009,BLUE KALMIA CERAMIC MUG,5,2010-12-23 00:00:00,3.58,14709,Spain
538598,21033,WHITE HANGING HEART T-LIGHT HOLDER,1,2010-12-05 00:00:00,5.93,16289,United Kingdom
C538598,21090,CHILLI LIGHTS,1,2010-12-08 00:00:00,0.8,18103,United Kingdom
538599,21077,JUMBO BAG RED RETROSPOT,4,2010-12-05 00:00:00,11.11,12444,United Kingdom
538600,21096,LOVE BUILDING BLOCK WORD,2,2011-01-06 00:00:00,10.77,13646,Germany
538601,21089,HEART SHAPED DOUGHNUT,2,2010-12-22 00:00:00,14.56,17942,France
538601,21053,LOVE BUILDING BLOCK WORD,3,2010-12-04 00:00:00,10.77,14152,United Kingdom
538602,21058,ASSORTED COLOUR BIRD ORNAMENT,5,2010-12-19 00:00:00,2.76,17221,Germany
538602,21039,PINK VINTAGE PAISLEY PICNIC BAG,1,2010-12-24 00:00:00,3.14,18076,United Kingdom
538603,21023,REGENCY CAKESTAND 3 TIER,1,2011-01-04 00:00:00,14.29,14199,United Kingdom
538603,21034,HEART OF WICKER SMALL,4,2010-12-18 00:00:00,13.06,15405,United Kingdom
538603,21010,LOVE BUILDING BLOCK WORD,3,2010-12-06 00:00:00,10.77,13485,Portugal
538603,21048,RETROSPOT TEA SET CERAMIC 11 PC,2,2011-02-15 00:00:00,4.72,15081,United Kingdom
538604,21031,PARTY BUNTING,4,2011-03-21 00:00:00,9.18,15597,United Kingdom
538605,21044,PARTY BUNTING,2,2011-02-04 00:00:00,9.18,16944,United Kingdom
C538605,21076,PARTY BUNTING,1,2010-12-06 00:00:00,9.18,16413,Sweden
538606,21052,BLUE KALMIA CERAMIC MUG,1,2010-12-03 00:00:00,3.58,17962,Switzerland
538607,21038,FAIRY CAKE FLANNEL ASSORTED COLOUR,4,2010-12-21 00:00:00,4.91,16894,France
538608,21048,HOME BUILDING BLOCK WORD,6,2011-02-14 00:00:00,9.22,17462,United Kingdom
538609,21069,BLUE KALMIA CERAMIC MUG,1,2010-12-12 00:00:00,3.58,13009,United Kingdom
538609,21044,CHOCOLATE HOT WATER BOTTLE,1,2010-12-02 00:00:00,6.76,17938,Italy
538610,21032,LUNCH BAG RED RETROSPOT,2,2011-01-09 00:00:00,2.76,13222,United Kingdom
538611,21082,WHITE HANGING HEART T-LIGHT HOLDER,4,2010-12-25 00:00:00,5.93,17338,United Kingdom
538612,21011,LOVE BUILDING BLOCK WORD,5,2010-12-03 00:00:00,10.77,13200,United Kingdom
538613,21027,HANGING METAL LANTERN,2,2011-01-15 00:00:00,12.57,16710,United Kingdom
538614,21095,CHOCOLATE HOT WATER BOTTLE,5,2010-12-25 00:00:00,6.76,15856,United Kingdom
538615,21004,HEART SHAPED DOUGHNUT,2,2011-01-08 00:00:00,14.56,16461,Germany
538615,21073,HEART OF WICKER SMALL,9,2010-12-01 00:00:00,13.06,12362,United Kingdom
538616,21055,PINK VINTAGE PAISLEY PICNIC BAG,1,2011-01-16 00:00:00,3.14,15419,Belgium
538616,21093,LOVE BUILDING BLOCK WORD,1,2010-12-25 00:00:00,10.77,17402,Italy
538616,21032,BLUE KALMIA CERAMIC MUG,3,2010-12-09 00:00:00,3.58,17215,Spain
538617,21083,JUMBO BAG RED RETROSPOT,2,2011-04-07 00:00:00,11.11,14033,Italy
538618,21025,PINK VINTAGE PAISLEY PICNIC BAG,12,2011-01-06 00:00:00,3.14,13694,United Kingdom
538618,21050,CHILLI LIGHTS,2,2010-12-30 00:00:00,0.8,14039,Italy
538619,21024,JUMBO BAG RED RETROSPOT,8,2011-01-09 00:00:00,11.11,17964,United Kingdom
538620,21092,SET OF 3 MONOCHROME HEART MUGS,1,2011-02-08 00:00:00,3.16,14061,Portugal
538621,21069,PINK VINTAGE PAISLEY PICNIC BAG,9,2010-12-21 00:00:00,3.14,14332,United Kingdom
538622,21004,LUNCH BAG RED RETROSPOT,8,2010-12-16 00:00:00,2.76,16089,United Kingdom
538623,21031,JUMBO BAG PINK POLKADOT,2,2010-12-26 00:00:00,8.11,16894,United Kingdom
538624,21031,HEART SHAPED DOUGHNUT,6,2010-12-10 00:00:00,14.56,15079,United Kingdom
538625,21041,WHITE HANGING HEART T-LIGHT HOLDER,3,2011-01-01 00:00:00,5.93,15257,United Kingdom
538626,21087,LOVE BUILDING BLOCK WORD,4,2011-01-01 00:00:00,10.77,15702,Netherlands
538626,21037,CHOCOLATE HOT WATER BOTTLE,10,2010-12-01 00:00:00,6.76,17090,United Kingdom
538627,21058,BLUE KALMIA CERAMIC MUG,4,2010-12-08 00:00:00,3.58,15077,Germany
538628,21005,REGENCY CAKESTAND 3 TIER,1,2011-03-05 00:00:00,14.29,17594,Italy
538629,21069,FAIRY CAKE FLANNEL ASSORTED COLOUR,1,2010-12-02 00:00:00,4.91,17257,United Kingdom
538629,21031,STRAWBERRY CERAMIC TRINKET POT,3,2011-02-03 00:00:00,1.34,14958,Netherlands
538630,21063,JUMBO BAG PINK POLKADOT,1,2011-01-08 00:00:00,8.11,16230,United Kingdom
538631,21097,HOME BUILDING BLOCK WORD,2,2010-12-26 00:00:00,9.22,13494,United Kingdom
538631,21041,HOME BUILDING BLOCK WORD,2,2011-04-30 00:00:00,9.22,14152,United Kingdom
538632,21085,HOME BUILDING BLOCK WORD,5,2011-01-08 00:00:00,9.22,18223,Switzerland
538633,21092,ASSORTED COLOUR BIRD ORNAMENT,2,2011-01-03 00:00:00,2.76,17081,United Kingdom
538634,21009,ASSORTED COLOUR BIRD ORNAMENT,1,2010-12-04 00:00:00,2.76,16436,United Kingdom
538635,21062,HANGING METAL LANTERN,5,2010-12-31 00:00:00,12.57,15277,France
538636,21087,JUMBO BAG PINK POLKADOT,5,2011-01-13 00:00:00,8.11,18140,United Kingdom
538636,21007,WHITE HANGING HEART T-LIGHT HOLDER,5,2010-12-30 00:00:00,5.93,16115,United Kingdom
538636,21013,JUMBO BAG PINK POLKADOT,5,2011-01-03 00:00:00,8.11,14546,Portugal
538636,21070,JUMBO BAG PINK POLKADOT,1,2010-12-16 00:00:00,8.11,16189,Italy
538637,21057,LUNCH BAG RED RETROSPOT,3,2010-12-06 00:00:00,2.76,13791,United Kingdom
538638,21022,STRAWBERRY CERAMIC TRINKET POT,1,2010-12-15 00:00:00,1.34,15521,United Kingdom
538639,21098,PINK VINTAGE PAISLEY PICNIC BAG,1,2010-12-30 00:00:00,3.14,16089,United Kingdom
538639,21022,SET OF 3 MONOCHROME HEART MUGS,10,2010-12-14 00:00:00,3.16,13914,Belgium
538639,21041,ASSORTED COLOUR BIRD ORNAMENT,4,2010-12-09 00:00:00,2.76,14327,Italy
538640,21021,PARTY BUNTING,1,2010-12-01 00:00:00,9.18,13589,United Kingdom
538641,21047,RETROSPOT TEA SET CERAMIC 11 PC,4,2011-01-12 00:00:00,4.72,15464,Germany
538642,21056,FAIRY CAKE FLANNEL ASSORTED COLOUR,1,2010-12-09 00:00:00,4.91,15345,United Kingdom
538643,21011,HOME BUILDING BLOCK WORD,8,2011-01-05 00:00:00,9.22,16894,United Kingdom
538644,21027,CHILLI LIGHTS,1,2011-02-21 00:00:00,0.8,16413,United Kingdom
538644,21001,JUMBO BAG PINK POLKADOT,2,2010-12-25 00:00:00,8.11,17338,United Kingdom
538645,21056,HEART OF WICKER SMALL,2,2010-12-02 00:00:00,13.06,17205,United Kingdom
538646,21075,HANGING METAL LANTERN,2,2011-01-15 00:00:00,12.57,16186,Spain
538646,21047,FAIRY CAKE FLANNEL ASSORTED COLOUR,2,2011-01-24 00:00:00,4.91,13841,United Kingdom
538647,21014,LUNCH BAG RED RETROSPOT,4,2011-02-22 00:00:00,2.76,14332,France
538648,21054,HANGING METAL LANTERN,1,2010-12-25 00:00:00,12.57,14714,France
538649,21043,LUNCH BAG RED RETROSPOT,2,2011-01-18 00:00:00,2.76,15464,Germany
538650,21031,REGENCY CAKESTAND 3 TIER,4,2011-01-28 00:00:00,14.29,13500,United Kingdom
538651,21023,BLUE KALMIA CERAMIC MUG,1,2011-04-07 00:00:00,3.58,14624,Netherlands
538652,21050,LUNCH BAG RED RETROSPOT,2,2011-02-02 00:00:00,2.76,15405,United Kingdom
538653,21018,RETROSPOT TEA SET CERAMIC 11 PC,3,2011-05-17 00:00:00,4.72,15081,United Kingdom
538654,21010,STRAWBERRY CERAMIC TRINKET POT,10,2010-12-13 00:00:00,1.34,17100,France
538655,21042,ASSORTED COLOUR BIRD ORNAMENT,1,2011-01-05 00:00:00,2.76,15120,Netherlands
538656,21002,PINK VINTAGE PAISLEY PICNIC BAG,2,2010-12-06 00:00:00,3.14,14870,United Kingdom
538657,21082,CHOCOLATE HOT WATER BOTTLE,3,2011-01-11 00:00:00,6.76,13841,Spain
C538658,21006,CHOCOLATE HOT WATER BOTTLE,9,2011-02-06 00:00:00,6.76,12969,United Kingdom
538659,21086,LOVE BUILDING BLOCK WORD,1,2010-12-13 00:00:00,10.77,16841,Netherlands
538660,21069,HOME BUILDING BLOCK WORD,2,2011-01-12 00:00:00,9.22,17493,United Kingdom
538660,21070,LOVE BUILDING BLOCK WORD,2,2010-12-13 00:00:00,10.77,15791,United Kingdom
538661,21036,JUMBO BAG RED RETROSPOT,13,2010-12-26 00:00:00,11.11,18210,Portugal
538662,21066,HEART SHAPED DOUGHNUT,2,2010-12-06 00:00:00,14.56,14902,United Kingdom
538663,21018,CHILLI LIGHTS,15,2011-02-11 00:00:00,0.8,14601,United Kingdom
538664,21063,RETROSPOT TEA SET CERAMIC 11 PC,3,2010-12-19 00:00:00,4.72,17090,Italy
538665,21066,REGENCY CAKESTAND 3 TIER,2,2010-12-07 00:00:00,14.29,14646,United Kingdom
538666,21020,PARTY BUNTING,1,2010-12-09 00:00:00,9.18,15715,United Kingdom
538667,21024,HOME BUILDING BLOCK WORD,2,2010-12-18 00:00:00,9.22,17568,United Kingdom
538668,21025,CHILLI LIGHTS,2,2010-12-03 00:00:00,0.8,16018,Germany
538669,21063,CHILLI LIGHTS,2,2010-12-06 00:00:00,0.8,18261,United Kingdom
538669,21048,HOME BUILDING BLOCK WORD,1,2011-01-11 00:00:00,9.22,13914,United Kingdom
538669,21065,SET OF 3 MONOCHROME HEART MUGS,1,2010-12-08 00:00:00,3.16,15405,Spain
538670,21097,STRAWBERRY CERAMIC TRINKET POT,1,2010-12-15 00:00:00,1.34,15296,Spain
538670,21059,STRAWBERRY CERAMIC TRINKET POT,4,2010-12-13 00:00:00,1.34,16436,United Kingdom
538671,21035,LUNCH BAG RED RETROSPOT,1,2010-12-27 00:00:00,2.76,12548,Germany
538672,21018,CHOCOLATE HOT WATER BOTTLE,3,2010-12-31 00:00:00,6.76,16115,United Kingdom
538672,21029,HOME BUILDING BLOCK WORD,7,2010-12-05 00:00:00,9.22,18147,Portugal
538672,21086,HANGING METAL LANTERN,7,2010-12-04 00:00:00,12.57,16269,United Kingdom
538673,21086,PARTY BUNTING,1,2011-01-20 00:00:00,9.18,17215,United Kingdom
538673,21028,ASSORTED COLOUR BIRD ORNAMENT,1,2010-12-18 00:00:00,2.76,15989,Germany
538674,21004,REGENCY CAKESTAND 3 TIER,2,2010-12-01 00:00:00,14.29,15565,United Kingdom
538675,21034,BLUE KALMIA CERAMIC MUG,1,2011-01-21 00:00:00,3.58,13321,Italy
538676,21007,WHITE HANGING HEART T-LIGHT HOLDER,1,2010-12-12 00:00:00,5.93,15689,United Kingdom
538677,21061,CHOCOLATE HOT WATER BOTTLE,1,2011-01-02 00:00:00,6.76,12737,France
538677,21062,HEART SHAPED DOUGHNUT,1,2010-12-01 00:00:00,14.56,13846,United Kingdom
538678,21041,SET OF 3 MONOCHROME HEART MUGS,2,2011-02-27 00:00:00,3.16,14646,Spain
C538679,21064,REGENCY CAKESTAND 3 TIER,2,2010-12-20 00:00:00,14.29,13715,United Kingdom
538680,21022,HEART SHAPED DOUGHNUT,1,2011-01-16 00:00:00,14.56,17239,United Kingdom
538681,21014,PARTY BUNTING,1,2010-12-25 00:00:00,9.18,14904,United Kingdom
538682,21052,HEART SHAPED DOUGHNUT,2,2010-12-17 00:00:00,14.56,14277,Germany
538683,21060,PARTY BUNTING,1,2010-12-05 00:00:00,9.18,16269,United Kingdom
538684,21020,CHOCOLATE HOT WATER BOTTLE,4,2010-12-01 00:00:00,6.76,12535,France
538685,21045,JUMBO BAG PINK POLKADOT,4,2011-03-17 00:00:00,8.11,17971,Germany
538686,21054,WHITE HANGING HEART T-LIGHT HOLDER,3,2010-12-03 00:00:00,5.93,17857,United Kingdom
538686,21065,STRAWBERRY CERAMIC TRINKET POT,2,2011-02-24 00:00:00,1.34,14024,United Kingdom
538687,21094,RETROSPOT TEA SET CERAMIC 11 PC,6,2010-12-10 00:00:00,4.72,13637,France
538688,21032,LUNCH BAG RED RETROSPOT,6,2010-12-17 00:00:00,2.76,18224,United Kingdom
538688,21091,PINK VINTAGE PAISLEY PICNIC BAG,1,2010-12-01 00:00:00,3.14,17144,Portugal
538688,21060,JUMBO BAG RED RETROSPOT,11,2010-12-22 00:00:00,11.11,16092,United Kingdom
538689,21011,JUMBO BAG RED RETROSPOT,1,2011-01-08 00:00:00,11.11,16811,United Kingdom
538690,21085,LOVE BUILDING BLOCK WORD,3,2010-12-05 00:00:00,10.77,17578,Portugal
538691,21045,LOVE BUILDING BLOCK WORD,1,2010-12-15 00:00:00,10.77,17067,France
C538692,21074,STRAWBERRY CERAMIC TRINKET POT,1,2011-01-28 00:00:00,1.34,14831,Netherlands
538693,21037,WHITE HANGING HEART T-LIGHT HOLDER,3,2010-12-02 00:00:00,5.93,18223,United Kingdom
538694,21032,CHILLI LIGHTS,2,2010-12-25 00:00:00,0.8,18076,United Kingdom
538695,21088,JUMBO BAG RED RETROSPOT,3,2011-01-27 00:00:00,11.11,13841,United Kingdom
538695,21089,HEART SHAPED DOUGHNUT,1,2011-01-11 00:00:00,14.56,17583,Italy
538695,21040,ASSORTED COLOUR BIRD ORNAMENT,1,2011-02-14 00:00:00,2.76,14640,United Kingdom
538696,21076,CHOCOLATE HOT WATER BOTTLE,2,2010-12-12 00:00:00,6.76,15406,Portugal
538697,21017,ASSORTED COLOUR BIRD ORNAMENT,6,2010-12-16 00:00:00,2.76,18031,United Kingdom
538698,21025,REGENCY CAKESTAND 3 TIER,4,2011-01-21 00:00:00,14.29,16375,United Kingdom
538699,21090,PARTY BUNTING,2,2011-01-05 00:00:00,9.18,13391,United Kingdom
538700,21060,LUNCH BAG RED RETROSPOT,1,2010-12-15 00:00:00,2.76,15470,United Kingdom
538701,21055,JUMBO BAG RED RETROSPOT,7,2010-12-12 00:00:00,11.11,15305,United Kingdom
538702,21030,LUNCH BAG RED RETROSPOT,5,2011-01-19 00:00:00,2.76,17319,United Kingdom
538702,21071,HEART OF WICKER SMALL,2,2011-05-08 00:00:00,13.06,17322,Spain
538703,21042,JUMBO BAG RED RETROSPOT,7,2010-12-13 00:00:00,11.11,15195,United Kingdom
538704,21029,HANGING METAL LANTERN,1,2011-01-12 00:00:00,12.57,17125,United Kingdom
538704,21022,REGENCY CAKESTAND 3 TIER,5,2010-12-12 00:00:00,14.29,13994,Portugal
538705,21010,CHOCOLATE HOT WATER BOTTLE,2,2011-01-03 00:00:00,6.76,16537,United Kingdom
538705,21098,LOVE BUILDING BLOCK WORD,5,2010-12-18 00:00:00,10.77,13830,Germany
538706,21098,PARTY BUNTING,11,2011-01-18 00:00:00,9.18,18223,France
538707,21033,LUNCH BAG RED RETROSPOT,2,2010-12-09 00:00:00,2.76,14546,United Kingdom
538708,21044,HOME BUILDING BLOCK WORD,2,2010-12-23 00:00:00,9.22,17595,United Kingdom
538709,21090,HANGING METAL LANTERN,12,2010-12-03 00:00:00,12.57,17205,Portugal
538709,21073,BLUE KALMIA CERAMIC MUG,3,2011-03-04 00:00:00,3.58,13841,United Kingdom
538709,21004,CHILLI LIGHTS,1,2010-12-06 00:00:00,0.8,16092,Germany
538710,21076,CHOCOLATE HOT WATER BOTTLE,7,2011-01-10 00:00:00,6.76,14831,Netherlands
538711,21009,STRAWBERRY CERAMIC TRINKET POT,2,2010-12-09 00:00:00,1.34,15185,United Kingdom
538711,21077,JUMBO BAG PINK POLKADOT,7,2010-12-15 00:00:00,8.11,16710,United Kingdom
C538711,21069,BLUE KALMIA CERAMIC MUG,2,2011-01-26 00:00:00,3.58,17082,Germany
538711,21035,LUNCH BAG RED RETROSPOT,5,2010-12-21 00:00:00,2.76,16018,Germany
538712,21093,LUNCH BAG RED RETROSPOT,6,2011-03-09 00:00:00,2.76,14140,United Kingdom
538713,21088,RETROSPOT TEA SET CERAMIC 11 PC,2,2010-12-03 00:00:00,4.72,15565,United Kingdom
538713,21001,JUMBO BAG PINK POLKADOT,1,2011-01-24 00:00:00,8.11,16461,United Kingdom
538714,21013,SET OF 3 MONOCHROME HEART MUGS,2,2010-12-02 00:00:00,3.16,15170,United Kingdom
538715,21071,JUMBO BAG PINK POLKADOT,6,2011-01-02 00:00:00,8.11,17604,United Kingdom
538716,21019,SET OF 3 MONOCHROME HEART MUGS,6,2011-01-07 00:00:00,3.16,18193,United Kingdom
538717,21076,SET OF 3 MONOCHROME HEART MUGS,3,2010-12-26 00:00:00,3.16,18021,Spain
538718,21052,PINK VINTAGE PAISLEY PICNIC BAG,3,2011-01-27 00:00:00,3.14,14053,France
538719,21052,HANGING METAL LANTERN,2,2010-12-02 00:00:00,12.57,17788,United Kingdom
538719,21081,REGENCY CAKESTAND 3 TIER,8,2010-12-27 00:00:00,14.29,13943,United Kingdom
538720,21079,LUNCH BAG RED RETROSPOT,1,2011-02-03 00:00:00,2.76,16360,United Kingdom
538721,21093,JUMBO BAG PINK POLKADOT,10,2011-03-07 00:00:00,8.11,14189,United Kingdom
538722,21072,LUNCH BAG RED RETROSPOT,2,2011-01-07 00:00:00,2.76,13914,United Kingdom
538723,21013,PARTY BUNTING,3,2010-12-20 00:00:00,9.18,15991,Italy
538724,21058,JUMBO BAG PINK POLKADOT,3,2010-12-14 00:00:00,8.11,13405,United Kingdom
538724,21010,RETROSPOT TEA SET CERAMIC 11 PC,1,2010-12-02 00:00:00,4.72,13715,United Kingdom
538724,21005,WHITE HANGING HEART T-LIGHT HOLDER,1,2010-12-22 00:00:00,5.93,17946,United Kingdom
538725,21033,LOVE BUILDING BLOCK WORD,3,2010-12-01 00:00:00,10.77,18201,United Kingdom
538725,21057,STRAWBERRY CERAMIC TRINKET POT,5,2011-03-11 00:00:00,1.34,14551,Belgium
538726,21049,HANGING METAL LANTERN,2,2011-01-22 00:00:00,12.57,17125,United Kingdom
538726,21049,HEART OF WICKER SMALL,3,2011-03-27 00:00:00,13.06,17850,United Kingdom
538727,21030,ASSORTED COLOUR BIRD ORNAMENT,1,2010-12-23 00:00:00,2.76,15650,France
538727,21097,ASSORTED COLOUR BIRD ORNAMENT,1,2010-12-08 00:00:00,2.76,16018,Spain
538728,21073,PINK VINTAGE PAISLEY PICNIC BAG,1,2010-12-01 00:00:00,3.14,16360,United Kingdom
538729,21046,RETROSPOT TEA SET CERAMIC 11 PC,7,2010-12-30 00:00:00,4.72,14009,United Kingdom
538729,21026,ASSORTED COLOUR BIRD ORNAMENT,5,2010-12-01 00:00:00,2.76,12543,United Kingdom
538730,21072,ASSORTED COLOUR BIRD ORNAMENT,7,2011-01-08 00:00:00,2.76,17279,Italy
538731,21068,STRAWBERRY CERAMIC TRINKET POT,1,2010-12-11 00:00:00,1.34,14344,France
538732,21082,SET OF 3 MONOCHROME HEART MUGS,3,2011-02-24 00:00:00,3.16,14407,France
538732,21010,BLUE KALMIA CERAMIC MUG,3,2010-12-14 00:00:00,3.58,15892,Spain
538733,21048,ASSORTED COLOUR BIRD ORNAMENT,3,2011-01-07 00:00:00,2.76,16992,Portugal
538734,21060,CHILLI LIGHTS,1,2010-12-02 00:00:00,0.8,13791,Belgium
538734,21033,HANGING METAL LANTERN,4,2010-12-14 00:00:00,12.57,12410,United Kingdom
538735,21065,RETROSPOT TEA SET CERAMIC 11 PC,8,2011-01-14 00:00:00,4.72,13830,Netherlands
538736,21020,HOME BUILDING BLOCK WORD,1,2010-12-06 00:00:00,9.22,17534,United Kingdom
538737,21093,CHILLI LIGHTS,5,2011-01-31 00:00:00,0.8,17976,Sweden
538737,21082,STRAWBERRY CERAMIC TRINKET POT,3,2010-12-16 00:00:00,1.34,15607,United Kingdom
538737,21087,PINK VINTAGE PAISLEY PICNIC BAG,1,2010-12-19 00:00:00,3.14,13715,United Kingdom
538738,21063,JUMBO BAG RED RETROSPOT,1,2010-12-17 00:00:00,11.11,13216,United Kingdom
538739,21081,LUNCH BAG RED RETROSPOT,8,2010-12-27 00:00:00,2.76,18238,United Kingdom
538739,21094,STRAWBERRY CERAMIC TRINKET POT,4,2010-12-16 00:00:00,1.34,16461,United Kingdom
538740,21039,STRAWBERRY CERAMIC TRINKET POT,4,2010-12-28 00:00:00,1.34,17946,Germany
538741,21011,CHILLI LIGHTS,3,2010-12-09 00:00:00,0.8,18223,United Kingdom
538742,21049,PARTY BUNTING,1,2011-01-27 00:00:00,9.18,17279,United Kingdom
538743,21076,ASSORTED COLOUR BIRD ORNAMENT,1,2010-12-22 00:00:00,2.76,17595,Portugal
538743,21052,WHITE HANGING HEART T-LIGHT HOLDER,6,2010-12-06 00:00:00,5.93,17796,United Kingdom
538744,21010,STRAWBERRY CERAMIC TRINKET POT,2,2010-12-03 00:00:00,1.34,14857,United Kingdom
538745,21034,LOVE BUILDING BLOCK WORD,2,2011-01-02 00:00:00,10.77,16839,United Kingdom
538746,21088,WHITE HANGING HEART T-LIGHT HOLDER,4,2011-01-01 00:00:00,5.93,16811,United Kingdom
538747,21035,JUMBO BAG PINK POLKADOT,7,2010-12-24 00:00:00,8.11,15170,United Kingdom
538748,21050,RETROSPOT TEA SET CERAMIC 11 PC,9,2010-12-12 00:00:00,4.72,14416,United Kingdom
538748,21034,JUMBO BAG RED RETROSPOT,1,2010-12-20 00:00:00,11.11,17144,Netherlands
538748,21079,CHILLI LIGHTS,1,2011-01-31 00:00:00,0.8,15803,Belgium
538749,21027,HEART OF WICKER SMALL,2,2011-01-13 00:00:00,13.06,15493,United Kingdom
538750,21040,HEART OF WICKER SMALL,1,2010-12-10 00:00:00,13.06,17885,France
538751,21044,RETROSPOT TEA SET CERAMIC 11 PC,2,2010-12-04 00:00:00,4.72,16269,United Kingdom
538752,21096,FAIRY CAKE FLANNEL ASSORTED COLOUR,5,2010-12-06 00:00:00,4.91,16094,United Kingdom
538753,21095,LOVE BUILDING BLOCK WORD,1,2011-02-06 00:00:00,10.77,15047,United Kingdom
538754,21005,FAIRY CAKE FLANNEL ASSORTED COLOUR,2,2011-01-04 00:00:00,4.91,17946,France
538754,21005,HOME BUILDING BLOCK WORD,1,2011-01-03 00:00:00,9.22,16860,United Kingdom
538754,21098,RETROSPOT TEA SET CERAMIC 11 PC,2,2011-02-14 00:00:00,4.72,17571,United Kingdom
538755,21025,WHITE HANGING HEART T-LIGHT HOLDER,1,2010-12-09 00:00:00,5.93,17946,Germany
538755,21092,JUMBO BAG PINK POLKADOT,1,2010-12-27 00:00:00,8.11,15090,Netherlands
538756,21093,LOVE BUILDING BLOCK WORD,2,2010-12-10 00:00:00,10.77,14332,United Kingdom
538757,21037,JUMBO BAG PINK POLKADOT,1,2010-12-23 00:00:00,8.11,13209,United Kingdom
538758,21060,JUMBO BAG PINK POLKADOT,1,2010-12-06 00:00:00,8.11,16200,France
538759,21081,RETROSPOT TEA SET CERAMIC 11 PC,5,2010-12-29 00:00:00,4.72,12362,United Kingdom
538759,21020,CHILLI LIGHTS,3,2011-01-18 00:00:00,0.8,13621,Belgium
538760,21040,JUMBO BAG RED RETROSPOT,1,2010-12-24 00:00:00,11.11,14601,United Kingdom
538761,21032,PARTY BUNTING,6,2011-01-06 00:00:00,9.18,16436,Italy
538762,21026,SET OF 3 MONOCHROME HEART MUGS,6,2010-12-03 00:00:00,3.16,17098,Netherlands
538763,21058,HEART SHAPED DOUGHNUT,2,2011-01-12 00:00:00,14.56,17480,Switzerland
538763,21051,HEART SHAPED DOUGHNUT,2,2010-12-03 00:00:00,14.56,15700,United Kingdom
538764,21012,HOME BUILDING BLOCK WORD,1,2011-04-07 00:00:00,9.22,18238,United Kingdom
538765,21095,JUMBO BAG PINK POLKADOT,3,2010-12-27 00:00:00,8.11,15618,France
538766,21016,LUNCH BAG RED RETROSPOT,2,2010-12-24 00:00:00,2.76,14024,Spain
538767,21044,STRAWBERRY CERAMIC TRINKET POT,4,2010-12-26 00:00:00,1.34,12926,United Kingdom
538767,21002,REGENCY CAKESTAND 3 TIER,2,2010-12-25 00:00:00,14.29,12883,Portugal
538767,21037,HEART OF WICKER SMALL,1,2010-12-17 00:00:00,13.06,12905,United Kingdom
538768,21067,CHOCOLATE HOT WATER BOTTLE,1,2010-12-01 00:00:00,6.76,14837,France
538769,21088,HEART OF WICKER SMALL,4,2010-12-31 00:00:00,13.06,15296,United Kingdom
538770,21029,JUMBO BAG PINK POLKADOT,4,2010-12-04 00:00:00,8.11,14024,Belgium
538771,21096,STRAWBERRY CERAMIC TRINKET POT,9,2010-12-04 00:00:00,1.34,13875,France
538772,21056,LUNCH BAG RED RETROSPOT,1,2010-12-28 00:00:00,2.76,15902,United Kingdom
538773,21008,LUNCH BAG RED RETROSPOT,1,2010-12-08 00:00:00,2.76,12380,United Kingdom
538774,21058,JUMBO BAG PINK POLKADOT,2,2010-12-14 00:00:00,8.11,16042,United Kingdom
538775,21082,PINK VINTAGE PAISLEY PICNIC BAG,8,2010-12-21 00:00:00,3.14,13428,United Kingdom
538775,21040,HEART OF WICKER SMALL,2,2011-01-12 00:00:00,13.06,13302,United Kingdom
538775,21022,BLUE KALMIA CERAMIC MUG,3,2010-12-15 00:00:00,3.58,13824,Germany
538776,21045,SET OF 3 MONOCHROME HEART MUGS,1,2011-01-08 00:00:00,3.16,17434,United Kingdom
538777,21017,HOME BUILDING BLOCK WORD,2,2010-12-13 00:00:00,9.22,18229,France
538777,21004,RETROSPOT TEA SET CERAMIC 11 PC,4,2010-12-31 00:00:00,4.72,12905,Netherlands
538778,21070,LOVE BUILDING BLOCK WORD,4,2011-03-17 00:00:00,10.77,17322,United Kingdom
538779,21081,CHILLI LIGHTS,3,2010-12-01 00:00:00,0.8,17518,Spain
538780,21010,LUNCH BAG RED RETROSPOT,6,2010-12-13 00:00:00,2.76,16069,United Kingdom
538781,21029,WHITE HANGING HEART T-LIGHT HOLDER,2,2011-02-19 00:00:00,5.93,15277,United Kingdom
538782,21005,BLUE KALMIA CERAMIC MUG,2,2010-12-22 00:00:00,3.58,13530,Germany
538783,21073,RETROSPOT TEA SET CERAMIC 11 PC,5,2010-12-18 00:00:00,4.72,12969,Germany
538783,21005,CHILLI LIGHTS,7,2011-01-09 00:00:00,0.8,15079,United Kingdom
538784,21019,LUNCH BAG RED RETROSPOT,3,2011-01-31 00:00:00,2.76,13875,United Kingdom
538785,21022,BLUE KALMIA CERAMIC MUG,1,2011-02-05 00:00:00,3.58,13621,France
538786,21053,RETROSPOT TEA SET CERAMIC 11 PC,8,2010-12-12 00:00:00,4.72,13816,United Kingdom
538787,21035,LOVE BUILDING BLOCK WORD,1,2010-12-04 00:00:00,10.77,14971,Germany
538788,21087,RETROSPOT TEA SET CERAMIC 11 PC,4,2010-12-12 00:00:00,4.72,16339,United Kingdom
538789,21051,REGENCY CAKESTAND 3 TIER,1,2010-12-21 00:00:00,14.29,13130,United Kingdom
538790,21024,RETROSPOT TEA SET CERAMIC 11 PC,2,2011-03-11 00:00:00,4.72,14080,United Kingdom
538791,21086,RETROSPOT TEA SET CERAMIC 11 PC,1,2011-01-06 00:00:00,4.72,17657,United Kingdom
538791,21038,CHILLI LIGHTS,6,2011-01-03 00:00:00,0.8,17523,Switzerland
538791,21010,RETROSPOT TEA SET CERAMIC 11 PC,5,2010-12-03 00:00:00,4.72,16109,United Kingdom
538792,21082,JUMBO BAG PINK POLKADOT,1,2010-12-04 00:00:00,8.11,16236,United Kingdom
538792,21032,WHITE HANGING HEART T-LIGHT HOLDER,9,2011-03-02 00:00:00,5.93,18085,United Kingdom
538793,21072,ASSORTED COLOUR BIRD ORNAMENT,3,2011-01-01 00:00:00,2.76,15405,United Kingdom
538793,21076,FAIRY CAKE FLANNEL ASSORTED COLOUR,1,2011-01-09 00:00:00,4.91,15803,United Kingdom
538794,21054,JUMBO BAG RED RETROSPOT,4,2010-12-06 00:00:00,11.11,15516,United Kingdom
538795,21033,LUNCH BAG RED RETROSPOT,14,2010-12-05 00:00:00,2.76,17319,Portugal
538796,21009,PARTY BUNTING,1,2010-12-02 00:00:00,9.18,13121,United Kingdom
538796,21041,JUMBO BAG RED RETROSPOT,5,2011-03-13 00:00:00,11.11,16403,United Kingdom
538796,21020,FAIRY CAKE FLANNEL ASSORTED COLOUR,2,2010-12-04 00:00:00,4.91,15516,Belgium
538797,21017,LOVE BUILDING BLOCK WORD,2,2011-04-28 00:00:00,10.77,12905,United Kingdom
538798,21062,FAIRY CAKE FLANNEL ASSORTED COLOUR,6,2010-12-02 00:00:00,4.91,15601,United Kingdom
538798,21046,ASSORTED COLOUR BIRD ORNAMENT,1,2010-12-18 00:00:00,2.76,12535,United Kingdom
538798,21077,REGENCY CAKESTAND 3 TIER,3,2011-01-09 00:00:00,14.29,15184,Germany
538799,21013,RETROSPOT TEA SET CERAMIC 11 PC,5,2011-01-06 00:00:00,4.72,14646,United Kingdom
538800,21073,REGENCY CAKESTAND 3 TIER,3,2010-12-08 00:00:00,14.29,14039,United Kingdom
538801,21008,HEART OF WICKER SMALL,3,2010-12-07 00:00:00,13.06,17125,Germany
538802,21046,JUMBO BAG PINK POLKADOT,1,2010-12-10 00:00:00,8.11,18200,United Kingdom
538803,21018,HANGING METAL LANTERN,2,2011-02-16 00:00:00,12.57,17123,Portugal
538804,21049,CHOCOLATE HOT WATER BOTTLE,2,2011-01-06 00:00:00,6.76,14140,United Kingdom
538805,21094,HEART OF WICKER SMALL,3,2010-12-13 00:00:00,13.06,13914,United Kingdom
538806,21089,STRAWBERRY CERAMIC TRINKET POT,2,2010-12-26 00:00:00,1.34,12506,United Kingdom
C538807,21042,CHOCOLATE HOT WATER BOTTLE,6,2010-12-06 00:00:00,6.76,15688,Switzerland
538808,21026,LUNCH BAG RED RETROSPOT,9,2011-01-01 00:00:00,2.76,14061,United Kingdom
538809,21055,HANGING METAL LANTERN,1,2011-01-26 00:00:00,12.57,13994,Belgium
538810,21062,SET OF 3 MONOCHROME HEART MUGS,5,2010-12-02 00:00:00,3.16,12548,Belgium
538810,21073,STRAWBERRY CERAMIC TRINKET POT,4,2010-12-03 00:00:00,1.34,14327,United Kingdom
538810,21030,REGENCY CAKESTAND 3 TIER,16,2010-12-06 00:00:00,14.29,16564,United Kingdom
538811,21086,CHILLI LIGHTS,7,2011-03-05 00:00:00,0.8,12683,United Kingdom
538812,21083,LOVE BUILDING BLOCK WORD,3,2010-12-07 00:00:00,10.77,16115,Germany
538813,21025,LOVE BUILDING BLOCK WORD,1,2010-12-09 00:00:00,10.77,16992,Portugal
538814,21037,LUNCH BAG RED RETROSPOT,5,2010-12-03 00:00:00,2.76,14646,France
538815,21033,ASSORTED COLOUR BIRD ORNAMENT,15,2010-12-15 00:00:00,2.76,18037,France
538816,21022,ASSORTED COLOUR BIRD ORNAMENT,2,2011-01-14 00:00:00,2.76,14148,France
538817,21045,CHILLI LIGHTS,1,2011-01-09 00:00:00,0.8,18265,United Kingdom
538817,21002,WHITE HANGING HEART T-LIGHT HOLDER,1,2010-12-14 00:00:00,5.93,14781,Germany
538818,21035,FAIRY CAKE FLANNEL ASSORTED COLOUR,4,2010-12-12 00:00:00,4.91,18137,United Kingdom
538819,21071,PINK VINTAGE PAISLEY PICNIC BAG,2,2010-12-03 00:00:00,3.14,15743,United Kingdom
538820,21089,REGENCY CAKESTAND 3 TIER,2,2010-12-07 00:00:00,14.29,16137,United Kingdom
538820,21068,ASSORTED COLOUR BIRD ORNAMENT,3,2010-12-18 00:00:00,2.76,14958,United Kingdom
538820,21068,HANGING METAL LANTERN,1,2011-02-04 00:00:00,12.57,16333,Spain
538820,21054,JUMBO BAG PINK POLKADOT,3,2010-12-11 00:00:00,8.11,12905,United Kingdom
538821,21045,HOME BUILDING BLOCK WORD,5,2010-12-13 00:00:00,9.22,15077,France
538822,21002,PARTY BUNTING,2,2010-12-13 00:00:00,9.18,16436,France
538823,21007,CHOCOLATE HOT WATER BOTTLE,7,2011-01-22 00:00:00,6.76,17604,United Kingdom
538824,21088,FAIRY CAKE FLANNEL ASSORTED COLOUR,1,2011-01-19 00:00:00,4.91,17090,United Kingdom
538824,21059,HEART SHAPED DOUGHNUT,6,2010-12-07 00:00:00,14.56,17583,Italy
538824,21028,FAIRY CAKE FLANNEL ASSORTED COLOUR,2,2010-12-10 00:00:00,4.91,16842,Portugal
538824,21036,CHOCOLATE HOT WATER BOTTLE,1,2011-01-11 00:00:00,6.76,15454,United Kingdom
538825,21039,JUMBO BAG PINK POLKADOT,1,2011-01-17 00:00:00,8.11,17832,France
538826,21043,PINK VINTAGE PAISLEY PICNIC BAG,1,2010-12-12 00:00:00,3.14,15405,United Kingdom
538827,21075,LUNCH BAG RED RETROSPOT,5,2011-01-20 00:00:00,2.76,16236,France
538827,21034,JUMBO BAG RED RETROSPOT,5,2010-12-23 00:00:00,11.11,16687,United Kingdom
538828,21018,SET OF 3 MONOCHROME HEART MUGS,1,2010-12-14 00:00:00,3.16,14024,United Kingdom
538828,21054,JUMBO BAG PINK POLKADOT,5,2010-12-08 00:00:00,8.11,17081,United Kingdom
538829,21025,PINK VINTAGE PAISLEY PICNIC BAG,9,2010-12-22 00:00:00,3.14,18223,United Kingdom
538830,21083,SET OF 3 MONOCHROME HEART MUGS,4,2011-01-29 00:00:00,3.16,15119,United Kingdom
538831,21089,JUMBO BAG RED RETROSPOT,2,2010-12-12 00:00:00,11.11,16115,Belgium
538832,21019,SET OF 3 MONOCHROME HEART MUGS,5,2010-12-24 00:00:00,3.16,13613,United Kingdom
538832,21057,BLUE KALMIA CERAMIC MUG,1,2011-02-25 00:00:00,3.58,17125,United Kingdom
538833,21066,HANGING METAL LANTERN,5,2010-12-16 00:00:00,12.57,13709,United Kingdom
538833,21095,HOME BUILDING BLOCK WORD,4,2010-12-11 00:00:00,9.22,13994,United Kingdom
538834,21083,HEART OF WICKER SMALL,9,2011-01-03 00:00:00,13.06,14328,United Kingdom
538834,21026,HEART OF WICKER SMALL,1,2011-02-10 00:00:00,13.06,18085,United Kingdom
538834,21094,CHILLI LIGHTS,2,2010-12-08 00:00:00,0.8,15991,United Kingdom
538835,21033,HANGING METAL LANTERN,2,2010-12-12 00:00:00,12.57,16988,Switzerland
538836,21024,STRAWBERRY CERAMIC TRINKET POT,7,2011-01-26 00:00:00,1.34,15296,Germany
538836,21092,WHITE HANGING HEART T-LIGHT HOLDER,2,2010-12-03 00:00:00,5.93,12350,United Kingdom
538836,21054,LUNCH BAG RED RETROSPOT,3,2010-12-21 00:00:00,2.76,14162,Switzerland
538837,21052,FAIRY CAKE FLANNEL ASSORTED COLOUR,1,2010-12-15 00:00:00,4.91,15673,United Kingdom
538837,21006,CHILLI LIGHTS,7,2010-12-10 00:00:00,0.8,14583,Spain
538838,21046,RETROSPOT TEA SET CERAMIC 11 PC,1,2010-12-09 00:00:00,4.72,16894,Spain
538839,21034,STRAWBERRY CERAMIC TRINKET POT,5,2010-12-04 00:00:00,1.34,15195,Germany
538840,21087,SET OF 3 MONOCHROME HEART MUGS,2,2010-12-02 00:00:00,3.16,15257,United Kingdom
538841,21011,JUMBO BAG PINK POLKADOT,3,2010-12-22 00:00:00,8.11,14781,Belgium
538842,21003,HEART OF WICKER SMALL,12,2011-05-11 00:00:00,13.06,14039,United Kingdom
538842,21051,SET OF 3 MONOCHROME HEART MUGS,4,2011-04-16 00:00:00,3.16,13916,United Kingdom
538842,21064,ASSORTED COLOUR BIRD ORNAMENT,2,2010-12-25 00:00:00,2.76,16488,United Kingdom
538842,21013,WHITE HANGING HEART T-LIGHT HOLDER,3,2011-01-23 00:00:00,5.93,15450,United Kingdom
538842,21066,LUNCH BAG RED RETROSPOT,1,2010-12-08 00:00:00,2.76,14152,Portugal
538842,21043,BLUE KALMIA CERAMIC MUG,4,2011-01-02 00:00:00,3.58,16628,United Kingdom
538843,21025,PARTY BUNTING,3,2010-12-03 00:00:00,9.18,15464,United Kingdom
538844,21085,BLUE KALMIA CERAMIC MUG,7,2011-03-18 00:00:00,3.58,12571,United Kingdom
538845,21069,CHOCOLATE HOT WATER BOTTLE,4,2011-01-17 00:00:00,6.76,14189,Spain
538846,21061,SET OF 3 MONOCHROME HEART MUGS,1,2010-12-17 00:00:00,3.16,16759,Germany
C538847,21078,HANGING METAL LANTERN,1,2011-01-09 00:00:00,12.57,16687,Netherlands
538848,21099,PINK VINTAGE PAISLEY PICNIC BAG,1,2011-01-15 00:00:00,3.14,16076,United Kingdom
538849,21003,ASSORTED COLOUR BIRD ORNAMENT,5,2011-02-12 00:00:00,2.76,12926,United Kingdom
538850,21040,CHILLI LIGHTS,2,2010-12-06 00:00:00,0.8,16929,Germany
538851,21073,JUMBO BAG RED RETROSPOT,1,2010-12-08 00:00:00,11.11,13496,United Kingdom
538851,21038,HEART SHAPED DOUGHNUT,5,2010-12-08 00:00:00,14.56,14028,United Kingdom
538852,21090,HEART SHAPED DOUGHNUT,4,2010-12-13 00:00:00,14.56,13150,United Kingdom
C538853,21043,HOME BUILDING BLOCK WORD,1,2010-12-02 00:00:00,9.22,13613,Belgium
538854,21097,BLUE KALMIA CERAMIC MUG,18,2010-12-02 00:00:00,3.58,15419,United Kingdom
538854,21080,PARTY BUNTING,2,2011-02-23 00:00:00,9.18,13694,United Kingdom
538854,21086,HEART OF WICKER SMALL,3,2010-12-02 00:00:00,13.06,17126,United Kingdom
538855,21064,HANGING METAL LANTERN,4,2011-01-08 00:00:00,12.57,15660,Italy
538855,21058,ASSORTED COLOUR BIRD ORNAMENT,6,2010-12-15 00:00:00,2.76,15607,United Kingdom
538856,21019,WHITE HANGING HEART T-LIGHT HOLDER,1,2010-12-19 00:00:00,5.93,16144,United Kingdom
538856,21023,CHOCOLATE HOT WATER BOTTLE,7,2011-01-03 00:00:00,6.76,14387,Sweden
538857,21014,REGENCY CAKESTAND 3 TIER,2,2010-12-02 00:00:00,14.29,17519,United Kingdom
538858,21076,JUMBO BAG RED RETROSPOT,2,2011-01-20 00:00:00,11.11,13715,Italy
538858,21022,BLUE KALMIA CERAMIC MUG,3,2011-02-02 00:00:00,3.58,17067,Germany
538858,21084,CHILLI LIGHTS,1,2010-12-21 00:00:00,0.8,14487,France
538859,21034,PINK VINTAGE PAISLEY PICNIC BAG,2,2010-12-12 00:00:00,3.14,14025,United Kingdom
538860,21084,PARTY BUNTING,7,2011-02-11 00:00:00,9.18,13197,Spain
538860,21065,FAIRY CAKE FLANNEL ASSORTED COLOUR,1,2010-12-05 00:00:00,4.91,18031,France
538860,21007,BLUE KALMIA CERAMIC MUG,2,2010-12-12 00:00:00,3.58,13530,Italy
538861,21059,PARTY BUNTING,3,2011-01-20 00:00:00,9.18,16416,Sweden
538862,21007,SET OF 3 MONOCHROME HEART MUGS,9,2010-12-08 00:00:00,3.16,15307,Portugal
538863,21016,BLUE KALMIA CERAMIC MUG,3,2010-12-07 00:00:00,3.58,14042,United Kingdom
538864,21079,LOVE BUILDING BLOCK WORD,1,2010-12-10 00:00:00,10.77,14277,France
538865,21048,RETROSPOT TEA SET CERAMIC 11 PC,1,2011-01-11 00:00:00,4.72,15852,United Kingdom
538866,21040,WHITE HANGING HEART T-LIGHT HOLDER,3,2011-02-01 00:00:00,5.93,15660,Germany
538867,21012,ASSORTED COLOUR BIRD ORNAMENT,3,2011-01-08 00:00:00,2.76,17215,Switzerland
538868,21017,PARTY BUNTING,1,2010-12-08 00:00:00,9.18,17215,United Kingdom
538868,21043,HEART OF WICKER SMALL,3,2010-12-09 00:00:00,13.06,14079,France
538869,21017,STRAWBERRY CERAMIC TRINKET POT,2,2010-12-09 00:00:00,1.34,13150,Belgium
538869,21011,FAIRY CAKE FLANNEL ASSORTED COLOUR,7,2010-12-31 00:00:00,4.91,12350,United Kingdom
538870,21006,RETROSPOT TEA SET CERAMIC 11 PC,2,2011-01-30 00:00:00,4.72,13816,United Kingdom
538871,21090,HANGING METAL LANTERN,2,2011-01-24 00:00:00,12.57,13613,United Kingdom
538872,21061,WHITE HANGING HEART T-LIGHT HOLDER,5,2010-12-01 00:00:00,5.93,15322,Italy
538873,21099,LUNCH BAG RED RETROSPOT,6,2010-12-28 00:00:00,2.76,16929,United Kingdom
538874,21035,SET OF 3 MONOCHROME HEART MUGS,2,2011-01-25 00:00:00,3.16,14344,France
538874,21082,PARTY BUNTING,4,2010-12-02 00:00:00,9.18,13361,Belgium
538875,21001,LOVE BUILDING BLOCK WORD,4,2010-12-22 00:00:00,10.77,17450,Netherlands
C538876,21040,ASSORTED COLOUR BIRD ORNAMENT,7,2010-12-11 00:00:00,2.76,16643,United Kingdom
538877,21022,LUNCH BAG RED RETROSPOT,4,2010-12-06 00:00:00,2.76,13621,Germany
538878,21058,STRAWBERRY CERAMIC TRINKET POT,6,2010-12-12 00:00:00,1.34,17319,France
538879,21095,PINK VINTAGE PAISLEY PICNIC BAG,1,2010-12-04 00:00:00,3.14,15648,Netherlands
538879,21008,REGENCY CAKESTAND 3 TIER,12,2010-12-07 00:00:00,14.29,13374,France
538879,21019,LOVE BUILDING BLOCK WORD,1,2011-01-11 00:00:00,10.77,13791,United Kingdom
538879,21092,LUNCH BAG RED RETROSPOT,3,2011-01-18 00:00:00,2.76,17144,Netherlands
538880,21028,SET OF 3 MONOCHROME HEART MUGS,1,2010-12-05 00:00:00,3.16,13055,United Kingdom
538881,21071,PARTY BUNTING,2,2010-12-02 00:00:00,9.18,13086,United Kingdom
538881,21013,JUMBO BAG PINK POLKADOT,1,2010-12-24 00:00:00,8.11,13841,United Kingdom
538882,21030,HANGING METAL LANTERN,1,2010-12-09 00:00:00,12.57,12587,United Kingdom
538882,21014,JUMBO BAG PINK POLKADOT,1,2011-01-01 00:00:00,8.11,13224,United Kingdom
538883,21005,RETROSPOT TEA SET CERAMIC 11 PC,2,2010-12-01 00:00:00,4.72,16230,United Kingdom
538884,21010,CHOCOLATE HOT WATER BOTTLE,4,2011-01-01 00:00:00,6.76,14344,United Kingdom
538885,21037,SET OF 3 MONOCHROME HEART MUGS,1,2010-12-24 00:00:00,3.16,13045,Spain
538886,21033,ASSORTED COLOUR BIRD ORNAMENT,4,2011-01-07 00:00:00,2.76,16094,Germany
538887,21062,LOVE BUILDING BLOCK WORD,2,2011-01-14 00:00:00,10.77,13367,United Kingdom
538888,21042,RETROSPOT TEA SET CERAMIC 11 PC,6,2010-12-15 00:00:00,4.72,12647,Italy
538889,21086,JUMBO BAG PINK POLKADOT,7,2010-12-23 00:00:00,8.11,15195,Switzerland
538890,21040,HEART SHAPED DOUGHNUT,7,2010-12-21 00:00:00,14.56,12462,France
538890,21093,ASSORTED COLOUR BIRD ORNAMENT,1,2011-02-20 00:00:00,2.76,12725,Portugal
538891,21006,JUMBO BAG PINK POLKADOT,6,2011-05-06 00:00:00,8.11,12946,United Kingdom
538892,21044,SET OF 3 MONOCHROME HEART MUGS,5,2010-12-06 00:00:00,3.16,13362,United Kingdom
538893,21099,HEART OF WICKER SMALL,2,2010-12-20 00:00:00,13.06,12981,Portugal
538893,21063,BLUE KALMIA CERAMIC MUG,8,2011-01-31 00:00:00,3.58,15537,United Kingdom
538894,21083,HANGING METAL LANTERN,2,2010-12-08 00:00:00,12.57,12905,United Kingdom
538895,21043,SET OF 3 MONOCHROME HEART MUGS,4,2011-01-01 00:00:00,3.16,12909,United Kingdom
538896,21065,JUMBO BAG RED RETROSPOT,9,2010-12-12 00:00:00,11.11,13321,United Kingdom
538896,21028,RETROSPOT TEA SET CERAMIC 11 PC,2,2010-12-23 00:00:00,4.72,15618,Spain
538896,21081,CHOCOLATE HOT WATER BOTTLE,4,2010-12-08 00:00:00,6.76,12587,United Kingdom
538896,21065,WHITE HANGING HEART T-LIGHT HOLDER,1,2011-01-23 00:00:00,5.93,18031,United Kingdom
538897,21092,PINK VINTAGE PAISLEY PICNIC BAG,4,2010-12-02 00:00:00,3.14,16209,Spain
538898,21044,HEART OF WICKER SMALL,3,2010-12-11 00:00:00,13.06,15397,United Kingdom
538899,21027,LUNCH BAG RED RETROSPOT,1,2010-12-16 00:00:00,2.76,15673,Netherlands
538900,21098,HOME BUILDING BLOCK WORD,4,2010-12-13 00:00:00,9.22,15277,United Kingdom
538901,21085,JUMBO BAG RED RETROSPOT,2,2010-12-13 00:00:00,11.11,18252,United Kingdom
538902,21032,PARTY BUNTING,2,2010-12-09 00:00:00,9.18,13428,United Kingdom
538903,21032,HEART SHAPED DOUGHNUT,2,2010-12-04 00:00:00,14.56,12926,France
538903,21098,SET OF 3 MONOCHROME HEART MUGS,2,2011-03-18 00:00:00,3.16,15700,Germany
538904,21055,JUMBO BAG RED RETROSPOT,7,2011-01-22 00:00:00,11.11,14010,United Kingdom
538905,21070,HEART OF WICKER SMALL,2,2010-12-27 00:00:00,13.06,15464,Belgium
538906,21014,HEART OF WICKER SMALL,1,2010-12-23 00:00:00,13.06,13496,United Kingdom
538907,21067,FAIRY CAKE FLANNEL ASSORTED COLOUR,3,2011-01-15 00:00:00,4.91,17927,United Kingdom
538908,21042,JUMBO BAG RED RETROSPOT,2,2010-12-10 00:00:00,11.11,14053,France
538909,21003,REGENCY CAKESTAND 3 TIER,3,2011-01-12 00:00:00,14.29,15529,United Kingdom
538910,21048,HANGING METAL LANTERN,5,2010-12-14 00:00:00,12.57,17075,United Kingdom
C538910,21099,CHOCOLATE HOT WATER BOTTLE,8,2010-12-07 00:00:00,6.76,14162,United Kingdom
538910,21052,WHITE HANGING HEART T-LIGHT HOLDER,3,2010-12-31 00:00:00,5.93,12362,United Kingdom
538911,21090,FAIRY CAKE FLANNEL ASSORTED COLOUR,3,2011-01-08 00:00:00,4.91,16545,United Kingdom
538912,21029,BLUE KALMIA CERAMIC MUG,1,2011-01-03 00:00:00,3.58,16042,Germany
538913,21035,CHOCOLATE HOT WATER BOTTLE,3,2011-01-04 00:00:00,6.76,14080,Belgium
538914,21096,JUMBO BAG RED RETROSPOT,1,2010-12-25 00:00:00,11.11,16089,Portugal
538915,21029,REGENCY CAKESTAND 3 TIER,1,2011-01-05 00:00:00,14.29,18224,Netherlands
538916,21011,REGENCY CAKESTAND 3 TIER,1,2011-01-13 00:00:00,14.29,16094,United Kingdom
538917,21021,REGENCY CAKESTAND 3 TIER,2,2010-12-06 00:00:00,14.29,13977,United Kingdom
538917,21093,HEART OF WICKER SMALL,6,2011-01-21 00:00:00,13.06,17880,United Kingdom
538918,21097,LUNCH BAG RED RETROSPOT,2,2010-12-06 00:00:00,2.76,17788,United Kingdom
538918,21017,PINK VINTAGE PAISLEY PICNIC BAG,1,2011-02-13 00:00:00,3.14,18252,Belgium
538918,21094,ASSORTED COLOUR BIRD ORNAMENT,2,2011-02-10 00:00:00,2.76,17237,United Kingdom
538919,21043,ASSORTED COLOUR BIRD ORNAMENT,4,2010-12-05 00:00:00,2.76,15991,Spain
538920,21064,PINK VINTAGE PAISLEY PICNIC BAG,1,2011-01-05 00:00:00,3.14,17971,United Kingdom
538920,21041,BLUE KALMIA CERAMIC MUG,4,2011-01-15 00:00:00,3.58,16416,United Kingdom
538921,21071,HEART SHAPED DOUGHNUT,3,2010-12-04 00:00:00,14.56,14344,United Kingdom
538922,21081,SET OF 3 MONOCHROME HEART MUGS,2,2010-12-01 00:00:00,3.16,15516,United Kingdom
538922,21046,PARTY BUNTING,14,2011-01-29 00:00:00,9.18,15856,United Kingdom
538923,21083,LUNCH BAG RED RETROSPOT,3,2010-12-08 00:00:00,2.76,15521,Germany
538924,21032,FAIRY CAKE FLANNEL ASSORTED COLOUR,1,2010-12-11 00:00:00,4.91,15419,France
538925,21026,LOVE BUILDING BLOCK WORD,1,2010-12-13 00:00:00,10.77,17571,United Kingdom
538926,21022,BLUE KALMIA CERAMIC MUG,4,2011-02-03 00:00:00,3.58,15170,United Kingdom
538926,21039,HANGING METAL LANTERN,1,2010-12-01 00:00:00,12.57,17144,United Kingdom
538927,21085,LOVE BUILDING BLOCK WORD,1,2010-12-04 00:00:00,10.77,17125,Germany
538928,21032,LOVE BUILDING BLOCK WORD,3,2010-12-01 00:00:00,10.77,14079,United Kingdom
538929,21085,STRAWBERRY CERAMIC TRINKET POT,12,2010-12-08 00:00:00,1.34,14911,Belgium
538930,21072,HEART OF WICKER SMALL,3,2010-12-25 00:00:00,13.06,12905,United Kingdom
538931,21027,FAIRY CAKE FLANNEL ASSORTED COLOUR,1,2011-01-12 00:00:00,4.91,17523,France
538932,21065,LOVE BUILDING BLOCK WORD,2,2010-12-02 00:00:00,10.77,15537,United Kingdom
538933,21082,HOME BUILDING BLOCK WORD,1,2010-12-13 00:00:00,9.22,15454,United Kingdom
538934,21054,ASSORTED COLOUR BIRD ORNAMENT,2,2010-12-27 00:00:00,2.76,17600,Spain
538935,21091,JUMBO BAG RED RETROSPOT,7,2011-04-17 00:00:00,11.11,14344,United Kingdom
538935,21030,HEART SHAPED DOUGHNUT,2,2010-12-17 00:00:00,14.56,15601,France
538936,21011,JUMBO BAG RED RETROSPOT,2,2011-01-29 00:00:00,11.11,12848,United Kingdom
538937,21010,BLUE KALMIA CERAMIC MUG,10,2011-01-03 00:00:00,3.58,14187,Netherlands
538938,21011,PINK VINTAGE PAISLEY PICNIC BAG,2,2011-01-20 00:00:00,3.14,16643,United Kingdom
538939,21019,RETROSPOT TEA SET CERAMIC 11 PC,8,2010-12-28 00:00:00,4.72,17534,United Kingdom
538939,21071,BLUE KALMIA CERAMIC MUG,9,2010-12-13 00:00:00,3.58,15093,Spain
538940,21038,HEART SHAPED DOUGHNUT,3,2011-02-12 00:00:00,14.56,16982,Italy
538941,21045,ASSORTED COLOUR BIRD ORNAMENT,8,2011-02-03 00:00:00,2.76,14010,United Kingdom
538941,21079,RETROSPOT TEA SET CERAMIC 11 PC,13,2010-12-23 00:00:00,4.72,15123,United Kingdom
538942,21002,HEART SHAPED DOUGHNUT,1,2010-12-12 00:00:00,14.56,18200,Portugal
538942,21071,HEART SHAPED DOUGHNUT,2,2010-12-01 00:00:00,14.56,16798,Portugal
538943,21050,LOVE BUILDING BLOCK WORD,1,2011-02-01 00:00:00,10.77,13009,United Kingdom
538944,21016,HOME BUILDING BLOCK WORD,1,2010-12-11 00:00:00,9.22,14384,United Kingdom
538945,21071,HEART OF WICKER SMALL,2,2010-12-09 00:00:00,13.06,13709,United Kingdom
538945,21020,PARTY BUNTING,6,2010-12-03 00:00:00,9.18,14959,United Kingdom
538945,21044,JUMBO BAG PINK POLKADOT,2,2011-01-04 00:00:00,8.11,16477,United Kingdom
538946,21083,CHILLI LIGHTS,8,2010-12-22 00:00:00,0.8,16811,United Kingdom
538947,21036,HOME BUILDING BLOCK WORD,2,2010-12-03 00:00:00,9.22,13367,United Kingdom
538948,21049,SET OF 3 MONOCHROME HEART MUGS,4,2010-12-08 00:00:00,3.16,18103,United Kingdom
538949,21065,ASSORTED COLOUR BIRD ORNAMENT,2,2010-12-03 00:00:00,2.76,14971,France
538949,21059,CHILLI LIGHTS,1,2010-12-26 00:00:00,0.8,16622,Germany
538950,21091,JUMBO BAG RED RETROSPOT,4,2010-12-04 00:00:00,11.11,12681,United Kingdom
538951,21076,CHILLI LIGHTS,6,2010-12-12 00:00:00,0.8,17571,United Kingdom
538952,21078,HOME BUILDING BLOCK WORD,9,2011-01-04 00:00:00,9.22,14162,United Kingdom
538952,21087,JUMBO BAG PINK POLKADOT,2,2010-12-22 00:00:00,8.11,17100,France
538953,21005,SET OF 3 MONOCHROME HEART MUGS,2,2010-12-20 00:00:00,3.16,13045,Sweden
538954,21097,RETROSPOT TEA SET CERAMIC 11 PC,2,2010-12-12 00:00:00,4.72,17083,United Kingdom
538955,21008,REGENCY CAKESTAND 3 TIER,5,2010-12-05 00:00:00,14.29,12535,Portugal
538956,21066,LUNCH BAG RED RETROSPOT,1,2011-01-09 00:00:00,2.76,13841,France
C538956,21047,HEART OF WICKER SMALL,4,2010-12-14 00:00:00,13.06,18021,United Kingdom
538956,21061,WHITE HANGING HEART T-LIGHT HOLDER,1,2010-12-06 00:00:00,5.93,12946,United Kingdom
538956,21039,RETROSPOT TEA SET CERAMIC 11 PC,2,2011-01-07 00:00:00,4.72,13914,United Kingdom
538957,21007,HANGING METAL LANTERN,6,2010-12-12 00:00:00,12.57,15079,Switzerland
538958,21062,ASSORTED COLOUR BIRD ORNAMENT,4,2011-01-03 00:00:00,2.76,15021,United Kingdom
538959,21034,HOME BUILDING BLOCK WORD,2,2011-04-25 00:00:00,9.22,17028,France
538960,21025,SET OF 3 MONOCHROME HEART MUGS,3,2010-12-26 00:00:00,3.16,12870,United Kingdom
538961,21074,PARTY BUNTING,5,2010-12-10 00:00:00,9.18,17669,United Kingdom
538961,21054,WHITE HANGING HEART T-LIGHT HOLDER,4,2010-12-31 00:00:00,5.93,14245,Italy
538962,21019,WHITE HANGING HEART T-LIGHT HOLDER,1,2010-12-02 00:00:00,5.93,14042,United Kingdom
538963,21001,FAIRY CAKE FLANNEL ASSORTED COLOUR,6,2010-12-12 00:00:00,4.91,16944,Italy
538964,21052,RETROSPOT TEA SET CERAMIC 11 PC,1,2010-12-02 00:00:00,4.72,14904,United Kingdom
538965,21067,CHOCOLATE HOT WATER BOTTLE,3,2010-12-13 00:00:00,6.76,14199,Germany
538966,21012,FAIRY CAKE FLANNEL ASSORTED COLOUR,2,2011-04-29 00:00:00,4.91,17083,United Kingdom
538966,21043,HEART OF WICKER SMALL,10,2010-12-17 00:00:00,13.06,15537,Switzerland
538966,21072,BLUE KALMIA CERAMIC MUG,2,2010-12-19 00:00:00,3.58,13755,United Kingdom
538967,21061,LOVE BUILDING BLOCK WORD,2,2010-12-20 00:00:00,10.77,13709,Portugal
538967,21098,PINK VINTAGE PAISLEY PICNIC BAG,1,2011-01-04 00:00:00,3.14,17338,United Kingdom
538968,21025,LOVE BUILDING BLOCK WORD,2,2010-12-13 00:00:00,10.77,17625,United Kingdom
538968,21027,REGENCY CAKESTAND 3 TIER,3,2010-12-14 00:00:00,14.29,16860,United Kingdom
538968,21048,WHITE HANGING HEART T-LIGHT HOLDER,3,2010-12-10 00:00:00,5.93,15648,United Kingdom
538969,21073,REGENCY CAKESTAND 3 TIER,3,2011-01-06 00:00:00,14.29,15782,United Kingdom
538970,21023,SET OF 3 MONOCHROME HEART MUGS,2,2011-01-11 00:00:00,3.16,16089,United Kingdom
538971,21023,SET OF 3 MONOCHROME HEART MUGS,2,2010-12-08 00:00:00,3.16,15618,Portugal
538972,21097,STRAWBERRY CERAMIC TRINKET POT,5,2011-01-09 00:00:00,1.34,17594,United Kingdom
538973,21016,CHILLI LIGHTS,14,2010-12-30 00:00:00,0.8,12681,United Kingdom
538974,21098,HEART SHAPED DOUGHNUT,7,2010-12-21 00:00:00,14.56,18223,France
538974,21077,PINK VINTAGE PAISLEY PICNIC BAG,4,2010-12-11 00:00:00,3.14,17942,Italy
538975,21009,JUMBO BAG RED RETROSPOT,8,2010-12-31 00:00:00,11.11,14387,France
538976,21084,HANGING METAL LANTERN,2,2011-02-25 00:00:00,12.57,12926,United Kingdom
538976,21039,HOME BUILDING BLOCK WORD,1,2010-12-07 00:00:00,9.22,16094,United Kingdom
C538976,21066,RETROSPOT TEA SET CERAMIC 11 PC,10,2010-12-08 00:00:00,4.72,14857,Germany
538977,21035,JUMBO BAG PINK POLKADOT,1,2010-12-19 00:00:00,8.11,17921,United Kingdom
538977,21051,LOVE BUILDING BLOCK WORD,1,2011-01-15 00:00:00,10.77,15351,United Kingdom
538978,21077,JUMBO BAG RED RETROSPOT,10,2010-12-29 00:00:00,11.11,12506,United Kingdom
538978,21004,STRAWBERRY CERAMIC TRINKET POT,1,2010-12-01 00:00:00,1.34,17257,United Kingdom
538979,21026,CHOCOLATE HOT WATER BOTTLE,15,2010-12-05 00:00:00,6.76,14408,France
538980,21063,SET OF 3 MONOCHROME HEART MUGS,2,2010-12-12 00:00:00,3.16,15928,Spain
538981,21012,STRAWBERRY CERAMIC TRINKET POT,1,2011-03-20 00:00:00,1.34,16416,United Kingdom
538982,21023,HOME BUILDING BLOCK WORD,3,2010-12-11 00:00:00,9.22,16894,Germany
538983,21022,HEART OF WICKER SMALL,5,2010-12-12 00:00:00,13.06,17067,Belgium
538984,21040,JUMBO BAG PINK POLKADOT,2,2011-02-05 00:00:00,8.11,15123,United Kingdom
538985,21074,PARTY BUNTING,2,2010-12-28 00:00:00,9.18,17462,Portugal
538985,21041,SET OF 3 MONOCHROME HEART MUGS,9,2010-12-12 00:00:00,3.16,13130,United Kingdom
538986,21096,PARTY BUNTING,1,2010-12-27 00:00:00,9.18,15120,United Kingdom
538987,21054,CHOCOLATE HOT WATER BOTTLE,3,2010-12-13 00:00:00,6.76,16416,United Kingdom
538988,21014,HANGING METAL LANTERN,7,2010-12-08 00:00:00,12.57,15856,Germany
538988,21028,HEART OF WICKER SMALL,3,2011-01-09 00:00:00,13.06,15257,Germany
538989,21036,HANGING METAL LANTERN,3,2010-12-03 00:00:00,12.57,17362,Germany
538989,21043,PARTY BUNTING,1,2010-12-13 00:00:00,9.18,17322,Germany
538990,21092,PARTY BUNTING,3,2010-12-02 00:00:00,9.18,15792,Portugal
538991,21026,LOVE BUILDING BLOCK WORD,4,2011-01-14 00:00:00,10.77,13916,United Kingdom
538992,21003,HANGING METAL LANTERN,6,2010-12-27 00:00:00,12.57,14958,United Kingdom
538993,21056,PINK VINTAGE PAISLEY PICNIC BAG,5,2011-02-17 00:00:00,3.14,13874,United Kingdom
538994,21074,CHOCOLATE HOT WATER BOTTLE,6,2011-05-12 00:00:00,6.76,16834,Netherlands
538994,21066,WHITE HANGING HEART T-LIGHT HOLDER,4,2010-12-06 00:00:00,5.93,15047,France
538995,21052,HEART SHAPED DOUGHNUT,5,2010-12-02 00:00:00,14.56,13493,United Kingdom
538996,21044,RETROSPOT TEA SET CERAMIC 11 PC,3,2010-12-07 00:00:00,4.72,17523,United Kingdom
538996,21005,STRAWBERRY CERAMIC TRINKET POT,3,2011-01-15 00:00:00,1.34,16144,United Kingdom
538997,21053,LOVE BUILDING BLOCK WORD,1,2011-01-19 00:00:00,10.77,15493,United Kingdom
538998,21068,BLUE KALMIA CERAMIC MUG,4,2010-12-14 00:00:00,3.58,15039,United Kingdom
538999,21088,PARTY BUNTING,1,2011-01-20 00:00:00,9.18,15162,United Kingdom
539000,21092,HEART SHAPED DOUGHNUT,1,2011-01-18 00:00:00,14.56,12571,United Kingdom
539000,21041,CHILLI LIGHTS,1,2010-12-08 00:00:00,0.8,15607,United Kingdom
539001,21053,LUNCH BAG RED RETROSPOT,2,2011-01-01 00:00:00,2.76,18210,United Kingdom
539002,21053,RETROSPOT TEA SET CERAMIC 11 PC,4,2010-12-09 00:00:00,4.72,15075,United Kingdom
539003,21006,PARTY BUNTING,4,2010-12-05 00:00:00,9.18,15660,United Kingdom
539003,21026,HOME BUILDING BLOCK WORD,1,2011-01-13 00:00:00,9.22,13791,France
539004,21070,PINK VINTAGE PAISLEY PICNIC BAG,1,2011-02-07 00:00:00,3.14,13500,France
539004,21015,SET OF 3 MONOCHROME HEART MUGS,2,2011-02-04 00:00:00,3.16,16416,United Kingdom
539005,21054,HEART OF WICKER SMALL,9,2010-12-03 00:00:00,13.06,14551,Belgium
539006,21069,HEART OF WICKER SMALL,3,2010-12-29 00:00:00,13.06,15322,United Kingdom
539006,21061,RETROSPOT TEA SET CERAMIC 11 PC,2,2011-01-22 00:00:00,4.72,16144,Belgium
539006,21075,SET OF 3 MONOCHROME HEART MUGS,3,2010-12-11 00:00:00,3.16,16537,United Kingdom
539007,21068,PINK VINTAGE PAISLEY PICNIC BAG,2,2010-12-02 00:00:00,3.14,14068,United Kingdom
539008,21060,HANGING METAL LANTERN,1,2011-01-22 00:00:00,12.57,14277,United Kingdom
539009,21049,FAIRY CAKE FLANNEL ASSORTED COLOUR,5,2010-12-22 00:00:00,4.91,17842,United Kingdom
539010,21060,REGENCY CAKESTAND 3 TIER,4,2010-12-02 00:00:00,14.29,13044,United Kingdom
539011,21044,HEART OF WICKER SMALL,4,2011-01-02 00:00:00,13.06,13150,Italy
539011,21061,HEART SHAPED DOUGHNUT,1,2010-12-12 00:00:00,14.56,17850,United Kingdom
539011,21031,SET OF 3 MONOCHROME HEART MUGS,1,2011-01-03 00:00:00,3.16,16911,United Kingdom
539011,21060,PINK VINTAGE PAISLEY PICNIC BAG,1,2010-12-25 00:00:00,3.14,15257,Germany
539012,21065,RETROSPOT TEA SET CERAMIC 11 PC,1,2010-12-01 00:00:00,4.72,12725,United Kingdom
539013,21020,CHILLI LIGHTS,1,2010-12-19 00:00:00,0.8,16957,United Kingdom
539014,21066,HOME BUILDING BLOCK WORD,4,2010-12-03 00:00:00,9.22,17571,Belgium
539015,21098,JUMBO BAG PINK POLKADOT,9,2010-12-01 00:00:00,8.11,15673,Netherlands
539016,21059,FAIRY CAKE FLANNEL ASSORTED COLOUR,1,2011-01-26 00:00:00,4.91,15565,Germany
539017,21080,CHOCOLATE HOT WATER BOTTLE,3,2011-03-22 00:00:00,6.76,14140,United Kingdom
539017,21061,REGENCY CAKESTAND 3 TIER,3,2010-12-13 00:00:00,14.29,17067,United Kingdom
539017,21064,JUMBO BAG PINK POLKADOT,1,2010-12-30 00:00:00,8.11,15450,United Kingdom
539018,21095,LOVE BUILDING BLOCK WORD,2,2011-05-28 00:00:00,10.77,16407,France
539019,21060,HOME BUILDING BLOCK WORD,3,2010-12-20 00:00:00,9.22,13150,United Kingdom
539020,21050,PINK VINTAGE PAISLEY PICNIC BAG,1,2011-02-04 00:00:00,3.14,12473,United Kingdom
539020,21099,LOVE BUILDING BLOCK WORD,1,2010-12-09 00:00:00,10.77,18085,Switzerland
539021,21021,WHITE HANGING HEART T-LIGHT HOLDER,5,2011-01-12 00:00:00,5.93,13216,United Kingdom
539022,21025,FAIRY CAKE FLANNEL ASSORTED COLOUR,2,2010-12-09 00:00:00,4.91,16416,United Kingdom
539023,21064,HANGING METAL LANTERN,1,2010-12-05 00:00:00,12.57,15433,United Kingdom
539023,21022,WHITE HANGING HEART T-LIGHT HOLDER,2,2011-01-15 00:00:00,5.93,16929,Belgium
539024,21053,FAIRY CAKE FLANNEL ASSORTED COLOUR,7,2011-05-02 00:00:00,4.91,16333,France
539025,21033,HANGING METAL LANTERN,7,2011-02-10 00:00:00,12.57,16082,United Kingdom
539026,21020,CHILLI LIGHTS,8,2010-12-09 00:00:00,0.8,13943,United Kingdom
539027,21077,CHILLI LIGHTS,1,2010-12-05 00:00:00,0.8,13589,United Kingdom
539028,21046,HEART OF WICKER SMALL,7,2011-01-25 00:00:00,13.06,16537,United Kingdom
539029,21054,HOME BUILDING BLOCK WORD,7,2010-12-13 00:00:00,9.22,14801,United Kingdom
539030,21023,ASSORTED COLOUR BIRD ORNAMENT,3,2010-12-28 00:00:00,2.76,12507,Italy
539031,21073,HEART SHAPED DOUGHNUT,2,2010-12-16 00:00:00,14.56,13589,France
539032,21068,LOVE BUILDING BLOCK WORD,4,2011-03-24 00:00:00,10.77,13241,United Kingdom
539032,21006,SET OF 3 MONOCHROME HEART MUGS,13,2010-12-31 00:00:00,3.16,13209,Germany
539033,21046,HOME BUILDING BLOCK WORD,3,2010-12-28 00:00:00,9.22,15296,United Kingdom
539034,21010,HEART SHAPED DOUGHNUT,2,2010-12-23 00:00:00,14.56,13337,United Kingdom
539035,21004,HEART SHAPED DOUGHNUT,2,2010-12-03 00:00:00,14.56,17221,Germany
539035,21007,HANGING METAL LANTERN,2,2011-01-04 00:00:00,12.57,17583,Germany
539036,21045,STRAWBERRY CERAMIC TRINKET POT,5,2011-02-17 00:00:00,1.34,16413,United Kingdom
539037,21027,PINK VINTAGE PAISLEY PICNIC BAG,1,2010-12-04 00:00:00,3.14,13044,United Kingdom
539038,21092,STRAWBERRY CERAMIC TRINKET POT,2,2010-12-02 00:00:00,1.34,16123,United Kingdom
539038,21064,REGENCY CAKESTAND 3 TIER,2,2010-12-28 00:00:00,14.29,13652,Italy
539039,21098,HEART OF WICKER SMALL,1,2011-03-07 00:00:00,13.06,14152,United Kingdom
539039,21020,PINK VINTAGE PAISLEY PICNIC BAG,1,2011-01-08 00:00:00,3.14,17237,United Kingdom
539040,21097,ASSORTED COLOUR BIRD ORNAMENT,1,2010-12-11 00:00:00,2.76,12507,Sweden
539040,21008,HEART OF WICKER SMALL,3,2010-12-12 00:00:00,13.06,14487,United Kingdom
539040,21081,JUMBO BAG PINK POLKADOT,1,2011-01-08 00:00:00,8.11,16069,Belgium
539041,21061,SET OF 3 MONOCHROME HEART MUGS,1,2011-01-08 00:00:00,3.16,12681,Italy
539042,21099,HEART SHAPED DOUGHNUT,8,2011-01-01 00:00:00,14.56,14039,United Kingdom
539043,21022,SET OF 3 MONOCHROME HEART MUGS,3,2010-12-05 00:00:00,3.16,15080,United Kingdom
539043,21029,LUNCH BAG RED RETROSPOT,1,2010-12-26 00:00:00,2.76,15157,Germany
539043,21010,HEART SHAPED DOUGHNUT,6,2011-06-04 00:00:00,14.56,15170,United Kingdom
539043,21004,PARTY BUNTING,3,2011-01-26 00:00:00,9.18,13637,Switzerland
539044,21086,LUNCH BAG RED RETROSPOT,1,2011-02-17 00:00:00,2.76,13161,Spain
539045,21067,CHILLI LIGHTS,3,2011-01-04 00:00:00,0.8,16375,France
539046,21024,CHOCOLATE HOT WATER BOTTLE,6,2010-12-03 00:00:00,6.76,15405,United Kingdom
539047,21012,LOVE BUILDING BLOCK WORD,1,2010-12-05 00:00:00,10.77,14025,Spain
539047,21074,HEART SHAPED DOUGHNUT,3,2010-12-12 00:00:00,14.56,17414,United Kingdom
539048,21088,CHOCOLATE HOT WATER BOTTLE,2,2010-12-24 00:00:00,6.76,17233,Switzerland
539049,21097,JUMBO BAG RED RETROSPOT,3,2011-01-15 00:00:00,11.11,17938,United Kingdom
539050,21044,REGENCY CAKESTAND 3 TIER,2,2010-12-08 00:00:00,14.29,15743,Portugal
539050,21031,JUMBO BAG PINK POLKADOT,7,2011-01-18 00:00:00,8.11,15689,Italy
539050,21076,JUMBO BAG RED RETROSPOT,5,2010-12-19 00:00:00,11.11,12506,United Kingdom
539051,21031,HEART SHAPED DOUGHNUT,2,2011-01-02 00:00:00,14.56,15503,United Kingdom
539052,21032,PINK VINTAGE PAISLEY PICNIC BAG,6,2011-01-30 00:00:00,3.14,15450,United Kingdom
539053,21005,REGENCY CAKESTAND 3 TIER,10,2010-12-15 00:00:00,14.29,13045,France
539054,21022,LUNCH BAG RED RETROSPOT,10,2010-12-16 00:00:00,2.76,17699,Belgium
539055,21009,PARTY BUNTING,2,2010-12-12 00:00:00,9.18,13222,United Kingdom
539055,21032,PARTY BUNTING,1,2010-12-21 00:00:00,9.18,14152,Germany
539056,21084,HEART SHAPED DOUGHNUT,3,2010-12-29 00:00:00,14.56,12507,United Kingdom
539057,21023,CHOCOLATE HOT WATER BOTTLE,3,2010-12-07 00:00:00,6.76,14199,United Kingdom
539058,21020,REGENCY CAKESTAND 3 TIER,2,2010-12-12 00:00:00,14.29,12362,United Kingdom
539058,21024,REGENCY CAKESTAND 3 TIER,6,2010-12-10 00:00:00,14.29,16076,Spain
539058,21051,HOME BUILDING BLOCK WORD,10,2011-01-27 00:00:00,9.22,13427,United Kingdom
539059,21095,FAIRY CAKE FLANNEL ASSORTED COLOUR,2,2010-12-31 00:00:00,4.91,15565,Belgium
539060,21044,SET OF 3 MONOCHROME HEART MUGS,10,2010-12-12 00:00:00,3.16,15618,United Kingdom
539061,21012,CHILLI LIGHTS,2,2010-12-05 00:00:00,0.8,17534,Belgium
539062,21060,BLUE KALMIA CERAMIC MUG,1,2010-12-19 00:00:00,3.58,18224,Switzerland
539063,21050,SET OF 3 MONOCHROME HEART MUGS,1,2010-12-14 00:00:00,3.16,17604,United Kingdom
539064,21040,STRAWBERRY CERAMIC TRINKET POT,2,2010-12-25 00:00:00,1.34,15413,United Kingdom
539064,21091,HEART OF WICKER SMALL,1,2010-12-28 00:00:00,13.06,14344,France
539064,21094,JUMBO BAG PINK POLKADOT,1,2010-12-04 00:00:00,8.11,18223,United Kingdom
539065,21084,HEART OF WICKER SMALL,6,2010-12-08 00:00:00,13.06,13485,Italy
539066,21012,FAIRY CAKE FLANNEL ASSORTED COLOUR,1,2011-02-19 00:00:00,4.91,14857,France
539067,21010,HOME BUILDING BLOCK WORD,2,2010-12-05 00:00:00,9.22,14393,United Kingdom
539067,21090,REGENCY CAKESTAND 3 TIER,2,2011-01-12 00:00:00,14.29,17493,United Kingdom
539068,21006,HEART SHAPED DOUGHNUT,2,2011-01-03 00:00:00,14.56,14053,United Kingdom
539068,21003,LOVE BUILDING BLOCK WORD,1,2010-12-03 00:00:00,10.77,15405,United Kingdom
539069,21007,FAIRY CAKE FLANNEL ASSORTED COLOUR,1,2010-12-10 00:00:00,4.91,15516,Germany
539070,21013,BLUE KALMIA CERAMIC MUG,1,2010-12-22 00:00:00,3.58,17275,Germany
539070,21005,PARTY BUNTING,1,2011-01-22 00:00:00,9.18,16687,France
539071,21026,BLUE KALMIA CERAMIC MUG,4,2010-12-15 00:00:00,3.58,14411,Germany
539071,21045,CHOCOLATE HOT WATER BOTTLE,5,2011-01-01 00:00:00,6.76,15792,United Kingdom
539072,21021,JUMBO BAG PINK POLKADOT,12,2011-02-22 00:00:00,8.11,13589,United Kingdom
539073,21052,HOME BUILDING BLOCK WORD,6,2010-12-03 00:00:00,9.22,15123,United Kingdom
539073,21054,BLUE KALMIA CERAMIC MUG,3,2010-12-28 00:00:00,3.58,14801,United Kingdom
539074,21055,JUMBO BAG RED RETROSPOT,1,2010-12-24 00:00:00,11.11,12952,Italy
539075,21085,PINK VINTAGE PAISLEY PICNIC BAG,1,2010-12-15 00:00:00,3.14,12883,United Kingdom
539076,21027,ASSORTED COLOUR BIRD ORNAMENT,1,2011-01-02 00:00:00,2.76,14624,Belgium
539076,21091,LOVE BUILDING BLOCK WORD,3,2010-12-12 00:00:00,10.77,15782,United Kingdom
539077,21077,WHITE HANGING HEART T-LIGHT HOLDER,10,2010-12-01 00:00:00,5.93,13512,United Kingdom
539078,21039,HEART OF WICKER SMALL,3,2010-12-01 00:00:00,13.06,16988,Portugal
539079,21058,JUMBO BAG PINK POLKADOT,1,2010-12-30 00:00:00,8.11,15075,Switzerland
539080,21020,ASSORTED COLOUR BIRD ORNAMENT,1,2011-01-11 00:00:00,2.76,15516,Italy
539081,21095,CHILLI LIGHTS,2,2010-12-13 00:00:00,0.8,15397,United Kingdom
539082,21036,PARTY BUNTING,8,2010-12-03 00:00:00,9.18,16076,United Kingdom
539083,21006,BLUE KALMIA CERAMIC MUG,6,2010-12-03 00:00:00,3.58,16115,Italy
539084,21095,PARTY BUNTING,4,2010-12-07 00:00:00,9.18,15170,United Kingdom
539085,21072,HEART SHAPED DOUGHNUT,2,2010-12-18 00:00:00,14.56,14079,United Kingdom
539085,21018,JUMBO BAG RED RETROSPOT,3,2010-12-01 00:00:00,11.11,13317,Netherlands
539085,21022,JUMBO BAG PINK POLKADOT,1,2011-02-08 00:00:00,8.11,15660,Germany
C539085,21064,CHILLI LIGHTS,6,2011-02-06 00:00:00,0.8,12737,Netherlands
539086,21095,JUMBO BAG PINK POLKADOT,5,2011-08-20 00:00:00,8.11,15081,United Kingdom
539087,21085,CHILLI LIGHTS,2,2011-01-16 00:00:00,0.8,17654,Germany
539088,21052,CHOCOLATE HOT WATER BOTTLE,8,2010-12-20 00:00:00,6.76,14411,United Kingdom
539089,21080,WHITE HANGING HEART T-LIGHT HOLDER,18,2010-12-10 00:00:00,5.93,12552,United Kingdom
539090,21043,HEART SHAPED DOUGHNUT,5,2010-12-25 00:00:00,14.56,16564,Switzerland
539091,21012,RETROSPOT TEA SET CERAMIC 11 PC,2,2011-01-02 00:00:00,4.72,15892,United Kingdom
539092,21008,PARTY BUNTING,1,2010-12-17 00:00:00,9.18,13931,Netherlands
539093,21085,HANGING METAL LANTERN,6,2010-12-01 00:00:00,12.57,16643,France
539094,21090,REGENCY CAKESTAND 3 TIER,2,2010-12-03 00:00:00,14.29,16759,United Kingdom
539095,21042,CHILLI LIGHTS,8,2011-02-22 00:00:00,0.8,15445,United Kingdom
539095,21043,STRAWBERRY CERAMIC TRINKET POT,4,2010-12-28 00:00:00,1.34,16189,United Kingdom
539096,21088,STRAWBERRY CERAMIC TRINKET POT,4,2010-12-04 00:00:00,1.34,17622,United Kingdom
539096,21070,RETROSPOT TEA SET CERAMIC 11 PC,1,2011-01-23 00:00:00,4.72,14402,Italy
539096,21075,LUNCH BAG RED RETROSPOT,4,2010-12-19 00:00:00,2.76,15093,United Kingdom
C539097,21084,PINK VINTAGE PAISLEY PICNIC BAG,1,2010-12-02 00:00:00,3.14,13199,United Kingdom
539098,21033,FAIRY CAKE FLANNEL ASSORTED COLOUR,1,2011-02-28 00:00:00,4.91,12858,Netherlands
539099,21022,LUNCH BAG RED RETROSPOT,1,2010-12-20 00:00:00,2.76,17100,United Kingdom
539100,21097,LOVE BUILDING BLOCK WORD,4,2011-01-08 00:00:00,10.77,13841,United Kingdom
539101,21036,FAIRY CAKE FLANNEL ASSORTED COLOUR,1,2010-12-04 00:00:00,4.91,17594,United Kingdom
539102,21030,HOME BUILDING BLOCK WORD,3,2011-01-28 00:00:00,9.22,12535,France
539103,21093,LUNCH BAG RED RETROSPOT,6,2010-12-28 00:00:00,2.76,14241,United Kingdom
539104,21038,FAIRY CAKE FLANNEL ASSORTED COLOUR,1,2010-12-19 00:00:00,4.91,18265,United Kingdom
539105,21070,CHILLI LIGHTS,2,2010-12-11 00:00:00,0.8,17519,Switzerland
539106,21047,REGENCY CAKESTAND 3 TIER,4,2011-02-07 00:00:00,14.29,14546,United Kingdom
539107,21099,HEART SHAPED DOUGHNUT,2,2010-12-08 00:00:00,14.56,13391,United Kingdom
539108,21063,STRAWBERRY CERAMIC TRINKET POT,3,2010-12-05 00:00:00,1.34,15419,United Kingdom
539108,21012,REGENCY CAKESTAND 3 TIER,4,2011-01-22 00:00:00,14.29,13994,Belgium
539108,21081,WHITE HANGING HEART T-LIGHT HOLDER,10,2011-02-08 00:00:00,5.93,17257,United Kingdom
539108,21031,HANGING METAL LANTERN,9,2010-12-18 00:00:00,12.57,15413,United Kingdom
539109,21062,PINK VINTAGE PAISLEY PICNIC BAG,8,2011-02-24 00:00:00,3.14,15433,United Kingdom
539110,21061,CHOCOLATE HOT WATER BOTTLE,12,2010-12-14 00:00:00,6.76,15973,United Kingdom
539111,21089,ASSORTED COLOUR BIRD ORNAMENT,11,2010-12-03 00:00:00,2.76,16944,United Kingdom
539111,21066,HOME BUILDING BLOCK WORD,2,2010-12-05 00:00:00,9.22,17398,Germany
539112,21058,JUMBO BAG RED RETROSPOT,2,2010-12-03 00:00:00,11.11,15537,Italy
539113,21086,CHOCOLATE HOT WATER BOTTLE,2,2011-02-17 00:00:00,6.76,12473,United Kingdom
539114,21092,JUMBO BAG RED RETROSPOT,2,2010-12-10 00:00:00,11.11,15265,Switzerland
539115,21048,HANGING METAL LANTERN,6,2010-12-03 00:00:00,12.57,12599,United Kingdom
539116,21016,PARTY BUNTING,1,2011-01-31 00:00:00,9.18,13374,United Kingdom
539117,21018,HANGING METAL LANTERN,11,2010-12-10 00:00:00,12.57,17880,United Kingdom
539117,21093,HEART OF WICKER SMALL,8,2010-12-16 00:00:00,13.06,16436,United Kingdom
539118,21061,FAIRY CAKE FLANNEL ASSORTED COLOUR,5,2010-12-20 00:00:00,4.91,13652,United Kingdom
539119,21029,PARTY BUNTING,1,2011-02-09 00:00:00,9.18,13362,United Kingdom
539119,21073,SET OF 3 MONOCHROME HEART MUGS,4,2011-01-21 00:00:00,3.16,13150,United Kingdom
539120,21024,HEART OF WICKER SMALL,11,2011-02-14 00:00:00,13.06,17788,United Kingdom
539121,21059,ASSORTED COLOUR BIRD ORNAMENT,6,2010-12-10 00:00:00,2.76,13305,United Kingdom
539122,21054,HOME BUILDING BLOCK WORD,3,2010-12-04 00:00:00,9.22,16193,United Kingdom
539122,21079,CHILLI LIGHTS,8,2010-12-22 00:00:00,0.8,14646,United Kingdom
539123,21089,HEART OF WICKER SMALL,4,2010-12-10 00:00:00,13.06,17657,Spain
539124,21054,RETROSPOT TEA SET CERAMIC 11 PC,3,2010-12-17 00:00:00,4.72,15856,France
539125,21030,CHOCOLATE HOT WATER BOTTLE,4,2011-06-01 00:00:00,6.76,17769,United Kingdom
539126,21077,FAIRY CAKE FLANNEL ASSORTED COLOUR,3,2011-02-22 00:00:00,4.91,18210,United Kingdom
539127,21042,STRAWBERRY CERAMIC TRINKET POT,2,2011-01-27 00:00:00,1.34,13709,United Kingdom
539127,21098,LOVE BUILDING BLOCK WORD,5,2010-12-09 00:00:00,10.77,14277,France
539128,21080,CHILLI LIGHTS,5,2010-12-18 00:00:00,0.8,17876,Switzerland
539129,21006,RETROSPOT TEA SET CERAMIC 11 PC,1,2011-01-03 00:00:00,4.72,14781,United Kingdom
539130,21071,JUMBO BAG RED RETROSPOT,8,2011-02-18 00:00:00,11.11,14640,United Kingdom
539131,21025,CHOCOLATE HOT WATER BOTTLE,6,2010-12-01 00:00:00,6.76,16189,United Kingdom
539132,21095,LUNCH BAG RED RETROSPOT,5,2010-12-02 00:00:00,2.76,17625,United Kingdom
539133,21080,ASSORTED COLOUR BIRD ORNAMENT,3,2011-01-07 00:00:00,2.76,16839,United Kingdom
539134,21001,HEART OF WICKER SMALL,1,2011-01-09 00:00:00,13.06,12473,France
539135,21082,BLUE KALMIA CERAMIC MUG,2,2010-12-31 00:00:00,3.58,17604,Switzerland
539135,21046,LUNCH BAG RED RETROSPOT,2,2010-12-30 00:00:00,2.76,15688,United Kingdom
539136,21043,RETROSPOT TEA SET CERAMIC 11 PC,2,2011-01-12 00:00:00,4.72,14373,United Kingdom
539136,21075,HEART OF WICKER SMALL,3,2011-03-08 00:00:00,13.06,17625,United Kingdom
539136,21085,STRAWBERRY CERAMIC TRINKET POT,6,2011-01-25 00:00:00,1.34,17083,United Kingdom
539136,21043,LUNCH BAG RED RETROSPOT,1,2011-01-29 00:00:00,2.76,17739,United Kingdom
539136,21007,WHITE HANGING HEART T-LIGHT HOLDER,2,2010-12-15 00:00:00,5.93,17962,United Kingdom
539137,21028,LOVE BUILDING BLOCK WORD,1,2010-12-01 00:00:00,10.77,13494,Spain
539138,21020,BLUE KALMIA CERAMIC MUG,2,2010-12-12 00:00:00,3.58,16407,Italy
539139,21054,RETROSPOT TEA SET CERAMIC 11 PC,1,2010-12-08 00:00:00,4.72,15307,France
539140,21091,HEART SHAPED DOUGHNUT,3,2010-12-10 00:00:00,14.56,14152,United Kingdom
539141,21096,RETROSPOT TEA SET CERAMIC 11 PC,1,2011-01-10 00:00:00,4.72,15321,United Kingdom
539141,21078,JUMBO BAG PINK POLKADOT,8,2010-12-16 00:00:00,8.11,14024,United Kingdom
C539141,21038,HANGING METAL LANTERN,13,2011-01-24 00:00:00,12.57,15157,United Kingdom
539142,21009,PARTY BUNTING,6,2010-12-09 00:00:00,9.18,12546,Netherlands
539143,21065,HEART OF WICKER SMALL,1,2011-01-09 00:00:00,13.06,12350,Italy
539144,21096,BLUE KALMIA CERAMIC MUG,1,2011-02-04 00:00:00,3.58,14028,United Kingdom
539144,21006,HOME BUILDING BLOCK WORD,2,2010-12-28 00:00:00,9.22,18137,United Kingdom
539144,21058,BLUE KALMIA CERAMIC MUG,3,2011-01-01 00:00:00,3.58,14140,United Kingdom
539145,21086,CHILLI LIGHTS,1,2010-12-06 00:00:00,0.8,14010,Portugal
539145,21027,HOME BUILDING BLOCK WORD,3,2011-01-01 00:00:00,9.22,12536,United Kingdom
539146,21083,SET OF 3 MONOCHROME HEART MUGS,1,2010-12-05 00:00:00,3.16,15162,Italy
539147,21050,REGENCY CAKESTAND 3 TIER,3,2011-01-14 00:00:00,14.29,17123,United Kingdom
539148,21064,HEART OF WICKER SMALL,2,2010-12-15 00:00:00,13.06,16333,Netherlands
539149,21040,STRAWBERRY CERAMIC TRINKET POT,4,2010-12-09 00:00:00,1.34,16115,Germany
539150,21024,PINK VINTAGE PAISLEY PICNIC BAG,1,2010-12-03 00:00:00,3.14,16021,Germany
539150,21099,CHILLI LIGHTS,1,2010-12-07 00:00:00,0.8,17414,France
539150,21045,HEART OF WICKER SMALL,1,2010-12-01 00:00:00,13.06,14245,Germany
539151,21020,LUNCH BAG RED RETROSPOT,6,2010-12-04 00:00:00,2.76,13791,France
539152,21047,LUNCH BAG RED RETROSPOT,4,2010-12-16 00:00:00,2.76,16929,United Kingdom
539153,21059,SET OF 3 MONOCHROME HEART MUGS,6,2010-12-11 00:00:00,3.16,16092,United Kingdom
539154,21031,HEART OF WICKER SMALL,17,2011-01-10 00:00:00,13.06,16337,United Kingdom
539155,21071,LUNCH BAG RED RETROSPOT,3,2010-12-12 00:00:00,2.76,15702,United Kingdom
539156,21006,HEART SHAPED DOUGHNUT,1,2010-12-31 00:00:00,14.56,13161,Netherlands
539157,21059,PARTY BUNTING,4,2011-01-22 00:00:00,9.18,17399,United Kingdom
539158,21039,WHITE HANGING HEART T-LIGHT HOLDER,9,2011-01-08 00:00:00,5.93,18045,Netherlands
539159,21007,ASSORTED COLOUR BIRD ORNAMENT,4,2010-12-11 00:00:00,2.76,12848,Germany
539160,21033,SET OF 3 MONOCHROME HEART MUGS,5,2010-12-20 00:00:00,3.16,16628,Sweden
539160,21030,CHOCOLATE HOT WATER BOTTLE,1,2011-03-17 00:00:00,6.76,15036,United Kingdom
539161,21004,ASSORTED COLOUR BIRD ORNAMENT,1,2010-12-02 00:00:00,2.76,16042,Netherlands
539162,21099,HANGING METAL LANTERN,2,2010-12-13 00:00:00,12.57,12952,France
539163,21090,HANGING METAL LANTERN,2,2010-12-30 00:00:00,12.57,13485,Italy
539164,21030,SET OF 3 MONOCHROME HEART MUGS,6,2010-12-02 00:00:00,3.16,14024,Netherlands
539165,21068,LUNCH BAG RED RETROSPOT,1,2010-12-08 00:00:00,2.76,17809,United Kingdom
539165,21066,SET OF 3 MONOCHROME HEART MUGS,12,2010-12-04 00:00:00,3.16,16461,United Kingdom
539166,21053,LOVE BUILDING BLOCK WORD,2,2010-12-25 00:00:00,10.77,15715,United Kingdom
539167,21036,REGENCY CAKESTAND 3 TIER,7,2011-03-23 00:00:00,14.29,17075,United Kingdom
539168,21044,LOVE BUILDING BLOCK WORD,9,2011-02-08 00:00:00,10.77,16622,United Kingdom
539168,21056,HOME BUILDING BLOCK WORD,8,2011-01-08 00:00:00,9.22,16811,Belgium
539169,21066,HANGING METAL LANTERN,1,2010-12-20 00:00:00,12.57,13305,United Kingdom
539169,21013,SET OF 3 MONOCHROME HEART MUGS,2,2011-02-01 00:00:00,3.16,13637,United Kingdom
539170,21093,CHOCOLATE HOT WATER BOTTLE,1,2010-12-07 00:00:00,6.76,15195,Germany
539170,21048,PARTY BUNTING,2,2010-12-03 00:00:00,9.18,16193,United Kingdom
539171,21089,PARTY BUNTING,1,2010-12-02 00:00:00,9.18,18229,United Kingdom
539172,21053,JUMBO BAG PINK POLKADOT,8,2011-02-09 00:00:00,8.11,14857,United Kingdom
539173,21090,LUNCH BAG RED RETROSPOT,2,2010-12-02 00:00:00,2.76,14673,United Kingdom
539174,21082,HEART SHAPED DOUGHNUT,2,2010-12-09 00:00:00,14.56,17927,United Kingdom
539175,21064,JUMBO BAG PINK POLKADOT,3,2010-12-08 00:00:00,8.11,15039,United Kingdom
539176,21099,PARTY BUNTING,1,2011-01-03 00:00:00,9.18,14407,Belgium
539177,21051,BLUE KALMIA CERAMIC MUG,2,2010-12-29 00:00:00,3.58,15702,France
539178,21062,JUMBO BAG PINK POLKADOT,2,2011-01-03 00:00:00,8.11,16021,United Kingdom
539178,21071,FAIRY CAKE FLANNEL ASSORTED COLOUR,2,2010-12-06 00:00:00,4.91,12548,Spain
539178,21019,PINK VINTAGE PAISLEY PICNIC BAG,2,2010-12-20 00:00:00,3.14,17319,United Kingdom
539179,21061,LUNCH BAG RED RETROSPOT,2,2010-12-26 00:00:00,2.76,16894,United Kingdom
539180,21007,SET OF 3 MONOCHROME HEART MUGS,8,2010-12-30 00:00:00,3.16,14189,United Kingdom
539181,21050,PARTY BUNTING,1,2010-12-30 00:00:00,9.18,17067,United Kingdom
C539182,21030,ASSORTED COLOUR BIRD ORNAMENT,2,2011-01-21 00:00:00,2.76,15039,France
539182,21069,WHITE HANGING HEART T-LIGHT HOLDER,5,2010-12-03 00:00:00,5.93,14241,United Kingdom
539183,21072,JUMBO BAG PINK POLKADOT,7,2010-12-02 00:00:00,8.11,16346,United Kingdom
539183,21038,REGENCY CAKESTAND 3 TIER,3,2010-12-02 00:00:00,14.29,14162,Spain
539184,21029,JUMBO BAG PINK POLKADOT,2,2010-12-23 00:00:00,8.11,14199,United Kingdom
539185,21099,JUMBO BAG RED RETROSPOT,6,2010-12-03 00:00:00,11.11,14276,France
539186,21023,ASSORTED COLOUR BIRD ORNAMENT,3,2011-01-29 00:00:00,2.76,15529,United Kingdom
539186,21040,FAIRY CAKE FLANNEL ASSORTED COLOUR,9,2011-01-23 00:00:00,4.91,17571,United Kingdom
539186,21016,HOME BUILDING BLOCK WORD,1,2010-12-13 00:00:00,9.22,14903,United Kingdom
539186,21015,CHOCOLATE HOT WATER BOTTLE,1,2010-12-28 00:00:00,6.76,13977,France
539187,21057,SET OF 3 MONOCHROME HEART MUGS,3,2010-12-12 00:00:00,3.16,15090,United Kingdom
539187,21096,LUNCH BAG RED RETROSPOT,6,2010-12-21 00:00:00,2.76,15782,Germany
539188,21038,CHILLI LIGHTS,3,2011-02-13 00:00:00,0.8,14673,Sweden
539189,21060,CHILLI LIGHTS,6,2010-12-06 00:00:00,0.8,15529,Italy
539190,21084,REGENCY CAKESTAND 3 TIER,2,2011-06-21 00:00:00,14.29,15648,United Kingdom
539191,21022,REGENCY CAKESTAND 3 TIER,1,2010-12-29 00:00:00,14.29,12552,United Kingdom
539192,21053,HOME BUILDING BLOCK WORD,1,2011-04-29 00:00:00,9.22,17067,Germany
539193,21024,WHITE HANGING HEART T-LIGHT HOLDER,5,2010-12-19 00:00:00,5.93,12725,Spain
C539193,21002,STRAWBERRY CERAMIC TRINKET POT,6,2011-01-20 00:00:00,1.34,16982,United Kingdom
539194,21083,FAIRY CAKE FLANNEL ASSORTED COLOUR,7,2010-12-25 00:00:00,4.91,18146,Belgium
539195,21088,WHITE HANGING HEART T-LIGHT HOLDER,3,2010-12-23 00:00:00,5.93,13241,United Kingdom
539196,21054,LOVE BUILDING BLOCK WORD,15,2010-12-16 00:00:00,10.77,14831,United Kingdom
539197,21076,LUNCH BAG RED RETROSPOT,1,2010-12-01 00:00:00,2.76,12848,United Kingdom
539198,21023,HANGING METAL LANTERN,5,2011-01-14 00:00:00,12.57,17571,United Kingdom
539199,21052,CHOCOLATE HOT WATER BOTTLE,3,2010-12-20 00:00:00,6.76,16842,United Kingdom
539200,21045,REGENCY CAKESTAND 3 TIER,1,2010-12-04 00:00:00,14.29,16595,Italy
539200,21018,RETROSPOT TEA SET CERAMIC 11 PC,2,2010-12-08 00:00:00,4.72,17518,United Kingdom
539201,21035,RETROSPOT TEA SET CERAMIC 11 PC,8,2011-02-26 00:00:00,4.72,12683,United Kingdom
539202,21009,CHILLI LIGHTS,4,2011-02-15 00:00:00,0.8,14241,United Kingdom
539203,21033,CHOCOLATE HOT WATER BOTTLE,2,2010-12-08 00:00:00,6.76,17362,United Kingdom
539204,21001,HOME BUILDING BLOCK WORD,2,2011-01-17 00:00:00,9.22,14546,United Kingdom
539204,21031,LUNCH BAG RED RETROSPOT,3,2011-03-02 00:00:00,2.76,16477,Switzerland
539205,21021,PINK VINTAGE PAISLEY PICNIC BAG,5,2011-02-28 00:00:00,3.14,13994,United Kingdom
539206,21075,WHITE HANGING HEART T-LIGHT HOLDER,4,2010-12-21 00:00:00,5.93,16193,United Kingdom
539206,21069,HOME BUILDING BLOCK WORD,2,2011-02-06 00:00:00,9.22,13044,France
539206,21080,BLUE KALMIA CERAMIC MUG,8,2010-12-21 00:00:00,3.58,13374,United Kingdom
539207,21027,HEART OF WICKER SMALL,1,2010-12-28 00:00:00,13.06,13589,United Kingdom
539208,21007,CHOCOLATE HOT WATER BOTTLE,2,2010-12-13 00:00:00,6.76,15170,United Kingdom
539209,21082,JUMBO BAG RED RETROSPOT,1,2010-12-21 00:00:00,11.11,13564,United Kingdom
539209,21093,WHITE HANGING HEART T-LIGHT HOLDER,2,2011-01-02 00:00:00,5.93,13300,United Kingdom
539210,21070,PINK VINTAGE PAISLEY PICNIC BAG,5,2011-03-14 00:00:00,3.14,14148,United Kingdom
539210,21087,JUMBO BAG RED RETROSPOT,1,2011-01-26 00:00:00,11.11,15351,Switzerland
539211,21070,HEART OF WICKER SMALL,4,2010-12-01 00:00:00,13.06,15090,France
539212,21084,PINK VINTAGE PAISLEY PICNIC BAG,1,2010-12-09 00:00:00,3.14,12737,United Kingdom
539213,21054,HANGING METAL LANTERN,11,2011-01-14 00:00:00,12.57,15521,United Kingdom
539214,21054,RETROSPOT TEA SET CERAMIC 11 PC,2,2010-12-30 00:00:00,4.72,17880,France
539214,21067,LOVE BUILDING BLOCK WORD,1,2010-12-22 00:00:00,10.77,17809,Sweden
539215,21004,LOVE BUILDING BLOCK WORD,1,2010-12-19 00:00:00,10.77,15351,United Kingdom
539216,21087,JUMBO BAG PINK POLKADOT,1,2010-12-21 00:00:00,8.11,16092,Portugal
539217,21014,CHILLI LIGHTS,2,2010-12-02 00:00:00,0.8,14825,United Kingdom
539218,21066,RETROSPOT TEA SET CERAMIC 11 PC,4,2011-01-18 00:00:00,4.72,17885,United Kingdom
539219,21052,RETROSPOT TEA SET CERAMIC 11 PC,8,2010-12-03 00:00:00,4.72,12362,United Kingdom
539219,21055,SET OF 3 MONOCHROME HEART MUGS,5,2010-12-01 00:00:00,3.16,13044,United Kingdom
539220,21050,FAIRY CAKE FLANNEL ASSORTED COLOUR,2,2010-12-17 00:00:00,4.91,16710,France
539221,21048,JUMBO BAG PINK POLKADOT,2,2011-03-08 00:00:00,8.11,16759,United Kingdom
539222,21058,ASSORTED COLOUR BIRD ORNAMENT,1,2010-12-09 00:00:00,2.76,14601,United Kingdom
539223,21014,JUMBO BAG RED RETROSPOT,6,2011-01-07 00:00:00,11.11,17654,United Kingdom
539224,21008,BLUE KALMIA CERAMIC MUG,8,2010-12-20 00:00:00,3.58,15529,United Kingdom
539225,21034,LUNCH BAG RED RETROSPOT,1,2010-12-10 00:00:00,2.76,13637,Germany
539226,21044,JUMBO BAG RED RETROSPOT,6,2010-12-12 00:00:00,11.11,17571,Spain
539227,21072,JUMBO BAG RED RETROSPOT,2,2010-12-03 00:00:00,11.11,14387,Germany
539228,21082,ASSORTED COLOUR BIRD ORNAMENT,4,2011-01-13 00:00:00,2.76,17438,United Kingdom
539228,21064,WHITE HANGING HEART T-LIGHT HOLDER,2,2010-12-01 00:00:00,5.93,14487,France
539229,21078,JUMBO BAG PINK POLKADOT,1,2010-12-23 00:00:00,8.11,16820,United Kingdom
539230,21084,HEART OF WICKER SMALL,4,2010-12-27 00:00:00,13.06,18229,France
539231,21089,HEART OF WICKER SMALL,7,2010-12-05 00:00:00,13.06,15405,United Kingdom
539232,21039,JUMBO BAG PINK POLKADOT,4,2010-12-08 00:00:00,8.11,16845,Spain
539233,21011,HOME BUILDING BLOCK WORD,3,2010-12-16 00:00:00,9.22,13362,United Kingdom
539233,21091,HOME BUILDING BLOCK WORD,4,2010-12-04 00:00:00,9.22,17850,United Kingdom
539233,21017,LUNCH BAG RED RETROSPOT,4,2011-02-12 00:00:00,2.76,15892,United Kingdom
539234,21032,HOME BUILDING BLOCK WORD,3,2010-12-01 00:00:00,9.22,17438,Portugal
539234,21017,ASSORTED COLOUR BIRD ORNAMENT,3,2010-12-17 00:00:00,2.76,15702,United Kingdom
539235,21060,CHILLI LIGHTS,4,2010-12-21 00:00:00,0.8,15607,France
539235,21093,SET OF 3 MONOCHROME HEART MUGS,6,2010-12-16 00:00:00,3.16,17880,United Kingdom
539236,21080,CHOCOLATE HOT WATER BOTTLE,1,2011-01-01 00:00:00,6.76,16537,Portugal
539237,21023,HOME BUILDING BLOCK WORD,12,2011-02-14 00:00:00,9.22,14384,Switzerland
539237,21064,SET OF 3 MONOCHROME HEART MUGS,13,2010-12-02 00:00:00,3.16,14332,United Kingdom
539238,21087,REGENCY CAKESTAND 3 TIER,1,2010-12-15 00:00:00,14.29,14068,Germany
539239,21005,RETROSPOT TEA SET CERAMIC 11 PC,2,2011-01-14 00:00:00,4.72,15740,United Kingdom
539239,21044,RETROSPOT TEA SET CERAMIC 11 PC,1,2010-12-24 00:00:00,4.72,12380,United Kingdom
539240,21087,PINK VINTAGE PAISLEY PICNIC BAG,5,2011-01-02 00:00:00,3.14,17398,United Kingdom
539241,21018,STRAWBERRY CERAMIC TRINKET POT,1,2011-01-20 00:00:00,1.34,15397,Portugal
539242,21022,WHITE HANGING HEART T-LIGHT HOLDER,1,2010-12-04 00:00:00,5.93,17534,United Kingdom
539242,21064,BLUE KALMIA CERAMIC MUG,3,2010-12-22 00:00:00,3.58,13875,Switzerland
539243,21072,CHILLI LIGHTS,2,2010-12-31 00:00:00,0.8,16911,United Kingdom
539244,21007,HANGING METAL LANTERN,3,2011-01-06 00:00:00,12.57,17557,United Kingdom
C539245,21085,ASSORTED COLOUR BIRD ORNAMENT,3,2011-03-12 00:00:00,2.76,15498,United Kingdom
539245,21043,WHITE HANGING HEART T-LIGHT HOLDER,1,2010-12-06 00:00:00,5.93,15157,France
539245,21074,JUMBO BAG RED RETROSPOT,1,2010-12-06 00:00:00,11.11,16894,France
539246,21062,BLUE KALMIA CERAMIC MUG,6,2010-12-21 00:00:00,3.58,14080,United Kingdom
539247,21065,JUMBO BAG PINK POLKADOT,2,2011-01-12 00:00:00,8.11,13045,United Kingdom
539248,21025,LUNCH BAG RED RETROSPOT,9,2010-12-13 00:00:00,2.76,14327,Germany
539249,21058,HANGING METAL LANTERN,4,2011-02-09 00:00:00,12.57,18229,United Kingdom
539249,21037,FAIRY CAKE FLANNEL ASSORTED COLOUR,4,2011-01-08 00:00:00,4.91,16839,United Kingdom
539249,21018,HOME BUILDING BLOCK WORD,4,2010-12-21 00:00:00,9.22,13121,United Kingdom
539250,21076,SET OF 3 MONOCHROME HEART MUGS,9,2011-01-01 00:00:00,3.16,13873,Switzerland
539250,21050,PARTY BUNTING,4,2010-12-09 00:00:00,9.18,15093,United Kingdom
539250,21001,JUMBO BAG PINK POLKADOT,8,2010-12-10 00:00:00,8.11,16622,United Kingdom
539251,21024,BLUE KALMIA CERAMIC MUG,4,2010-12-15 00:00:00,3.58,14241,United Kingdom
539251,21039,HEART OF WICKER SMALL,1,2010-12-29 00:00:00,13.06,15277,France
539252,21035,SET OF 3 MONOCHROME HEART MUGS,1,2010-12-01 00:00:00,3.16,17081,United Kingdom
539253,21031,STRAWBERRY CERAMIC TRINKET POT,1,2010-12-24 00:00:00,1.34,14914,France
539254,21072,PARTY BUNTING,1,2010-12-10 00:00:00,9.18,18031,Germany
539255,21070,WHITE HANGING HEART T-LIGHT HOLDER,1,2011-01-23 00:00:00,5.93,15791,United Kingdom
539256,21095,PARTY BUNTING,3,2010-12-15 00:00:00,9.18,17434,Switzerland
539257,21081,PINK VINTAGE PAISLEY PICNIC BAG,4,2011-02-01 00:00:00,3.14,13694,United Kingdom
539258,21008,HOME BUILDING BLOCK WORD,3,2010-12-03 00:00:00,9.22,14506,United Kingdom
539259,21054,REGENCY CAKESTAND 3 TIER,1,2010-12-07 00:00:00,14.29,16076,United Kingdom
539260,21081,PINK VINTAGE PAISLEY PICNIC BAG,1,2010-12-16 00:00:00,3.14,14327,United Kingdom
539261,21017,PINK VINTAGE PAISLEY PICNIC BAG,1,2010-12-10 00:00:00,3.14,15740,United Kingdom
539262,21024,REGENCY CAKESTAND 3 TIER,6,2010-12-21 00:00:00,14.29,18193,France
539263,21069,JUMBO BAG RED RETROSPOT,10,2011-02-03 00:00:00,11.11,18021,United Kingdom
539264,21064,PARTY BUNTING,1,2010-12-06 00:00:00,9.18,13931,United Kingdom
539265,21084,HOME BUILDING BLOCK WORD,2,2010-12-02 00:00:00,9.22,13391,Germany
539266,21025,LUNCH BAG RED RETROSPOT,4,2011-02-20 00:00:00,2.76,16992,United Kingdom
539267,21001,PINK VINTAGE PAISLEY PICNIC BAG,4,2011-01-04 00:00:00,3.14,16894,United Kingdom
539268,21030,LOVE BUILDING BLOCK WORD,2,2010-12-05 00:00:00,10.77,15265,United Kingdom
539268,21083,HEART SHAPED DOUGHNUT,1,2011-01-13 00:00:00,14.56,13009,France
539269,21091,SET OF 3 MONOCHROME HEART MUGS,4,2011-03-14 00:00:00,3.16,15195,United Kingdom
539269,21026,WHITE HANGING HEART T-LIGHT HOLDER,3,2011-01-03 00:00:00,5.93,13494,United Kingdom
539269,21069,SET OF 3 MONOCHROME HEART MUGS,1,2010-12-09 00:00:00,3.16,13367,United Kingdom
539270,21020,SET OF 3 MONOCHROME HEART MUGS,9,2010-12-15 00:00:00,3.16,17257,Portugal
539271,21095,CHILLI LIGHTS,1,2010-12-30 00:00:00,0.8,15136,United Kingdom
539272,21057,HEART SHAPED DOUGHNUT,1,2010-12-01 00:00:00,14.56,14416,Netherlands
539273,21085,SET OF 3 MONOCHROME HEART MUGS,2,2010-12-07 00:00:00,3.16,18076,United Kingdom
539274,21086,CHILLI LIGHTS,8,2011-01-30 00:00:00,0.8,13009,Portugal
539274,21087,LUNCH BAG RED RETROSPOT,7,2010-12-12 00:00:00,2.76,13512,France
539275,21063,HANGING METAL LANTERN,3,2010-12-14 00:00:00,12.57,17938,United Kingdom
539276,21079,FAIRY CAKE FLANNEL ASSORTED COLOUR,2,2011-02-15 00:00:00,4.91,15123,Switzerland
539276,21087,JUMBO BAG RED RETROSPOT,3,2010-12-07 00:00:00,11.11,12992,Switzerland
539276,21059,HEART OF WICKER SMALL,15,2010-12-09 00:00:00,13.06,13045,United Kingdom
539276,21084,HEART SHAPED DOUGHNUT,3,2011-02-25 00:00:00,14.56,17082,United Kingdom
539277,21015,HOME BUILDING BLOCK WORD,3,2010-12-02 00:00:00,9.22,15565,France
539278,21093,HEART OF WICKER SMALL,3,2011-03-19 00:00:00,13.06,17126,Italy
539279,21059,LOVE BUILDING BLOCK WORD,3,2010-12-06 00:00:00,10.77,16860,United Kingdom
539280,21073,FAIRY CAKE FLANNEL ASSORTED COLOUR,1,2010-12-24 00:00:00,4.91,14245,United Kingdom
539280,21041,LOVE BUILDING BLOCK WORD,2,2010-12-11 00:00:00,10.77,15215,Portugal
539280,21034,LOVE BUILDING BLOCK WORD,8,2010-12-26 00:00:00,10.77,17571,United Kingdom
539280,21039,RETROSPOT TEA SET CERAMIC 11 PC,5,2011-01-04 00:00:00,4.72,16710,United Kingdom
539281,21018,STRAWBERRY CERAMIC TRINKET POT,1,2010-12-08 00:00:00,1.34,12380,United Kingdom
539281,21002,PINK VINTAGE PAISLEY PICNIC BAG,5,2010-12-14 00:00:00,3.14,13589,United Kingdom
539282,21021,PINK VINTAGE PAISLEY PICNIC BAG,2,2011-02-11 00:00:00,3.14,15743,France
539282,21041,HEART SHAPED DOUGHNUT,5,2010-12-16 00:00:00,14.56,15852,United Kingdom
539283,21022,SET OF 3 MONOCHROME HEART MUGS,1,2011-01-10 00:00:00,3.16,15277,United Kingdom
539284,21002,RETROSPOT TEA SET CERAMIC 11 PC,4,2010-12-01 00:00:00,4.72,17518,Spain
539285,21064,ASSORTED COLOUR BIRD ORNAMENT,2,2011-02-18 00:00:00,2.76,17622,United Kingdom
539286,21010,HOME BUILDING BLOCK WORD,4,2010-12-02 00:00:00,9.22,16842,Netherlands
539287,21035,JUMBO BAG PINK POLKADOT,2,2010-12-04 00:00:00,8.11,17362,United Kingdom
539288,21073,HOME BUILDING BLOCK WORD,4,2010-12-07 00:00:00,9.22,15892,United Kingdom
539289,21063,HANGING METAL LANTERN,6,2010-12-08 00:00:00,12.57,15470,United Kingdom
539290,21068,WHITE HANGING HEART T-LIGHT HOLDER,6,2010-12-30 00:00:00,5.93,18193,United Kingdom
539291,21079,HANGING METAL LANTERN,2,2011-04-10 00:00:00,12.57,13362,United Kingdom
539292,21005,FAIRY CAKE FLANNEL ASSORTED COLOUR,2,2011-01-10 00:00:00,4.91,16811,Spain
539292,21044,WHITE HANGING HEART T-LIGHT HOLDER,1,2010-12-15 00:00:00,5.93,15321,France
539293,21085,SET OF 3 MONOCHROME HEART MUGS,5,2010-12-23 00:00:00,3.16,17850,Switzerland
539294,21062,JUMBO BAG PINK POLKADOT,2,2010-12-06 00:00:00,8.11,16069,United Kingdom
539294,21092,HANGING METAL LANTERN,1,2010-12-11 00:00:00,12.57,16779,Portugal
539295,21013,LUNCH BAG RED RETROSPOT,2,2010-12-05 00:00:00,2.76,13914,United Kingdom
539296,21008,SET OF 3 MONOCHROME HEART MUGS,1,2010-12-05 00:00:00,3.16,15852,United Kingdom
539297,21047,RETROSPOT TEA SET CERAMIC 11 PC,10,2010-12-09 00:00:00,4.72,15820,United Kingdom
539298,21063,BLUE KALMIA CERAMIC MUG,5,2010-12-04 00:00:00,3.58,14911,United Kingdom
539299,21012,HEART SHAPED DOUGHNUT,3,2010-12-16 00:00:00,14.56,13715,Switzerland
539300,21099,HEART SHAPED DOUGHNUT,4,2010-12-06 00:00:00,14.56,15529,Netherlands
539301,21029,CHOCOLATE HOT WATER BOTTLE,1,2010-12-05 00:00:00,6.76,13791,United Kingdom
539301,21098,SET OF 3 MONOCHROME HEART MUGS,5,2011-01-01 00:00:00,3.16,13362,France
539302,21049,HEART SHAPED DOUGHNUT,8,2010-12-01 00:00:00,14.56,17976,United Kingdom
539302,21053,REGENCY CAKESTAND 3 TIER,4,2011-02-06 00:00:00,14.29,15807,Belgium
539303,21045,HEART SHAPED DOUGHNUT,1,2010-12-09 00:00:00,14.56,14914,United Kingdom
539304,21007,JUMBO BAG RED RETROSPOT,2,2010-12-09 00:00:00,11.11,16759,United Kingdom
539305,21061,JUMBO BAG PINK POLKADOT,1,2010-12-03 00:00:00,8.11,16488,United Kingdom
539306,21078,LOVE BUILDING BLOCK WORD,6,2010-12-26 00:00:00,10.77,13197,France
539307,21026,REGENCY CAKESTAND 3 TIER,5,2011-01-18 00:00:00,14.29,18229,Portugal
539308,21014,WHITE HANGING HEART T-LIGHT HOLDER,1,2010-12-10 00:00:00,5.93,14025,Spain
539308,21025,JUMBO BAG RED RETROSPOT,5,2011-01-03 00:00:00,11.11,13564,Germany
539309,21048,HOME BUILDING BLOCK WORD,4,2011-01-05 00:00:00,9.22,12981,United Kingdom
539309,21046,FAIRY CAKE FLANNEL ASSORTED COLOUR,1,2011-02-11 00:00:00,4.91,15184,France
539310,21090,SET OF 3 MONOCHROME HEART MUGS,10,2011-04-02 00:00:00,3.16,14199,United Kingdom
539311,21071,FAIRY CAKE FLANNEL ASSORTED COLOUR,1,2010-12-04 00:00:00,4.91,18103,United Kingdom
539312,21083,PARTY BUNTING,1,2011-01-05 00:00:00,9.18,12548,United Kingdom
539313,21023,WHITE HANGING HEART T-LIGHT HOLDER,5,2010-12-11 00:00:00,5.93,17938,Netherlands
539314,21008,PINK VINTAGE PAISLEY PICNIC BAG,4,2011-03-07 00:00:00,3.14,18210,Portugal
539315,21028,CHILLI LIGHTS,1,2011-04-01 00:00:00,0.8,17850,United Kingdom
539316,21084,PARTY BUNTING,6,2010-12-24 00:00:00,9.18,13130,United Kingdom
539317,21038,JUMBO BAG RED RETROSPOT,4,2010-12-15 00:00:00,11.11,18146,Netherlands
539318,21062,HANGING METAL LANTERN,6,2010-12-02 00:00:00,12.57,15305,United Kingdom
539318,21062,JUMBO BAG RED RETROSPOT,2,2010-12-26 00:00:00,11.11,15498,United Kingdom
539318,21098,HOME BUILDING BLOCK WORD,1,2011-03-13 00:00:00,9.22,14837,United Kingdom
C539318,21026,HANGING METAL LANTERN,6,2011-02-01 00:00:00,12.57,15466,Germany
539319,21070,PINK VINTAGE PAISLEY PICNIC BAG,2,2010-12-07 00:00:00,3.14,15136,Switzerland
539320,21010,WHITE HANGING HEART T-LIGHT HOLDER,6,2011-02-10 00:00:00,5.93,17239,Netherlands
539321,21001,BLUE KALMIA CERAMIC MUG,8,2010-12-13 00:00:00,3.58,17237,Sweden
539322,21045,WHITE HANGING HEART T-LIGHT HOLDER,3,2010-12-11 00:00:00,5.93,13709,United Kingdom
539323,21008,BLUE KALMIA CERAMIC MUG,7,2010-12-26 00:00:00,3.58,12834,United Kingdom
539324,21075,HEART OF WICKER SMALL,4,2010-12-04 00:00:00,13.06,13300,France
539325,21034,LUNCH BAG RED RETROSPOT,4,2010-12-27 00:00:00,2.76,15157,United Kingdom
539325,21017,PINK VINTAGE PAISLEY PICNIC BAG,3,2011-01-23 00:00:00,3.14,14831,United Kingdom
539326,21087,RETROSPOT TEA SET CERAMIC 11 PC,2,2010-12-09 00:00:00,4.72,16186,Belgium
539327,21028,FAIRY CAKE FLANNEL ASSORTED COLOUR,5,2010-12-09 00:00:00,4.91,17788,United Kingdom
539328,21017,HEART SHAPED DOUGHNUT,6,2010-12-26 00:00:00,14.56,17233,United Kingdom
539329,21064,CHOCOLATE HOT WATER BOTTLE,2,2010-12-27 00:00:00,6.76,16901,United Kingdom
539330,21073,STRAWBERRY CERAMIC TRINKET POT,6,2010-12-17 00:00:00,1.34,14857,United Kingdom
539331,21054,JUMBO BAG PINK POLKADOT,3,2010-12-28 00:00:00,8.11,13422,Portugal
C539331,21058,JUMBO BAG PINK POLKADOT,3,2010-12-13 00:00:00,8.11,15075,United Kingdom
539331,21087,HANGING METAL LANTERN,2,2010-12-25 00:00:00,12.57,13405,Netherlands
539332,21019,STRAWBERRY CERAMIC TRINKET POT,7,2010-12-05 00:00:00,1.34,13709,United Kingdom
539333,21044,PINK VINTAGE PAISLEY PICNIC BAG,4,2010-12-02 00:00:00,3.14,16894,United Kingdom
539334,21040,HEART SHAPED DOUGHNUT,5,2011-02-11 00:00:00,14.56,15588,Germany
539335,21076,CHOCOLATE HOT WATER BOTTLE,2,2011-01-27 00:00:00,6.76,17699,France
539335,21057,BLUE KALMIA CERAMIC MUG,3,2011-01-04 00:00:00,3.58,15498,United Kingdom
539336,21032,JUMBO BAG PINK POLKADOT,8,2010-12-15 00:00:00,8.11,15136,United Kingdom
539336,21051,BLUE KALMIA CERAMIC MUG,7,2010-12-21 00:00:00,3.58,15419,United Kingdom
539337,21077,CHILLI LIGHTS,3,2010-12-04 00:00:00,0.8,15688,Spain
539338,21023,SET OF 3 MONOCHROME HEART MUGS,1,2010-12-11 00:00:00,3.16,13161,United Kingdom
539339,21004,CHILLI LIGHTS,1,2011-01-07 00:00:00,0.8,14010,United Kingdom
539340,21007,FAIRY CAKE FLANNEL ASSORTED COLOUR,2,2010-12-02 00:00:00,4.91,14009,Belgium
539340,21063,HEART OF WICKER SMALL,1,2011-02-24 00:00:00,13.06,13161,France
539341,21067,PARTY BUNTING,3,2011-01-18 00:00:00,9.18,12681,Germany
539342,21091,LUNCH BAG RED RETROSPOT,5,2010-12-12 00:00:00,2.76,13755,United Kingdom
539343,21017,CHILLI LIGHTS,7,2010-12-12 00:00:00,0.8,17069,United Kingdom
539344,21059,RETROSPOT TEA SET CERAMIC 11 PC,1,2011-01-08 00:00:00,4.72,18238,United Kingdom
539344,21007,CHOCOLATE HOT WATER BOTTLE,4,2010-12-31 00:00:00,6.76,13321,United Kingdom
C539345,21011,LOVE BUILDING BLOCK WORD,1,2010-12-04 00:00:00,10.77,17754,Netherlands
539346,21084,HANGING METAL LANTERN,1,2011-01-17 00:00:00,12.57,13197,United Kingdom
539347,21006,RETROSPOT TEA SET CERAMIC 11 PC,3,2010-12-01 00:00:00,4.72,14024,Switzerland
539348,21011,HEART SHAPED DOUGHNUT,1,2011-01-04 00:00:00,14.56,16346,United Kingdom
539348,21049,HOME BUILDING BLOCK WORD,1,2010-12-20 00:00:00,9.22,13406,United Kingdom
539348,21032,REGENCY CAKESTAND 3 TIER,5,2011-01-02 00:00:00,14.29,14103,Netherlands
539349,21088,HANGING METAL LANTERN,3,2010-12-27 00:00:00,12.57,13055,Netherlands
539349,21041,HANGING METAL LANTERN,1,2010-12-19 00:00:00,12.57,17571,United Kingdom
539350,21003,WHITE HANGING HEART T-LIGHT HOLDER,1,2011-01-14 00:00:00,5.93,16957,Switzerland
539351,21094,PARTY BUNTING,5,2010-12-04 00:00:00,9.18,15820,United Kingdom
539352,21096,HEART OF WICKER SMALL,2,2010-12-06 00:00:00,13.06,18215,United Kingdom
539353,21083,CHILLI LIGHTS,2,2010-12-04 00:00:00,0.8,16339,United Kingdom
539354,21009,STRAWBERRY CERAMIC TRINKET POT,5,2010-12-15 00:00:00,1.34,13613,France
539355,21035,HEART OF WICKER SMALL,6,2010-12-17 00:00:00,13.06,14328,United Kingdom
539356,21097,JUMBO BAG PINK POLKADOT,2,2010-12-23 00:00:00,8.11,17215,United Kingdom
539357,21024,RETROSPOT TEA SET CERAMIC 11 PC,2,2011-01-31 00:00:00,4.72,17319,United Kingdom
539358,21006,LUNCH BAG RED RETROSPOT,2,2010-12-06 00:00:00,2.76,15075,France
539359,21095,RETROSPOT TEA SET CERAMIC 11 PC,1,2011-01-16 00:00:00,4.72,12543,United Kingdom
539360,21049,PARTY BUNTING,1,2011-01-02 00:00:00,9.18,13931,Spain
539360,21068,CHOCOLATE HOT WATER BOTTLE,1,2011-01-05 00:00:00,6.76,15820,United Kingdom
539361,21025,PINK VINTAGE PAISLEY PICNIC BAG,4,2010-12-22 00:00:00,3.14,15648,Germany
539362,21068,BLUE KALMIA CERAMIC MUG,2,2010-12-17 00:00:00,3.58,15454,United Kingdom
539363,21045,LUNCH BAG RED RETROSPOT,1,2011-02-14 00:00:00,2.76,13715,United Kingdom
539364,21038,HOME BUILDING BLOCK WORD,4,2010-12-27 00:00:00,9.22,15516,United Kingdom
539365,21008,SET OF 3 MONOCHROME HEART MUGS,4,2010-12-06 00:00:00,3.16,16929,United Kingdom
539366,21044,HOME BUILDING BLOCK WORD,5,2010-12-11 00:00:00,9.22,12599,United Kingdom
539366,21032,WHITE HANGING HEART T-LIGHT HOLDER,4,2011-01-01 00:00:00,5.93,15902,Portugal
539367,21081,HOME BUILDING BLOCK WORD,2,2010-12-16 00:00:00,9.22,13874,Switzerland
539368,21085,WHITE HANGING HEART T-LIGHT HOLDER,1,2010-12-21 00:00:00,5.93,12952,United Kingdom
539368,21017,HEART OF WICKER SMALL,5,2011-02-17 00:00:00,13.06,15516,France
539368,21013,LOVE BUILDING BLOCK WORD,2,2010-12-01 00:00:00,10.77,18076,United Kingdom
539369,21096,LOVE BUILDING BLOCK WORD,1,2010-12-05 00:00:00,10.77,13362,United Kingdom
539370,21061,LUNCH BAG RED RETROSPOT,2,2010-12-01 00:00:00,2.76,15136,United Kingdom
539371,21034,ASSORTED COLOUR BIRD ORNAMENT,3,2010-12-07 00:00:00,2.76,14079,United Kingdom
539372,21035,RETROSPOT TEA SET CERAMIC 11 PC,1,2010-12-12 00:00:00,4.72,16082,Portugal
539372,21063,WHITE HANGING HEART T-LIGHT HOLDER,1,2011-01-04 00:00:00,5.93,13222,France
539372,21035,SET OF 3 MONOCHROME HEART MUGS,1,2010-12-26 00:00:00,3.16,17144,United Kingdom
539373,21035,BLUE KALMIA CERAMIC MUG,1,2010-12-31 00:00:00,3.58,15700,United Kingdom
539374,21047,PARTY BUNTING,1,2010-12-05 00:00:00,9.18,17568,United Kingdom
539375,21060,FAIRY CAKE FLANNEL ASSORTED COLOUR,2,2010-12-06 00:00:00,4.91,14039,United Kingdom
539376,21097,HEART OF WICKER SMALL,4,2010-12-04 00:00:00,13.06,15856,United Kingdom
539377,21068,LUNCH BAG RED RETROSPOT,2,2011-01-01 00:00:00,2.76,12725,Portugal
539378,21089,PARTY BUNTING,3,2010-12-10 00:00:00,9.18,17976,United Kingdom
539379,21087,LUNCH BAG RED RETROSPOT,3,2010-12-24 00:00:00,2.76,13337,United Kingdom
539380,21004,BLUE KALMIA CERAMIC MUG,3,2010-12-02 00:00:00,3.58,17434,Switzerland
539381,21064,HANGING METAL LANTERN,1,2011-01-09 00:00:00,12.57,15397,United Kingdom
539382,21070,PARTY BUNTING,7,2011-02-26 00:00:00,9.18,13209,Netherlands
539383,21068,JUMBO BAG PINK POLKADOT,12,2011-01-24 00:00:00,8.11,14189,United Kingdom
539384,21087,HANGING METAL LANTERN,3,2011-01-14 00:00:00,12.57,17788,United Kingdom
539385,21078,ASSORTED COLOUR BIRD ORNAMENT,3,2010-12-30 00:00:00,2.76,15184,United Kingdom
539386,21057,CHILLI LIGHTS,1,2010-12-09 00:00:00,0.8,12552,United Kingdom
539387,21019,HEART OF WICKER SMALL,8,2010-12-15 00:00:00,13.06,14053,United Kingdom
539387,21093,HOME BUILDING BLOCK WORD,1,2010-12-09 00:00:00,9.22,13300,France
539388,21069,HEART SHAPED DOUGHNUT,1,2010-12-26 00:00:00,14.56,13200,United Kingdom
539388,21063,LOVE BUILDING BLOCK WORD,3,2010-12-20 00:00:00,10.77,17480,United Kingdom
539388,21049,ASSORTED COLOUR BIRD ORNAMENT,2,2011-03-16 00:00:00,2.76,16564,United Kingdom
539389,21010,HANGING METAL LANTERN,1,2011-01-02 00:00:00,12.57,17144,Germany
539390,21007,PARTY BUNTING,4,2010-12-16 00:00:00,9.18,15084,United Kingdom
539391,21075,HOME BUILDING BLOCK WORD,3,2011-01-04 00:00:00,9.22,14831,Netherlands
539391,21058,CHOCOLATE HOT WATER BOTTLE,3,2011-01-11 00:00:00,6.76,13150,United Kingdom
539392,21044,FAIRY CAKE FLANNEL ASSORTED COLOUR,1,2010-12-22 00:00:00,4.91,16042,France
539393,21009,ASSORTED COLOUR BIRD ORNAMENT,1,2010-12-09 00:00:00,2.76,14245,United Kingdom
539394,21008,JUMBO BAG RED RETROSPOT,2,2011-02-07 00:00:00,11.11,14673,France
539395,21073,BLUE KALMIA CERAMIC MUG,2,2010-12-16 00:00:00,3.58,15351,Switzerland
539396,21062,SET OF 3 MONOCHROME HEART MUGS,4,2011-01-20 00:00:00,3.16,14673,France
539397,21036,HOME BUILDING BLOCK WORD,5,2010-12-03 00:00:00,9.22,13816,Spain
539398,21091,PARTY BUNTING,2,2010-12-27 00:00:00,9.18,14301,United Kingdom
539399,21050,RETROSPOT TEA SET CERAMIC 11 PC,2,2010-12-02 00:00:00,4.72,15516,Netherlands
539400,21071,ASSORTED COLOUR BIRD ORNAMENT,1,2010-12-20 00:00:00,2.76,13709,United Kingdom
539400,21060,PINK VINTAGE PAISLEY PICNIC BAG,4,2011-01-28 00:00:00,3.14,17257,Netherlands
539400,21046,REGENCY CAKESTAND 3 TIER,1,2010-12-10 00:00:00,14.29,15077,France
539400,21001,STRAWBERRY CERAMIC TRINKET POT,3,2010-12-19 00:00:00,1.34,13300,Portugal
539401,21086,JUMBO BAG PINK POLKADOT,1,2011-01-11 00:00:00,8.11,15493,United Kingdom
539402,21061,PARTY BUNTING,2,2011-01-06 00:00:00,9.18,17257,United Kingdom
539403,21081,HANGING METAL LANTERN,11,2010-12-16 00:00:00,12.57,15529,United Kingdom
539404,21092,FAIRY CAKE FLANNEL ASSORTED COLOUR,1,2010-12-08 00:00:00,4.91,14883,Belgium
539404,21007,REGENCY CAKESTAND 3 TIER,6,2010-12-02 00:00:00,14.29,16092,United Kingdom
539405,21002,PINK VINTAGE PAISLEY PICNIC BAG,2,2011-01-31 00:00:00,3.14,13321,France
539405,21020,LOVE BUILDING BLOCK WORD,4,2010-12-06 00:00:00,10.77,15405,United Kingdom
539406,21030,HEART OF WICKER SMALL,2,2011-01-18 00:00:00,13.06,13361,United Kingdom
539407,21017,CHOCOLATE HOT WATER BOTTLE,2,2011-01-21 00:00:00,6.76,13981,United Kingdom
539408,21030,LOVE BUILDING BLOCK WORD,4,2011-03-30 00:00:00,10.77,13358,United Kingdom
539409,21086,PARTY BUNTING,10,2011-04-28 00:00:00,9.18,13931,United Kingdom
539410,21055,HANGING METAL LANTERN,7,2010-12-03 00:00:00,12.57,18045,United Kingdom
539411,21057,REGENCY CAKESTAND 3 TIER,4,2010-12-01 00:00:00,14.29,14831,United Kingdom
539412,21081,FAIRY CAKE FLANNEL ASSORTED COLOUR,4,2010-12-08 00:00:00,4.91,17938,Germany
539413,21075,PARTY BUNTING,3,2011-03-12 00:00:00,9.18,16069,Switzerland
C539414,21094,LUNCH BAG RED RETROSPOT,2,2010-12-09 00:00:00,2.76,14902,United Kingdom
539414,21071,HANGING METAL LANTERN,1,2010-12-12 00:00:00,12.57,13816,United Kingdom
539415,21015,REGENCY CAKESTAND 3 TIER,5,2010-12-05 00:00:00,14.29,15498,United Kingdom
539416,21021,STRAWBERRY CERAMIC TRINKET POT,1,2011-01-15 00:00:00,1.34,17518,Switzerland
539417,21032,STRAWBERRY CERAMIC TRINKET POT,1,2010-12-14 00:00:00,1.34,14189,France
539418,21042,FAIRY CAKE FLANNEL ASSORTED COLOUR,2,2010-12-17 00:00:00,4.91,13485,United Kingdom
539418,21050,ASSORTED COLOUR BIRD ORNAMENT,3,2010-12-03 00:00:00,2.76,14024,Germany
539418,21052,SET OF 3 MONOCHROME HEART MUGS,5,2010-12-16 00:00:00,3.16,16839,United Kingdom
539419,21086,HOME BUILDING BLOCK WORD,4,2011-02-08 00:00:00,9.22,16779,United Kingdom
539419,21037,LUNCH BAG RED RETROSPOT,1,2011-02-13 00:00:00,2.76,15743,United Kingdom
539420,21060,CHOCOLATE HOT WATER BOTTLE,2,2010-12-16 00:00:00,6.76,12908,Netherlands
539421,21096,HEART OF WICKER SMALL,11,2010-12-09 00:00:00,13.06,17595,Netherlands
539422,21074,BLUE KALMIA CERAMIC MUG,1,2011-01-27 00:00:00,3.58,12883,United Kingdom
539423,21023,RETROSPOT TEA SET CERAMIC 11 PC,1,2011-01-26 00:00:00,4.72,14199,United Kingdom
539424,21048,RETROSPOT TEA SET CERAMIC 11 PC,8,2010-12-06 00:00:00,4.72,15454,Portugal
539425,21018,HANGING METAL LANTERN,1,2010-12-06 00:00:00,12.57,14959,Germany
539426,21064,RETROSPOT TEA SET CERAMIC 11 PC,5,2010-12-12 00:00:00,4.72,14327,United Kingdom
539426,21099,RETROSPOT TEA SET CERAMIC 11 PC,1,2010-12-27 00:00:00,4.72,15345,United Kingdom
C539427,21060,LUNCH BAG RED RETROSPOT,5,2011-01-03 00:00:00,2.76,12838,Germany
539427,21011,ASSORTED COLOUR BIRD ORNAMENT,2,2011-02-02 00:00:00,2.76,15185,Netherlands
539428,21067,RETROSPOT TEA SET CERAMIC 11 PC,3,2011-02-18 00:00:00,4.72,15740,United Kingdom
539429,21023,RETROSPOT TEA SET CERAMIC 11 PC,1,2011-01-06 00:00:00,4.72,16375,United Kingdom
539430,21099,WHITE HANGING HEART T-LIGHT HOLDER,2,2011-03-24 00:00:00,5.93,17976,Spain
539430,21098,STRAWBERRY CERAMIC TRINKET POT,1,2011-01-31 00:00:00,1.34,12543,United Kingdom
539431,21079,FAIRY CAKE FLANNEL ASSORTED COLOUR,6,2011-01-01 00:00:00,4.91,16897,Germany
539432,21015,HANGING METAL LANTERN,4,2010-12-25 00:00:00,12.57,13305,France
539432,21098,HOME BUILDING BLOCK WORD,11,2010-12-05 00:00:00,9.22,17028,Netherlands
539433,21070,ASSORTED COLOUR BIRD ORNAMENT,1,2011-01-11 00:00:00,2.76,15405,United Kingdom
539434,21095,WHITE HANGING HEART T-LIGHT HOLDER,2,2010-12-12 00:00:00,5.93,14857,United Kingdom
539435,21071,SET OF 3 MONOCHROME HEART MUGS,1,2011-02-19 00:00:00,3.16,14152,Switzerland
539436,21008,LOVE BUILDING BLOCK WORD,2,2010-12-02 00:00:00,10.77,17275,United Kingdom
539436,21075,BLUE KALMIA CERAMIC MUG,1,2010-12-08 00:00:00,3.58,15688,United Kingdom
539436,21078,JUMBO BAG RED RETROSPOT,3,2010-12-09 00:00:00,11.11,18193,United Kingdom
539436,21043,PARTY BUNTING,1,2011-01-13 00:00:00,9.18,17275,Portugal
539437,21040,BLUE KALMIA CERAMIC MUG,6,2011-01-04 00:00:00,3.58,18238,United Kingdom
539437,21005,HEART OF WICKER SMALL,1,2011-01-24 00:00:00,13.06,14327,Spain
539437,21069,HEART OF WICKER SMALL,2,2011-01-10 00:00:00,13.06,13199,United Kingdom
539438,21017,CHOCOLATE HOT WATER BOTTLE,3,2010-12-22 00:00:00,6.76,17004,Italy
539439,21012,PARTY BUNTING,1,2011-01-29 00:00:00,9.18,17399,United Kingdom
539439,21050,HEART OF WICKER SMALL,1,2010-12-05 00:00:00,13.06,18076,France
539440,21027,PARTY BUNTING,1,2010-12-30 00:00:00,9.18,12462,United Kingdom
539441,21041,HOME BUILDING BLOCK WORD,1,2010-12-21 00:00:00,9.22,15464,Sweden
539442,21024,CHILLI LIGHTS,2,2010-12-15 00:00:00,0.8,14624,United Kingdom
539442,21052,JUMBO BAG PINK POLKADOT,2,2010-12-02 00:00:00,8.11,14402,United Kingdom
539443,21030,FAIRY CAKE FLANNEL ASSORTED COLOUR,1,2010-12-11 00:00:00,4.91,14825,Belgium
539444,21045,PINK VINTAGE PAISLEY PICNIC BAG,8,2011-01-04 00:00:00,3.14,17144,United Kingdom
539445,21073,HEART OF WICKER SMALL,8,2010-12-22 00:00:00,13.06,17275,United Kingdom
C539446,21020,LOVE BUILDING BLOCK WORD,2,2010-12-13 00:00:00,10.77,13055,United Kingdom
539447,21012,WHITE HANGING HEART T-LIGHT HOLDER,2,2011-01-06 00:00:00,5.93,14241,Germany
539448,21098,STRAWBERRY CERAMIC TRINKET POT,1,2010-12-10 00:00:00,1.34,17946,United Kingdom
539449,21087,SET OF 3 MONOCHROME HEART MUGS,2,2010-12-05 00:00:00,3.16,13931,United Kingdom
539449,21081,LOVE BUILDING BLOCK WORD,2,2011-02-08 00:00:00,10.77,17881,United Kingdom
C539450,21029,HANGING METAL LANTERN,3,2010-12-10 00:00:00,12.57,17123,Switzerland
539450,21070,PINK VINTAGE PAISLEY PICNIC BAG,2,2011-01-30 00:00:00,3.14,16839,France
539451,21070,LUNCH BAG RED RETROSPOT,6,2011-01-06 00:00:00,2.76,16391,France
539452,21016,BLUE KALMIA CERAMIC MUG,1,2010-12-16 00:00:00,3.58,13709,United Kingdom
539453,21072,CHILLI LIGHTS,3,2010-12-24 00:00:00,0.8,14277,United Kingdom
539453,21083,REGENCY CAKESTAND 3 TIER,1,2010-12-13 00:00:00,14.29,16461,Switzerland
539454,21069,HANGING METAL LANTERN,1,2010-12-10 00:00:00,12.57,13341,United Kingdom
539454,21038,HANGING METAL LANTERN,2,2010-12-23 00:00:00,12.57,16992,Belgium
539455,21015,STRAWBERRY CERAMIC TRINKET POT,3,2010-12-30 00:00:00,1.34,13873,Italy
539456,21048,WHITE HANGING HEART T-LIGHT HOLDER,7,2010-12-03 00:00:00,5.93,16944,United Kingdom
539457,21083,PINK VINTAGE PAISLEY PICNIC BAG,1,2010-12-19 00:00:00,3.14,17661,Germany
539458,21076,HEART SHAPED DOUGHNUT,4,2010-12-17 00:00:00,14.56,17239,United Kingdom
539458,21013,HEART OF WICKER SMALL,2,2010-12-27 00:00:00,13.06,15090,Germany
539459,21091,PINK VINTAGE PAISLEY PICNIC BAG,4,2010-12-04 00:00:00,3.14,12908,United Kingdom
539459,21043,LUNCH BAG RED RETROSPOT,6,2010-12-05 00:00:00,2.76,15006,United Kingdom
539460,21007,SET OF 3 MONOCHROME HEART MUGS,1,2011-01-12 00:00:00,3.16,17561,United Kingdom
539461,21018,CHOCOLATE HOT WATER BOTTLE,6,2010-12-17 00:00:00,6.76,14546,United Kingdom
539462,21008,SET OF 3 MONOCHROME HEART MUGS,1,2010-12-05 00:00:00,3.16,16687,United Kingdom
539463,21002,LOVE BUILDING BLOCK WORD,5,2010-12-16 00:00:00,10.77,16042,Switzerland
539464,21071,LOVE BUILDING BLOCK WORD,1,2010-12-15 00:00:00,10.77,17402,Netherlands
539465,21096,JUMBO BAG RED RETROSPOT,2,2011-04-07 00:00:00,11.11,16759,United Kingdom
539465,21042,REGENCY CAKESTAND 3 TIER,7,2010-12-01 00:00:00,14.29,12410,United Kingdom
539466,21024,SET OF 3 MONOCHROME HEART MUGS,2,2010-12-08 00:00:00,3.16,13846,Italy
539466,21086,LUNCH BAG RED RETROSPOT,5,2011-01-10 00:00:00,2.76,13422,United Kingdom
539467,21060,WHITE HANGING HEART T-LIGHT HOLDER,2,2010-12-07 00:00:00,5.93,14079,France
539468,21071,JUMBO BAG RED RETROSPOT,7,2011-03-24 00:00:00,11.11,12462,France
539469,21052,JUMBO BAG RED RETROSPOT,3,2010-12-02 00:00:00,11.11,16710,United Kingdom
539470,21069,PARTY BUNTING,2,2010-12-18 00:00:00,9.18,13422,Spain
539470,21039,PINK VINTAGE PAISLEY PICNIC BAG,8,2011-01-12 00:00:00,3.14,16488,Germany
539471,21028,REGENCY CAKESTAND 3 TIER,1,2010-12-17 00:00:00,14.29,15322,Portugal
539471,21023,HEART SHAPED DOUGHNUT,2,2010-12-31 00:00:00,14.56,16042,United Kingdom
539472,21075,ASSORTED COLOUR BIRD ORNAMENT,3,2010-12-11 00:00:00,2.76,13361,United Kingdom
539473,21061,REGENCY CAKESTAND 3 TIER,1,2011-02-15 00:00:00,14.29,13512,France
539473,21033,PINK VINTAGE PAISLEY PICNIC BAG,2,2010-12-20 00:00:00,3.14,13358,United Kingdom
539473,21065,BLUE KALMIA CERAMIC MUG,4,2010-12-25 00:00:00,3.58,15265,United Kingdom
539473,21014,HANGING METAL LANTERN,3,2010-12-17 00:00:00,12.57,16982,Belgium
539473,21011,CHILLI LIGHTS,1,2011-02-28 00:00:00,0.8,17942,France
539473,21098,HOME BUILDING BLOCK WORD,8,2010-12-02 00:00:00,9.22,17578,United Kingdom
539474,21092,PARTY BUNTING,4,2010-12-14 00:00:00,9.18,14971,Italy
C539475,21087,REGENCY CAKESTAND 3 TIER,2,2011-01-06 00:00:00,14.29,14327,Portugal
539476,21064,CHILLI LIGHTS,4,2010-12-31 00:00:00,0.8,16779,United Kingdom
539477,21002,PARTY BUNTING,1,2010-12-08 00:00:00,9.18,15516,Sweden
539477,21093,HOME BUILDING BLOCK WORD,5,2010-12-13 00:00:00,9.22,16403,United Kingdom
539478,21041,PARTY BUNTING,1,2010-12-04 00:00:00,9.18,18261,France
539479,21040,ASSORTED COLOUR BIRD ORNAMENT,3,2010-12-31 00:00:00,2.76,16957,Germany
539480,21006,JUMBO BAG PINK POLKADOT,1,2011-01-01 00:00:00,8.11,15079,United Kingdom
539480,21090,PARTY BUNTING,6,2010-12-13 00:00:00,9.18,12444,France
539481,21021,CHOCOLATE HOT WATER BOTTLE,1,2011-02-15 00:00:00,6.76,15928,United Kingdom
539482,21010,HOME BUILDING BLOCK WORD,2,2011-01-28 00:00:00,9.22,16360,United Kingdom
539483,21004,HOME BUILDING BLOCK WORD,4,2010-12-06 00:00:00,9.22,14408,United Kingdom
539484,21062,HEART SHAPED DOUGHNUT,2,2011-01-01 00:00:00,14.56,15247,United Kingdom
539484,21075,BLUE KALMIA CERAMIC MUG,4,2010-12-19 00:00:00,3.58,15136,United Kingdom
C539484,21053,CHILLI LIGHTS,3,2010-12-13 00:00:00,0.8,14068,Belgium
539485,21043,HEART OF WICKER SMALL,7,2010-12-07 00:00:00,13.06,13150,United Kingdom
539486,21081,RETROSPOT TEA SET CERAMIC 11 PC,4,2011-01-22 00:00:00,4.72,16436,France
539487,21058,WHITE HANGING HEART T-LIGHT HOLDER,2,2011-01-06 00:00:00,5.93,12946,Portugal
539488,21013,WHITE HANGING HEART T-LIGHT HOLDER,3,2010-12-11 00:00:00,5.93,13428,Netherlands
539488,21085,REGENCY CAKESTAND 3 TIER,4,2010-12-18 00:00:00,14.29,17004,United Kingdom
539489,21093,HOME BUILDING BLOCK WORD,2,2011-01-21 00:00:00,9.22,13337,United Kingdom
539490,21056,CHOCOLATE HOT WATER BOTTLE,5,2010-12-26 00:00:00,6.76,13841,United Kingdom
539491,21099,HEART OF WICKER SMALL,2,2010-12-09 00:00:00,13.06,15792,United Kingdom
539492,21059,FAIRY CAKE FLANNEL ASSORTED COLOUR,3,2010-12-23 00:00:00,4.91,15450,Portugal
539493,21056,HEART SHAPED DOUGHNUT,4,2010-12-29 00:00:00,14.56,15856,United Kingdom
539494,21030,PINK VINTAGE PAISLEY PICNIC BAG,11,2010-12-19 00:00:00,3.14,15215,United Kingdom
539494,21062,HANGING METAL LANTERN,1,2011-01-03 00:00:00,12.57,17277,United Kingdom
539495,21099,HEART OF WICKER SMALL,8,2010-12-28 00:00:00,13.06,18223,Netherlands
539496,21034,STRAWBERRY CERAMIC TRINKET POT,8,2010-12-19 00:00:00,1.34,15548,United Kingdom
539497,21086,HEART SHAPED DOUGHNUT,1,2010-12-15 00:00:00,14.56,15234,United Kingdom
539498,21084,RETROSPOT TEA SET CERAMIC 11 PC,1,2010-12-09 00:00:00,4.72,16443,Sweden
539499,21041,STRAWBERRY CERAMIC TRINKET POT,1,2011-01-08 00:00:00,1.34,13496,United Kingdom
539500,21099,HEART OF WICKER SMALL,3,2010-12-05 00:00:00,13.06,18021,Sweden
539500,21039,HEART OF WICKER SMALL,1,2011-01-06 00:00:00,13.06,14971,Spain
539501,21007,WHITE HANGING HEART T-LIGHT HOLDER,1,2010-12-12 00:00:00,5.93,12992,United Kingdom
539502,21014,REGENCY CAKESTAND 3 TIER,3,2011-01-03 00:00:00,14.29,17699,Spain
539503,21083,JUMBO BAG PINK POLKADOT,17,2011-01-01 00:00:00,8.11,14904,United Kingdom
539504,21013,JUMBO BAG RED RETROSPOT,3,2011-01-25 00:00:00,11.11,15433,Portugal
539505,21013,JUMBO BAG RED RETROSPOT,3,2011-04-18 00:00:00,11.11,17976,France
539506,21074,BLUE KALMIA CERAMIC MUG,3,2011-02-02 00:00:00,3.58,14673,Sweden
539507,21084,FAIRY CAKE FLANNEL ASSORTED COLOUR,1,2010-12-04 00:00:00,4.91,15075,United Kingdom
539507,21069,SET OF 3 MONOCHROME HEART MUGS,9,2010-12-11 00:00:00,3.16,16842,United Kingdom
539507,21087,LOVE BUILDING BLOCK WORD,3,2011-02-07 00:00:00,10.77,16894,United Kingdom
539507,21011,RETROSPOT TEA SET CERAMIC 11 PC,8,2010-12-24 00:00:00,4.72,15803,Sweden
539508,21062,BLUE KALMIA CERAMIC MUG,1,2010-12-28 00:00:00,3.58,14042,United Kingdom
539509,21092,HANGING METAL LANTERN,1,2010-12-25 00:00:00,12.57,16710,Sweden
539510,21002,PINK VINTAGE PAISLEY PICNIC BAG,7,2011-01-18 00:00:00,3.14,13791,United Kingdom
539511,21057,CHOCOLATE HOT WATER BOTTLE,1,2011-02-21 00:00:00,6.76,14800,Spain
539512,21052,HEART SHAPED DOUGHNUT,4,2010-12-11 00:00:00,14.56,14189,Switzerland
539513,21013,REGENCY CAKESTAND 3 TIER,1,2011-02-19 00:00:00,14.29,12444,United Kingdom
539513,21006,JUMBO BAG RED RETROSPOT,7,2010-12-28 00:00:00,11.11,12571,United Kingdom
539514,21087,HOME BUILDING BLOCK WORD,1,2010-12-21 00:00:00,9.22,14103,United Kingdom
539515,21018,FAIRY CAKE FLANNEL ASSORTED COLOUR,1,2010-12-04 00:00:00,4.91,17594,United Kingdom
539515,21005,PINK VINTAGE PAISLEY PICNIC BAG,3,2010-12-01 00:00:00,3.14,15081,United Kingdom
539515,21007,ASSORTED COLOUR BIRD ORNAMENT,5,2010-12-01 00:00:00,2.76,17004,United Kingdom
539515,21026,REGENCY CAKESTAND 3 TIER,2,2010-12-14 00:00:00,14.29,17205,Spain
539516,21077,PARTY BUNTING,2,2011-01-11 00:00:00,9.18,17123,Italy
539517,21005,JUMBO BAG PINK POLKADOT,10,2011-01-01 00:00:00,8.11,15265,United Kingdom
539518,21089,FAIRY CAKE FLANNEL ASSORTED COLOUR,1,2011-01-20 00:00:00,4.91,12905,United Kingdom
539519,21009,ASSORTED COLOUR BIRD ORNAMENT,10,2010-12-10 00:00:00,2.76,13846,Spain
539519,21042,HEART OF WICKER SMALL,1,2011-01-19 00:00:00,13.06,12546,United Kingdom
539520,21032,BLUE KALMIA CERAMIC MUG,2,2011-01-08 00:00:00,3.58,18103,United Kingdom
539520,21025,ASSORTED COLOUR BIRD ORNAMENT,2,2010-12-12 00:00:00,2.76,12838,United Kingdom
539521,21043,HEART SHAPED DOUGHNUT,3,2011-01-18 00:00:00,14.56,14187,Italy
539521,21010,PINK VINTAGE PAISLEY PICNIC BAG,2,2011-03-10 00:00:00,3.14,16628,Sweden
539521,21050,BLUE KALMIA CERAMIC MUG,1,2010-12-09 00:00:00,3.58,17927,United Kingdom
539522,21083,ASSORTED COLOUR BIRD ORNAMENT,4,2010-12-07 00:00:00,2.76,15521,United Kingdom
539523,21009,CHOCOLATE HOT WATER BOTTLE,2,2010-12-19 00:00:00,6.76,17237,United Kingdom
